ISO-10303-21;
HEADER;
FILE_DESCRIPTION(('Open CASCADE Model'),'2;1');
FILE_NAME('Open CASCADE Shape Model','2026-08-24T01:45:31',('Author'),(
    'Open CASCADE'),'Open CASCADE STEP processor 7.9','build123d',
  'Unknown');
FILE_SCHEMA(('AUTOMOTIVE_DESIGN { 1 0 10303 214 1 1 1 1 }'));
ENDSEC;
DATA;
#1 = APPLICATION_PROTOCOL_DEFINITION('international standard',
  'automotive_design',2000,#2);
#2 = APPLICATION_CONTEXT(
  'core data for automotive mechanical design processes');
#3 = SHAPE_DEFINITION_REPRESENTATION(#4,#10);
#4 = PRODUCT_DEFINITION_SHAPE('','',#5);
#5 = PRODUCT_DEFINITION('design','',#6,#9);
#6 = PRODUCT_DEFINITION_FORMATION('','',#7);
#7 = PRODUCT('COMPOUND','COMPOUND','',(#8));
#8 = PRODUCT_CONTEXT('',#2,'mechanical');
#9 = PRODUCT_DEFINITION_CONTEXT('part definition',#2,'design');
#10 = ADVANCED_BREP_SHAPE_REPRESENTATION('',(#11,#15),#13070);
#11 = AXIS2_PLACEMENT_3D('',#12,#13,#14);
#12 = CARTESIAN_POINT('',(0.,0.,0.));
#13 = DIRECTION('',(0.,0.,1.));
#14 = DIRECTION('',(1.,0.,-0.));
#15 = MANIFOLD_SOLID_BREP('',#16);
#16 = CLOSED_SHELL('',(#17,#137,#215,#293,#1973,#2978,#3005,#3032,#3059,
    #3086,#3166,#3216,#3288,#3336,#3384,#3409,#3464,#3519,#3592,#3637,
    #3684,#3712,#3767,#3822,#3872,#3948,#4002,#4056,#4103,#4180,#4229,
    #4325,#4375,#4423,#4499,#4569,#4665,#4745,#4793,#4842,#4912,#4966,
    #5047,#5096,#5145,#5199,#5253,#5302,#5351,#5383,#5433,#5460,#5510,
    #5537,#5564,#5638,#5686,#5736,#5783,#5830,#5884,#5932,#5957,#6007,
    #6061,#6110,#6159,#6209,#6263,#6312,#6359,#6409,#6436,#6463,#6518,
    #6573,#6628,#6683,#6710,#6779,#6833,#6887,#6934,#6981,#7035,#7089,
    #7114,#7141,#7168,#7182,#7189,#7224,#7259,#7266,#7301,#7336,#7350,
    #7376,#7401,#7408,#7434,#7459,#7466,#7487,#7498,#7608,#7926,#8840,
    #9080,#9135,#9190,#9245,#9300,#9374,#9421,#9468,#9493,#9565,#9612,
    #9659,#9704,#9751,#9798,#9843,#9890,#9937,#9982,#10029,#10054,#10128
    ,#10175,#10222,#10269,#10316,#10363,#10410,#10457,#10504,#10551,
    #10598,#10623,#10741,#10811,#10881,#10951,#11021,#11091,#11161,
    #11231,#11301,#11371,#11431,#11503,#11550,#11595,#11642,#11689,
    #11734,#11781,#11828,#11853,#11857,#11861,#11865,#11869,#11876,
    #11891,#11906,#12396,#12408,#12517,#12587,#12657,#12733,#12794,
    #12864,#12934,#13004,#13058));
#17 = ADVANCED_FACE('',(#18),#32,.T.);
#18 = FACE_BOUND('',#19,.T.);
#19 = EDGE_LOOP('',(#20,#55,#83,#111));
#20 = ORIENTED_EDGE('',*,*,#21,.T.);
#21 = EDGE_CURVE('',#22,#24,#26,.T.);
#22 = VERTEX_POINT('',#23);
#23 = CARTESIAN_POINT('',(-2.6,-73.,11.51));
#24 = VERTEX_POINT('',#25);
#25 = CARTESIAN_POINT('',(-2.6,-73.,14.01));
#26 = SURFACE_CURVE('',#27,(#31,#43),.PCURVE_S1.);
#27 = LINE('',#28,#29);
#28 = CARTESIAN_POINT('',(-2.6,-73.,11.51));
#29 = VECTOR('',#30,1.);
#30 = DIRECTION('',(0.,0.,1.));
#31 = PCURVE('',#32,#37);
#32 = PLANE('',#33);
#33 = AXIS2_PLACEMENT_3D('',#34,#35,#36);
#34 = CARTESIAN_POINT('',(-2.6,-73.,11.51));
#35 = DIRECTION('',(-1.,0.,0.));
#36 = DIRECTION('',(0.,1.,0.));
#37 = DEFINITIONAL_REPRESENTATION('',(#38),#42);
#38 = LINE('',#39,#40);
#39 = CARTESIAN_POINT('',(0.,0.));
#40 = VECTOR('',#41,1.);
#41 = DIRECTION('',(0.,-1.));
#42 = ( GEOMETRIC_REPRESENTATION_CONTEXT(2) 
PARAMETRIC_REPRESENTATION_CONTEXT() REPRESENTATION_CONTEXT('2D SPACE',''
  ) );
#43 = PCURVE('',#44,#49);
#44 = CYLINDRICAL_SURFACE('',#45,3.);
#45 = AXIS2_PLACEMENT_3D('',#46,#47,#48);
#46 = CARTESIAN_POINT('',(0.4,-73.,11.51));
#47 = DIRECTION('',(-0.,-0.,-1.));
#48 = DIRECTION('',(1.,0.,0.));
#49 = DEFINITIONAL_REPRESENTATION('',(#50),#54);
#50 = LINE('',#51,#52);
#51 = CARTESIAN_POINT('',(-3.14159265359,0.));
#52 = VECTOR('',#53,1.);
#53 = DIRECTION('',(-0.,-1.));
#54 = ( GEOMETRIC_REPRESENTATION_CONTEXT(2) 
PARAMETRIC_REPRESENTATION_CONTEXT() REPRESENTATION_CONTEXT('2D SPACE',''
  ) );
#55 = ORIENTED_EDGE('',*,*,#56,.T.);
#56 = EDGE_CURVE('',#24,#57,#59,.T.);
#57 = VERTEX_POINT('',#58);
#58 = CARTESIAN_POINT('',(-2.6,6.999999985028,14.01));
#59 = SURFACE_CURVE('',#60,(#64,#71),.PCURVE_S1.);
#60 = LINE('',#61,#62);
#61 = CARTESIAN_POINT('',(-2.6,-32.99999999999,14.01));
#62 = VECTOR('',#63,1.);
#63 = DIRECTION('',(0.,1.,0.));
#64 = PCURVE('',#32,#65);
#65 = DEFINITIONAL_REPRESENTATION('',(#66),#70);
#66 = LINE('',#67,#68);
#67 = CARTESIAN_POINT('',(40.000000000006,-2.5));
#68 = VECTOR('',#69,1.);
#69 = DIRECTION('',(1.,0.));
#70 = ( GEOMETRIC_REPRESENTATION_CONTEXT(2) 
PARAMETRIC_REPRESENTATION_CONTEXT() REPRESENTATION_CONTEXT('2D SPACE',''
  ) );
#71 = PCURVE('',#72,#77);
#72 = PLANE('',#73);
#73 = AXIS2_PLACEMENT_3D('',#74,#75,#76);
#74 = CARTESIAN_POINT('',(58.7,-33.00000000324,14.01));
#75 = DIRECTION('',(0.,0.,1.));
#76 = DIRECTION('',(1.,0.,-0.));
#77 = DEFINITIONAL_REPRESENTATION('',(#78),#82);
#78 = LINE('',#79,#80);
#79 = CARTESIAN_POINT('',(-61.3,3.249137332122E-09));
#80 = VECTOR('',#81,1.);
#81 = DIRECTION('',(0.,1.));
#82 = ( GEOMETRIC_REPRESENTATION_CONTEXT(2) 
PARAMETRIC_REPRESENTATION_CONTEXT() REPRESENTATION_CONTEXT('2D SPACE',''
  ) );
#83 = ORIENTED_EDGE('',*,*,#84,.F.);
#84 = EDGE_CURVE('',#85,#57,#87,.T.);
#85 = VERTEX_POINT('',#86);
#86 = CARTESIAN_POINT('',(-2.6,6.999999985028,11.51));
#87 = SURFACE_CURVE('',#88,(#92,#99),.PCURVE_S1.);
#88 = LINE('',#89,#90);
#89 = CARTESIAN_POINT('',(-2.6,6.999999985028,11.51));
#90 = VECTOR('',#91,1.);
#91 = DIRECTION('',(0.,0.,1.));
#92 = PCURVE('',#32,#93);
#93 = DEFINITIONAL_REPRESENTATION('',(#94),#98);
#94 = LINE('',#95,#96);
#95 = CARTESIAN_POINT('',(79.999999985031,0.));
#96 = VECTOR('',#97,1.);
#97 = DIRECTION('',(0.,-1.));
#98 = ( GEOMETRIC_REPRESENTATION_CONTEXT(2) 
PARAMETRIC_REPRESENTATION_CONTEXT() REPRESENTATION_CONTEXT('2D SPACE',''
  ) );
#99 = PCURVE('',#100,#105);
#100 = CYLINDRICAL_SURFACE('',#101,3.);
#101 = AXIS2_PLACEMENT_3D('',#102,#103,#104);
#102 = CARTESIAN_POINT('',(0.4,6.999999985028,11.51));
#103 = DIRECTION('',(-0.,-0.,-1.));
#104 = DIRECTION('',(1.,0.,0.));
#105 = DEFINITIONAL_REPRESENTATION('',(#106),#110);
#106 = LINE('',#107,#108);
#107 = CARTESIAN_POINT('',(-3.14159265359,0.));
#108 = VECTOR('',#109,1.);
#109 = DIRECTION('',(-0.,-1.));
#110 = ( GEOMETRIC_REPRESENTATION_CONTEXT(2) 
PARAMETRIC_REPRESENTATION_CONTEXT() REPRESENTATION_CONTEXT('2D SPACE',''
  ) );
#111 = ORIENTED_EDGE('',*,*,#112,.F.);
#112 = EDGE_CURVE('',#22,#85,#113,.T.);
#113 = SURFACE_CURVE('',#114,(#118,#125),.PCURVE_S1.);
#114 = LINE('',#115,#116);
#115 = CARTESIAN_POINT('',(-2.6,-32.99999999999,11.51));
#116 = VECTOR('',#117,1.);
#117 = DIRECTION('',(0.,1.,0.));
#118 = PCURVE('',#32,#119);
#119 = DEFINITIONAL_REPRESENTATION('',(#120),#124);
#120 = LINE('',#121,#122);
#121 = CARTESIAN_POINT('',(40.000000000006,0.));
#122 = VECTOR('',#123,1.);
#123 = DIRECTION('',(1.,0.));
#124 = ( GEOMETRIC_REPRESENTATION_CONTEXT(2) 
PARAMETRIC_REPRESENTATION_CONTEXT() REPRESENTATION_CONTEXT('2D SPACE',''
  ) );
#125 = PCURVE('',#126,#131);
#126 = PLANE('',#127);
#127 = AXIS2_PLACEMENT_3D('',#128,#129,#130);
#128 = CARTESIAN_POINT('',(58.7,-33.00000000324,11.51));
#129 = DIRECTION('',(0.,0.,1.));
#130 = DIRECTION('',(1.,0.,-0.));
#131 = DEFINITIONAL_REPRESENTATION('',(#132),#136);
#132 = LINE('',#133,#134);
#133 = CARTESIAN_POINT('',(-61.3,3.249134294947E-09));
#134 = VECTOR('',#135,1.);
#135 = DIRECTION('',(0.,1.));
#136 = ( GEOMETRIC_REPRESENTATION_CONTEXT(2) 
PARAMETRIC_REPRESENTATION_CONTEXT() REPRESENTATION_CONTEXT('2D SPACE',''
  ) );
#137 = ADVANCED_FACE('',(#138),#44,.T.);
#138 = FACE_BOUND('',#139,.F.);
#139 = EDGE_LOOP('',(#140,#141,#165,#193));
#140 = ORIENTED_EDGE('',*,*,#21,.T.);
#141 = ORIENTED_EDGE('',*,*,#142,.T.);
#142 = EDGE_CURVE('',#24,#143,#145,.T.);
#143 = VERTEX_POINT('',#144);
#144 = CARTESIAN_POINT('',(0.4,-76.,14.01));
#145 = SURFACE_CURVE('',#146,(#151,#158),.PCURVE_S1.);
#146 = CIRCLE('',#147,3.);
#147 = AXIS2_PLACEMENT_3D('',#148,#149,#150);
#148 = CARTESIAN_POINT('',(0.4,-73.,14.01));
#149 = DIRECTION('',(0.,0.,1.));
#150 = DIRECTION('',(1.,0.,0.));
#151 = PCURVE('',#44,#152);
#152 = DEFINITIONAL_REPRESENTATION('',(#153),#157);
#153 = LINE('',#154,#155);
#154 = CARTESIAN_POINT('',(-0.,-2.5));
#155 = VECTOR('',#156,1.);
#156 = DIRECTION('',(-1.,0.));
#157 = ( GEOMETRIC_REPRESENTATION_CONTEXT(2) 
PARAMETRIC_REPRESENTATION_CONTEXT() REPRESENTATION_CONTEXT('2D SPACE',''
  ) );
#158 = PCURVE('',#72,#159);
#159 = DEFINITIONAL_REPRESENTATION('',(#160),#164);
#160 = CIRCLE('',#161,3.);
#161 = AXIS2_PLACEMENT_2D('',#162,#163);
#162 = CARTESIAN_POINT('',(-58.3,-39.99999999675));
#163 = DIRECTION('',(1.,0.));
#164 = ( GEOMETRIC_REPRESENTATION_CONTEXT(2) 
PARAMETRIC_REPRESENTATION_CONTEXT() REPRESENTATION_CONTEXT('2D SPACE',''
  ) );
#165 = ORIENTED_EDGE('',*,*,#166,.F.);
#166 = EDGE_CURVE('',#167,#143,#169,.T.);
#167 = VERTEX_POINT('',#168);
#168 = CARTESIAN_POINT('',(0.4,-76.,11.51));
#169 = SURFACE_CURVE('',#170,(#174,#181),.PCURVE_S1.);
#170 = LINE('',#171,#172);
#171 = CARTESIAN_POINT('',(0.4,-76.,11.51));
#172 = VECTOR('',#173,1.);
#173 = DIRECTION('',(0.,0.,1.));
#174 = PCURVE('',#44,#175);
#175 = DEFINITIONAL_REPRESENTATION('',(#176),#180);
#176 = LINE('',#177,#178);
#177 = CARTESIAN_POINT('',(-4.712388980385,0.));
#178 = VECTOR('',#179,1.);
#179 = DIRECTION('',(-0.,-1.));
#180 = ( GEOMETRIC_REPRESENTATION_CONTEXT(2) 
PARAMETRIC_REPRESENTATION_CONTEXT() REPRESENTATION_CONTEXT('2D SPACE',''
  ) );
#181 = PCURVE('',#182,#187);
#182 = PLANE('',#183);
#183 = AXIS2_PLACEMENT_3D('',#184,#185,#186);
#184 = CARTESIAN_POINT('',(0.4,-75.99999999999,11.51));
#185 = DIRECTION('',(0.,1.,0.));
#186 = DIRECTION('',(1.,0.,0.));
#187 = DEFINITIONAL_REPRESENTATION('',(#188),#192);
#188 = LINE('',#189,#190);
#189 = CARTESIAN_POINT('',(0.,0.));
#190 = VECTOR('',#191,1.);
#191 = DIRECTION('',(0.,-1.));
#192 = ( GEOMETRIC_REPRESENTATION_CONTEXT(2) 
PARAMETRIC_REPRESENTATION_CONTEXT() REPRESENTATION_CONTEXT('2D SPACE',''
  ) );
#193 = ORIENTED_EDGE('',*,*,#194,.F.);
#194 = EDGE_CURVE('',#22,#167,#195,.T.);
#195 = SURFACE_CURVE('',#196,(#201,#208),.PCURVE_S1.);
#196 = CIRCLE('',#197,3.);
#197 = AXIS2_PLACEMENT_3D('',#198,#199,#200);
#198 = CARTESIAN_POINT('',(0.4,-73.,11.51));
#199 = DIRECTION('',(0.,0.,1.));
#200 = DIRECTION('',(1.,0.,0.));
#201 = PCURVE('',#44,#202);
#202 = DEFINITIONAL_REPRESENTATION('',(#203),#207);
#203 = LINE('',#204,#205);
#204 = CARTESIAN_POINT('',(-0.,0.));
#205 = VECTOR('',#206,1.);
#206 = DIRECTION('',(-1.,0.));
#207 = ( GEOMETRIC_REPRESENTATION_CONTEXT(2) 
PARAMETRIC_REPRESENTATION_CONTEXT() REPRESENTATION_CONTEXT('2D SPACE',''
  ) );
#208 = PCURVE('',#126,#209);
#209 = DEFINITIONAL_REPRESENTATION('',(#210),#214);
#210 = CIRCLE('',#211,3.);
#211 = AXIS2_PLACEMENT_2D('',#212,#213);
#212 = CARTESIAN_POINT('',(-58.3,-39.99999999675));
#213 = DIRECTION('',(1.,0.));
#214 = ( GEOMETRIC_REPRESENTATION_CONTEXT(2) 
PARAMETRIC_REPRESENTATION_CONTEXT() REPRESENTATION_CONTEXT('2D SPACE',''
  ) );
#215 = ADVANCED_FACE('',(#216),#100,.T.);
#216 = FACE_BOUND('',#217,.F.);
#217 = EDGE_LOOP('',(#218,#248,#270,#271));
#218 = ORIENTED_EDGE('',*,*,#219,.T.);
#219 = EDGE_CURVE('',#220,#222,#224,.T.);
#220 = VERTEX_POINT('',#221);
#221 = CARTESIAN_POINT('',(0.4,9.999999992516,11.51));
#222 = VERTEX_POINT('',#223);
#223 = CARTESIAN_POINT('',(0.4,9.999999992516,14.01));
#224 = SURFACE_CURVE('',#225,(#229,#236),.PCURVE_S1.);
#225 = LINE('',#226,#227);
#226 = CARTESIAN_POINT('',(0.4,9.999999992516,11.51));
#227 = VECTOR('',#228,1.);
#228 = DIRECTION('',(0.,0.,1.));
#229 = PCURVE('',#100,#230);
#230 = DEFINITIONAL_REPRESENTATION('',(#231),#235);
#231 = LINE('',#232,#233);
#232 = CARTESIAN_POINT('',(-1.570796326795,0.));
#233 = VECTOR('',#234,1.);
#234 = DIRECTION('',(-0.,-1.));
#235 = ( GEOMETRIC_REPRESENTATION_CONTEXT(2) 
PARAMETRIC_REPRESENTATION_CONTEXT() REPRESENTATION_CONTEXT('2D SPACE',''
  ) );
#236 = PCURVE('',#237,#242);
#237 = PLANE('',#238);
#238 = AXIS2_PLACEMENT_3D('',#239,#240,#241);
#239 = CARTESIAN_POINT('',(0.4,10.000000000003,11.51));
#240 = DIRECTION('',(0.,1.,0.));
#241 = DIRECTION('',(1.,0.,0.));
#242 = DEFINITIONAL_REPRESENTATION('',(#243),#247);
#243 = LINE('',#244,#245);
#244 = CARTESIAN_POINT('',(0.,0.));
#245 = VECTOR('',#246,1.);
#246 = DIRECTION('',(0.,-1.));
#247 = ( GEOMETRIC_REPRESENTATION_CONTEXT(2) 
PARAMETRIC_REPRESENTATION_CONTEXT() REPRESENTATION_CONTEXT('2D SPACE',''
  ) );
#248 = ORIENTED_EDGE('',*,*,#249,.T.);
#249 = EDGE_CURVE('',#222,#57,#250,.T.);
#250 = SURFACE_CURVE('',#251,(#256,#263),.PCURVE_S1.);
#251 = CIRCLE('',#252,3.);
#252 = AXIS2_PLACEMENT_3D('',#253,#254,#255);
#253 = CARTESIAN_POINT('',(0.4,6.999999985028,14.01));
#254 = DIRECTION('',(0.,0.,1.));
#255 = DIRECTION('',(1.,0.,0.));
#256 = PCURVE('',#100,#257);
#257 = DEFINITIONAL_REPRESENTATION('',(#258),#262);
#258 = LINE('',#259,#260);
#259 = CARTESIAN_POINT('',(-0.,-2.5));
#260 = VECTOR('',#261,1.);
#261 = DIRECTION('',(-1.,0.));
#262 = ( GEOMETRIC_REPRESENTATION_CONTEXT(2) 
PARAMETRIC_REPRESENTATION_CONTEXT() REPRESENTATION_CONTEXT('2D SPACE',''
  ) );
#263 = PCURVE('',#72,#264);
#264 = DEFINITIONAL_REPRESENTATION('',(#265),#269);
#265 = CIRCLE('',#266,3.);
#266 = AXIS2_PLACEMENT_2D('',#267,#268);
#267 = CARTESIAN_POINT('',(-58.3,39.999999988274));
#268 = DIRECTION('',(1.,0.));
#269 = ( GEOMETRIC_REPRESENTATION_CONTEXT(2) 
PARAMETRIC_REPRESENTATION_CONTEXT() REPRESENTATION_CONTEXT('2D SPACE',''
  ) );
#270 = ORIENTED_EDGE('',*,*,#84,.F.);
#271 = ORIENTED_EDGE('',*,*,#272,.F.);
#272 = EDGE_CURVE('',#220,#85,#273,.T.);
#273 = SURFACE_CURVE('',#274,(#279,#286),.PCURVE_S1.);
#274 = CIRCLE('',#275,3.);
#275 = AXIS2_PLACEMENT_3D('',#276,#277,#278);
#276 = CARTESIAN_POINT('',(0.4,6.999999985028,11.51));
#277 = DIRECTION('',(0.,0.,1.));
#278 = DIRECTION('',(1.,0.,0.));
#279 = PCURVE('',#100,#280);
#280 = DEFINITIONAL_REPRESENTATION('',(#281),#285);
#281 = LINE('',#282,#283);
#282 = CARTESIAN_POINT('',(-0.,0.));
#283 = VECTOR('',#284,1.);
#284 = DIRECTION('',(-1.,0.));
#285 = ( GEOMETRIC_REPRESENTATION_CONTEXT(2) 
PARAMETRIC_REPRESENTATION_CONTEXT() REPRESENTATION_CONTEXT('2D SPACE',''
  ) );
#286 = PCURVE('',#126,#287);
#287 = DEFINITIONAL_REPRESENTATION('',(#288),#292);
#288 = CIRCLE('',#289,3.);
#289 = AXIS2_PLACEMENT_2D('',#290,#291);
#290 = CARTESIAN_POINT('',(-58.3,39.999999988274));
#291 = DIRECTION('',(1.,0.));
#292 = ( GEOMETRIC_REPRESENTATION_CONTEXT(2) 
PARAMETRIC_REPRESENTATION_CONTEXT() REPRESENTATION_CONTEXT('2D SPACE',''
  ) );
#293 = ADVANCED_FACE('',(#294,#429,#460,#575,#606,#637,#752,#783,#814,
    #845,#1340,#1586,#1617,#1648,#1679,#1710,#1741),#126,.F.);
#294 = FACE_BOUND('',#295,.F.);
#295 = EDGE_LOOP('',(#296,#297,#298,#321,#350,#378,#407,#428));
#296 = ORIENTED_EDGE('',*,*,#112,.F.);
#297 = ORIENTED_EDGE('',*,*,#194,.T.);
#298 = ORIENTED_EDGE('',*,*,#299,.T.);
#299 = EDGE_CURVE('',#167,#300,#302,.T.);
#300 = VERTEX_POINT('',#301);
#301 = CARTESIAN_POINT('',(117.,-76.,11.51));
#302 = SURFACE_CURVE('',#303,(#307,#314),.PCURVE_S1.);
#303 = LINE('',#304,#305);
#304 = CARTESIAN_POINT('',(58.7,-75.99999999999,11.51));
#305 = VECTOR('',#306,1.);
#306 = DIRECTION('',(1.,0.,0.));
#307 = PCURVE('',#126,#308);
#308 = DEFINITIONAL_REPRESENTATION('',(#309),#313);
#309 = LINE('',#310,#311);
#310 = CARTESIAN_POINT('',(0.,-42.99999999675));
#311 = VECTOR('',#312,1.);
#312 = DIRECTION('',(1.,0.));
#313 = ( GEOMETRIC_REPRESENTATION_CONTEXT(2) 
PARAMETRIC_REPRESENTATION_CONTEXT() REPRESENTATION_CONTEXT('2D SPACE',''
  ) );
#314 = PCURVE('',#182,#315);
#315 = DEFINITIONAL_REPRESENTATION('',(#316),#320);
#316 = LINE('',#317,#318);
#317 = CARTESIAN_POINT('',(58.3,0.));
#318 = VECTOR('',#319,1.);
#319 = DIRECTION('',(1.,0.));
#320 = ( GEOMETRIC_REPRESENTATION_CONTEXT(2) 
PARAMETRIC_REPRESENTATION_CONTEXT() REPRESENTATION_CONTEXT('2D SPACE',''
  ) );
#321 = ORIENTED_EDGE('',*,*,#322,.T.);
#322 = EDGE_CURVE('',#300,#323,#325,.T.);
#323 = VERTEX_POINT('',#324);
#324 = CARTESIAN_POINT('',(120.,-73.,11.51));
#325 = SURFACE_CURVE('',#326,(#331,#338),.PCURVE_S1.);
#326 = CIRCLE('',#327,3.);
#327 = AXIS2_PLACEMENT_3D('',#328,#329,#330);
#328 = CARTESIAN_POINT('',(117.,-73.,11.51));
#329 = DIRECTION('',(0.,0.,1.));
#330 = DIRECTION('',(1.,0.,0.));
#331 = PCURVE('',#126,#332);
#332 = DEFINITIONAL_REPRESENTATION('',(#333),#337);
#333 = CIRCLE('',#334,3.);
#334 = AXIS2_PLACEMENT_2D('',#335,#336);
#335 = CARTESIAN_POINT('',(58.3,-39.99999999675));
#336 = DIRECTION('',(1.,0.));
#337 = ( GEOMETRIC_REPRESENTATION_CONTEXT(2) 
PARAMETRIC_REPRESENTATION_CONTEXT() REPRESENTATION_CONTEXT('2D SPACE',''
  ) );
#338 = PCURVE('',#339,#344);
#339 = CYLINDRICAL_SURFACE('',#340,3.);
#340 = AXIS2_PLACEMENT_3D('',#341,#342,#343);
#341 = CARTESIAN_POINT('',(117.,-73.,11.51));
#342 = DIRECTION('',(-0.,-0.,-1.));
#343 = DIRECTION('',(1.,0.,0.));
#344 = DEFINITIONAL_REPRESENTATION('',(#345),#349);
#345 = LINE('',#346,#347);
#346 = CARTESIAN_POINT('',(-0.,0.));
#347 = VECTOR('',#348,1.);
#348 = DIRECTION('',(-1.,0.));
#349 = ( GEOMETRIC_REPRESENTATION_CONTEXT(2) 
PARAMETRIC_REPRESENTATION_CONTEXT() REPRESENTATION_CONTEXT('2D SPACE',''
  ) );
#350 = ORIENTED_EDGE('',*,*,#351,.F.);
#351 = EDGE_CURVE('',#352,#323,#354,.T.);
#352 = VERTEX_POINT('',#353);
#353 = CARTESIAN_POINT('',(120.,6.999999985028,11.51));
#354 = SURFACE_CURVE('',#355,(#359,#366),.PCURVE_S1.);
#355 = LINE('',#356,#357);
#356 = CARTESIAN_POINT('',(120.,6.999999985028,11.51));
#357 = VECTOR('',#358,1.);
#358 = DIRECTION('',(0.,-1.,0.));
#359 = PCURVE('',#126,#360);
#360 = DEFINITIONAL_REPRESENTATION('',(#361),#365);
#361 = LINE('',#362,#363);
#362 = CARTESIAN_POINT('',(61.3,39.999999988274));
#363 = VECTOR('',#364,1.);
#364 = DIRECTION('',(0.,-1.));
#365 = ( GEOMETRIC_REPRESENTATION_CONTEXT(2) 
PARAMETRIC_REPRESENTATION_CONTEXT() REPRESENTATION_CONTEXT('2D SPACE',''
  ) );
#366 = PCURVE('',#367,#372);
#367 = PLANE('',#368);
#368 = AXIS2_PLACEMENT_3D('',#369,#370,#371);
#369 = CARTESIAN_POINT('',(120.,-73.,11.51));
#370 = DIRECTION('',(-1.,0.,0.));
#371 = DIRECTION('',(0.,1.,0.));
#372 = DEFINITIONAL_REPRESENTATION('',(#373),#377);
#373 = LINE('',#374,#375);
#374 = CARTESIAN_POINT('',(79.999999985031,0.));
#375 = VECTOR('',#376,1.);
#376 = DIRECTION('',(-1.,0.));
#377 = ( GEOMETRIC_REPRESENTATION_CONTEXT(2) 
PARAMETRIC_REPRESENTATION_CONTEXT() REPRESENTATION_CONTEXT('2D SPACE',''
  ) );
#378 = ORIENTED_EDGE('',*,*,#379,.T.);
#379 = EDGE_CURVE('',#352,#380,#382,.T.);
#380 = VERTEX_POINT('',#381);
#381 = CARTESIAN_POINT('',(117.,9.999999992516,11.51));
#382 = SURFACE_CURVE('',#383,(#388,#395),.PCURVE_S1.);
#383 = CIRCLE('',#384,3.);
#384 = AXIS2_PLACEMENT_3D('',#385,#386,#387);
#385 = CARTESIAN_POINT('',(117.,6.999999985028,11.51));
#386 = DIRECTION('',(0.,0.,1.));
#387 = DIRECTION('',(1.,0.,0.));
#388 = PCURVE('',#126,#389);
#389 = DEFINITIONAL_REPRESENTATION('',(#390),#394);
#390 = CIRCLE('',#391,3.);
#391 = AXIS2_PLACEMENT_2D('',#392,#393);
#392 = CARTESIAN_POINT('',(58.3,39.999999988274));
#393 = DIRECTION('',(1.,0.));
#394 = ( GEOMETRIC_REPRESENTATION_CONTEXT(2) 
PARAMETRIC_REPRESENTATION_CONTEXT() REPRESENTATION_CONTEXT('2D SPACE',''
  ) );
#395 = PCURVE('',#396,#401);
#396 = CYLINDRICAL_SURFACE('',#397,3.);
#397 = AXIS2_PLACEMENT_3D('',#398,#399,#400);
#398 = CARTESIAN_POINT('',(117.,6.999999985028,11.51));
#399 = DIRECTION('',(-0.,-0.,-1.));
#400 = DIRECTION('',(1.,0.,0.));
#401 = DEFINITIONAL_REPRESENTATION('',(#402),#406);
#402 = LINE('',#403,#404);
#403 = CARTESIAN_POINT('',(-0.,0.));
#404 = VECTOR('',#405,1.);
#405 = DIRECTION('',(-1.,0.));
#406 = ( GEOMETRIC_REPRESENTATION_CONTEXT(2) 
PARAMETRIC_REPRESENTATION_CONTEXT() REPRESENTATION_CONTEXT('2D SPACE',''
  ) );
#407 = ORIENTED_EDGE('',*,*,#408,.F.);
#408 = EDGE_CURVE('',#220,#380,#409,.T.);
#409 = SURFACE_CURVE('',#410,(#414,#421),.PCURVE_S1.);
#410 = LINE('',#411,#412);
#411 = CARTESIAN_POINT('',(58.7,10.000000000003,11.51));
#412 = VECTOR('',#413,1.);
#413 = DIRECTION('',(1.,0.,0.));
#414 = PCURVE('',#126,#415);
#415 = DEFINITIONAL_REPRESENTATION('',(#416),#420);
#416 = LINE('',#417,#418);
#417 = CARTESIAN_POINT('',(0.,43.000000003249));
#418 = VECTOR('',#419,1.);
#419 = DIRECTION('',(1.,0.));
#420 = ( GEOMETRIC_REPRESENTATION_CONTEXT(2) 
PARAMETRIC_REPRESENTATION_CONTEXT() REPRESENTATION_CONTEXT('2D SPACE',''
  ) );
#421 = PCURVE('',#237,#422);
#422 = DEFINITIONAL_REPRESENTATION('',(#423),#427);
#423 = LINE('',#424,#425);
#424 = CARTESIAN_POINT('',(58.3,0.));
#425 = VECTOR('',#426,1.);
#426 = DIRECTION('',(1.,0.));
#427 = ( GEOMETRIC_REPRESENTATION_CONTEXT(2) 
PARAMETRIC_REPRESENTATION_CONTEXT() REPRESENTATION_CONTEXT('2D SPACE',''
  ) );
#428 = ORIENTED_EDGE('',*,*,#272,.T.);
#429 = FACE_BOUND('',#430,.F.);
#430 = EDGE_LOOP('',(#431));
#431 = ORIENTED_EDGE('',*,*,#432,.F.);
#432 = EDGE_CURVE('',#433,#433,#435,.T.);
#433 = VERTEX_POINT('',#434);
#434 = CARTESIAN_POINT('',(4.1,-71.,11.51));
#435 = SURFACE_CURVE('',#436,(#441,#448),.PCURVE_S1.);
#436 = CIRCLE('',#437,1.7);
#437 = AXIS2_PLACEMENT_3D('',#438,#439,#440);
#438 = CARTESIAN_POINT('',(2.4,-71.,11.51));
#439 = DIRECTION('',(0.,0.,1.));
#440 = DIRECTION('',(1.,0.,-0.));
#441 = PCURVE('',#126,#442);
#442 = DEFINITIONAL_REPRESENTATION('',(#443),#447);
#443 = CIRCLE('',#444,1.7);
#444 = AXIS2_PLACEMENT_2D('',#445,#446);
#445 = CARTESIAN_POINT('',(-56.3,-37.99999999675));
#446 = DIRECTION('',(1.,0.));
#447 = ( GEOMETRIC_REPRESENTATION_CONTEXT(2) 
PARAMETRIC_REPRESENTATION_CONTEXT() REPRESENTATION_CONTEXT('2D SPACE',''
  ) );
#448 = PCURVE('',#449,#454);
#449 = CYLINDRICAL_SURFACE('',#450,1.7);
#450 = AXIS2_PLACEMENT_3D('',#451,#452,#453);
#451 = CARTESIAN_POINT('',(2.4,-71.,11.31));
#452 = DIRECTION('',(0.,0.,1.));
#453 = DIRECTION('',(1.,0.,-0.));
#454 = DEFINITIONAL_REPRESENTATION('',(#455),#459);
#455 = LINE('',#456,#457);
#456 = CARTESIAN_POINT('',(0.,0.2));
#457 = VECTOR('',#458,1.);
#458 = DIRECTION('',(1.,0.));
#459 = ( GEOMETRIC_REPRESENTATION_CONTEXT(2) 
PARAMETRIC_REPRESENTATION_CONTEXT() REPRESENTATION_CONTEXT('2D SPACE',''
  ) );
#460 = FACE_BOUND('',#461,.F.);
#461 = EDGE_LOOP('',(#462,#492,#521,#548));
#462 = ORIENTED_EDGE('',*,*,#463,.F.);
#463 = EDGE_CURVE('',#464,#466,#468,.T.);
#464 = VERTEX_POINT('',#465);
#465 = CARTESIAN_POINT('',(5.961951712199,-73.74999999999,11.51));
#466 = VERTEX_POINT('',#467);
#467 = CARTESIAN_POINT('',(111.4380482878,-73.74999999999,11.51));
#468 = SURFACE_CURVE('',#469,(#473,#480),.PCURVE_S1.);
#469 = LINE('',#470,#471);
#470 = CARTESIAN_POINT('',(58.7,-73.74999999999,11.51));
#471 = VECTOR('',#472,1.);
#472 = DIRECTION('',(1.,0.,0.));
#473 = PCURVE('',#126,#474);
#474 = DEFINITIONAL_REPRESENTATION('',(#475),#479);
#475 = LINE('',#476,#477);
#476 = CARTESIAN_POINT('',(0.,-40.74999999674));
#477 = VECTOR('',#478,1.);
#478 = DIRECTION('',(1.,0.));
#479 = ( GEOMETRIC_REPRESENTATION_CONTEXT(2) 
PARAMETRIC_REPRESENTATION_CONTEXT() REPRESENTATION_CONTEXT('2D SPACE',''
  ) );
#480 = PCURVE('',#481,#486);
#481 = PLANE('',#482);
#482 = AXIS2_PLACEMENT_3D('',#483,#484,#485);
#483 = CARTESIAN_POINT('',(1.45,-73.74999999999,8.51));
#484 = DIRECTION('',(0.,1.,0.));
#485 = DIRECTION('',(1.,0.,0.));
#486 = DEFINITIONAL_REPRESENTATION('',(#487),#491);
#487 = LINE('',#488,#489);
#488 = CARTESIAN_POINT('',(57.25,-3.));
#489 = VECTOR('',#490,1.);
#490 = DIRECTION('',(1.,0.));
#491 = ( GEOMETRIC_REPRESENTATION_CONTEXT(2) 
PARAMETRIC_REPRESENTATION_CONTEXT() REPRESENTATION_CONTEXT('2D SPACE',''
  ) );
#492 = ORIENTED_EDGE('',*,*,#493,.T.);
#493 = EDGE_CURVE('',#464,#494,#496,.T.);
#494 = VERTEX_POINT('',#495);
#495 = CARTESIAN_POINT('',(6.624630161339,-72.54999999997,11.51));
#496 = SURFACE_CURVE('',#497,(#502,#509),.PCURVE_S1.);
#497 = CIRCLE('',#498,4.5);
#498 = AXIS2_PLACEMENT_3D('',#499,#500,#501);
#499 = CARTESIAN_POINT('',(2.4,-71.,11.51));
#500 = DIRECTION('',(0.,0.,1.));
#501 = DIRECTION('',(1.,0.,-0.));
#502 = PCURVE('',#126,#503);
#503 = DEFINITIONAL_REPRESENTATION('',(#504),#508);
#504 = CIRCLE('',#505,4.5);
#505 = AXIS2_PLACEMENT_2D('',#506,#507);
#506 = CARTESIAN_POINT('',(-56.3,-37.99999999675));
#507 = DIRECTION('',(1.,0.));
#508 = ( GEOMETRIC_REPRESENTATION_CONTEXT(2) 
PARAMETRIC_REPRESENTATION_CONTEXT() REPRESENTATION_CONTEXT('2D SPACE',''
  ) );
#509 = PCURVE('',#510,#515);
#510 = CYLINDRICAL_SURFACE('',#511,4.5);
#511 = AXIS2_PLACEMENT_3D('',#512,#513,#514);
#512 = CARTESIAN_POINT('',(2.4,-71.,8.31));
#513 = DIRECTION('',(0.,0.,1.));
#514 = DIRECTION('',(1.,0.,-0.));
#515 = DEFINITIONAL_REPRESENTATION('',(#516),#520);
#516 = LINE('',#517,#518);
#517 = CARTESIAN_POINT('',(0.,3.2));
#518 = VECTOR('',#519,1.);
#519 = DIRECTION('',(1.,0.));
#520 = ( GEOMETRIC_REPRESENTATION_CONTEXT(2) 
PARAMETRIC_REPRESENTATION_CONTEXT() REPRESENTATION_CONTEXT('2D SPACE',''
  ) );
#521 = ORIENTED_EDGE('',*,*,#522,.F.);
#522 = EDGE_CURVE('',#523,#494,#525,.T.);
#523 = VERTEX_POINT('',#524);
#524 = CARTESIAN_POINT('',(110.77536983866,-72.54999999997,11.51));
#525 = SURFACE_CURVE('',#526,(#530,#537),.PCURVE_S1.);
#526 = LINE('',#527,#528);
#527 = CARTESIAN_POINT('',(30.375,-72.54999999997,11.51));
#528 = VECTOR('',#529,1.);
#529 = DIRECTION('',(-1.,0.,0.));
#530 = PCURVE('',#126,#531);
#531 = DEFINITIONAL_REPRESENTATION('',(#532),#536);
#532 = LINE('',#533,#534);
#533 = CARTESIAN_POINT('',(-28.325,-39.54999999672));
#534 = VECTOR('',#535,1.);
#535 = DIRECTION('',(-1.,0.));
#536 = ( GEOMETRIC_REPRESENTATION_CONTEXT(2) 
PARAMETRIC_REPRESENTATION_CONTEXT() REPRESENTATION_CONTEXT('2D SPACE',''
  ) );
#537 = PCURVE('',#538,#543);
#538 = PLANE('',#539);
#539 = AXIS2_PLACEMENT_3D('',#540,#541,#542);
#540 = CARTESIAN_POINT('',(2.05,-72.54999999997,8.41));
#541 = DIRECTION('',(0.,1.,0.));
#542 = DIRECTION('',(1.,0.,0.));
#543 = DEFINITIONAL_REPRESENTATION('',(#544),#547);
#544 = B_SPLINE_CURVE_WITH_KNOTS('',1,(#545,#546),.UNSPECIFIED.,.F.,.F.,
  (2,2),(-84.975,28.325),.PIECEWISE_BEZIER_KNOTS.);
#545 = CARTESIAN_POINT('',(113.3,-3.1));
#546 = CARTESIAN_POINT('',(0.,-3.1));
#547 = ( GEOMETRIC_REPRESENTATION_CONTEXT(2) 
PARAMETRIC_REPRESENTATION_CONTEXT() REPRESENTATION_CONTEXT('2D SPACE',''
  ) );
#548 = ORIENTED_EDGE('',*,*,#549,.T.);
#549 = EDGE_CURVE('',#523,#466,#550,.T.);
#550 = SURFACE_CURVE('',#551,(#556,#563),.PCURVE_S1.);
#551 = CIRCLE('',#552,4.5);
#552 = AXIS2_PLACEMENT_3D('',#553,#554,#555);
#553 = CARTESIAN_POINT('',(115.,-71.,11.51));
#554 = DIRECTION('',(0.,0.,1.));
#555 = DIRECTION('',(1.,0.,-0.));
#556 = PCURVE('',#126,#557);
#557 = DEFINITIONAL_REPRESENTATION('',(#558),#562);
#558 = CIRCLE('',#559,4.5);
#559 = AXIS2_PLACEMENT_2D('',#560,#561);
#560 = CARTESIAN_POINT('',(56.3,-37.99999999675));
#561 = DIRECTION('',(1.,0.));
#562 = ( GEOMETRIC_REPRESENTATION_CONTEXT(2) 
PARAMETRIC_REPRESENTATION_CONTEXT() REPRESENTATION_CONTEXT('2D SPACE',''
  ) );
#563 = PCURVE('',#564,#569);
#564 = CYLINDRICAL_SURFACE('',#565,4.5);
#565 = AXIS2_PLACEMENT_3D('',#566,#567,#568);
#566 = CARTESIAN_POINT('',(115.,-71.,8.31));
#567 = DIRECTION('',(0.,0.,1.));
#568 = DIRECTION('',(1.,0.,-0.));
#569 = DEFINITIONAL_REPRESENTATION('',(#570),#574);
#570 = LINE('',#571,#572);
#571 = CARTESIAN_POINT('',(0.,3.2));
#572 = VECTOR('',#573,1.);
#573 = DIRECTION('',(1.,0.));
#574 = ( GEOMETRIC_REPRESENTATION_CONTEXT(2) 
PARAMETRIC_REPRESENTATION_CONTEXT() REPRESENTATION_CONTEXT('2D SPACE',''
  ) );
#575 = FACE_BOUND('',#576,.F.);
#576 = EDGE_LOOP('',(#577));
#577 = ORIENTED_EDGE('',*,*,#578,.F.);
#578 = EDGE_CURVE('',#579,#579,#581,.T.);
#579 = VERTEX_POINT('',#580);
#580 = CARTESIAN_POINT('',(20.,-52.,11.51));
#581 = SURFACE_CURVE('',#582,(#587,#594),.PCURVE_S1.);
#582 = CIRCLE('',#583,5.5);
#583 = AXIS2_PLACEMENT_3D('',#584,#585,#586);
#584 = CARTESIAN_POINT('',(14.5,-52.,11.51));
#585 = DIRECTION('',(0.,0.,1.));
#586 = DIRECTION('',(1.,0.,-0.));
#587 = PCURVE('',#126,#588);
#588 = DEFINITIONAL_REPRESENTATION('',(#589),#593);
#589 = CIRCLE('',#590,5.5);
#590 = AXIS2_PLACEMENT_2D('',#591,#592);
#591 = CARTESIAN_POINT('',(-44.2,-18.99999999675));
#592 = DIRECTION('',(1.,0.));
#593 = ( GEOMETRIC_REPRESENTATION_CONTEXT(2) 
PARAMETRIC_REPRESENTATION_CONTEXT() REPRESENTATION_CONTEXT('2D SPACE',''
  ) );
#594 = PCURVE('',#595,#600);
#595 = CYLINDRICAL_SURFACE('',#596,5.5);
#596 = AXIS2_PLACEMENT_3D('',#597,#598,#599);
#597 = CARTESIAN_POINT('',(14.5,-52.,11.41));
#598 = DIRECTION('',(0.,0.,1.));
#599 = DIRECTION('',(1.,0.,-0.));
#600 = DEFINITIONAL_REPRESENTATION('',(#601),#605);
#601 = LINE('',#602,#603);
#602 = CARTESIAN_POINT('',(0.,1.E-01));
#603 = VECTOR('',#604,1.);
#604 = DIRECTION('',(1.,0.));
#605 = ( GEOMETRIC_REPRESENTATION_CONTEXT(2) 
PARAMETRIC_REPRESENTATION_CONTEXT() REPRESENTATION_CONTEXT('2D SPACE',''
  ) );
#606 = FACE_BOUND('',#607,.F.);
#607 = EDGE_LOOP('',(#608));
#608 = ORIENTED_EDGE('',*,*,#609,.F.);
#609 = EDGE_CURVE('',#610,#610,#612,.T.);
#610 = VERTEX_POINT('',#611);
#611 = CARTESIAN_POINT('',(33.,-52.,11.51));
#612 = SURFACE_CURVE('',#613,(#618,#625),.PCURVE_S1.);
#613 = CIRCLE('',#614,5.5);
#614 = AXIS2_PLACEMENT_3D('',#615,#616,#617);
#615 = CARTESIAN_POINT('',(27.5,-52.,11.51));
#616 = DIRECTION('',(0.,0.,1.));
#617 = DIRECTION('',(1.,0.,-0.));
#618 = PCURVE('',#126,#619);
#619 = DEFINITIONAL_REPRESENTATION('',(#620),#624);
#620 = CIRCLE('',#621,5.5);
#621 = AXIS2_PLACEMENT_2D('',#622,#623);
#622 = CARTESIAN_POINT('',(-31.2,-18.99999999675));
#623 = DIRECTION('',(1.,0.));
#624 = ( GEOMETRIC_REPRESENTATION_CONTEXT(2) 
PARAMETRIC_REPRESENTATION_CONTEXT() REPRESENTATION_CONTEXT('2D SPACE',''
  ) );
#625 = PCURVE('',#626,#631);
#626 = CYLINDRICAL_SURFACE('',#627,5.5);
#627 = AXIS2_PLACEMENT_3D('',#628,#629,#630);
#628 = CARTESIAN_POINT('',(27.5,-52.,11.41));
#629 = DIRECTION('',(0.,0.,1.));
#630 = DIRECTION('',(1.,0.,-0.));
#631 = DEFINITIONAL_REPRESENTATION('',(#632),#636);
#632 = LINE('',#633,#634);
#633 = CARTESIAN_POINT('',(0.,1.E-01));
#634 = VECTOR('',#635,1.);
#635 = DIRECTION('',(1.,0.));
#636 = ( GEOMETRIC_REPRESENTATION_CONTEXT(2) 
PARAMETRIC_REPRESENTATION_CONTEXT() REPRESENTATION_CONTEXT('2D SPACE',''
  ) );
#637 = FACE_BOUND('',#638,.F.);
#638 = EDGE_LOOP('',(#639,#670,#698,#727));
#639 = ORIENTED_EDGE('',*,*,#640,.T.);
#640 = EDGE_CURVE('',#641,#643,#645,.T.);
#641 = VERTEX_POINT('',#642);
#642 = CARTESIAN_POINT('',(0.85,-66.77536983867,11.51));
#643 = VERTEX_POINT('',#644);
#644 = CARTESIAN_POINT('',(-0.35,-67.4380482878,11.51));
#645 = SURFACE_CURVE('',#646,(#651,#658),.PCURVE_S1.);
#646 = CIRCLE('',#647,4.5);
#647 = AXIS2_PLACEMENT_3D('',#648,#649,#650);
#648 = CARTESIAN_POINT('',(2.4,-71.,11.51));
#649 = DIRECTION('',(0.,0.,1.));
#650 = DIRECTION('',(1.,0.,-0.));
#651 = PCURVE('',#126,#652);
#652 = DEFINITIONAL_REPRESENTATION('',(#653),#657);
#653 = CIRCLE('',#654,4.5);
#654 = AXIS2_PLACEMENT_2D('',#655,#656);
#655 = CARTESIAN_POINT('',(-56.3,-37.99999999675));
#656 = DIRECTION('',(1.,0.));
#657 = ( GEOMETRIC_REPRESENTATION_CONTEXT(2) 
PARAMETRIC_REPRESENTATION_CONTEXT() REPRESENTATION_CONTEXT('2D SPACE',''
  ) );
#658 = PCURVE('',#659,#664);
#659 = CYLINDRICAL_SURFACE('',#660,4.5);
#660 = AXIS2_PLACEMENT_3D('',#661,#662,#663);
#661 = CARTESIAN_POINT('',(2.4,-71.,8.31));
#662 = DIRECTION('',(0.,0.,1.));
#663 = DIRECTION('',(1.,0.,-0.));
#664 = DEFINITIONAL_REPRESENTATION('',(#665),#669);
#665 = LINE('',#666,#667);
#666 = CARTESIAN_POINT('',(0.,3.2));
#667 = VECTOR('',#668,1.);
#668 = DIRECTION('',(1.,0.));
#669 = ( GEOMETRIC_REPRESENTATION_CONTEXT(2) 
PARAMETRIC_REPRESENTATION_CONTEXT() REPRESENTATION_CONTEXT('2D SPACE',''
  ) );
#670 = ORIENTED_EDGE('',*,*,#671,.T.);
#671 = EDGE_CURVE('',#643,#672,#674,.T.);
#672 = VERTEX_POINT('',#673);
#673 = CARTESIAN_POINT('',(-0.35,1.438048287806,11.51));
#674 = SURFACE_CURVE('',#675,(#679,#686),.PCURVE_S1.);
#675 = LINE('',#676,#677);
#676 = CARTESIAN_POINT('',(-0.35,-32.99999999999,11.51));
#677 = VECTOR('',#678,1.);
#678 = DIRECTION('',(0.,1.,0.));
#679 = PCURVE('',#126,#680);
#680 = DEFINITIONAL_REPRESENTATION('',(#681),#685);
#681 = LINE('',#682,#683);
#682 = CARTESIAN_POINT('',(-59.05,3.253049385421E-09));
#683 = VECTOR('',#684,1.);
#684 = DIRECTION('',(0.,1.));
#685 = ( GEOMETRIC_REPRESENTATION_CONTEXT(2) 
PARAMETRIC_REPRESENTATION_CONTEXT() REPRESENTATION_CONTEXT('2D SPACE',''
  ) );
#686 = PCURVE('',#687,#692);
#687 = PLANE('',#688);
#688 = AXIS2_PLACEMENT_3D('',#689,#690,#691);
#689 = CARTESIAN_POINT('',(-0.35,-71.95,8.51));
#690 = DIRECTION('',(-1.,0.,0.));
#691 = DIRECTION('',(0.,1.,0.));
#692 = DEFINITIONAL_REPRESENTATION('',(#693),#697);
#693 = LINE('',#694,#695);
#694 = CARTESIAN_POINT('',(38.950000000014,-3.));
#695 = VECTOR('',#696,1.);
#696 = DIRECTION('',(1.,0.));
#697 = ( GEOMETRIC_REPRESENTATION_CONTEXT(2) 
PARAMETRIC_REPRESENTATION_CONTEXT() REPRESENTATION_CONTEXT('2D SPACE',''
  ) );
#698 = ORIENTED_EDGE('',*,*,#699,.T.);
#699 = EDGE_CURVE('',#672,#700,#702,.T.);
#700 = VERTEX_POINT('',#701);
#701 = CARTESIAN_POINT('',(0.85,0.775369838672,11.51));
#702 = SURFACE_CURVE('',#703,(#708,#715),.PCURVE_S1.);
#703 = CIRCLE('',#704,4.5);
#704 = AXIS2_PLACEMENT_3D('',#705,#706,#707);
#705 = CARTESIAN_POINT('',(2.4,5.,11.51));
#706 = DIRECTION('',(0.,0.,1.));
#707 = DIRECTION('',(1.,0.,-0.));
#708 = PCURVE('',#126,#709);
#709 = DEFINITIONAL_REPRESENTATION('',(#710),#714);
#710 = CIRCLE('',#711,4.5);
#711 = AXIS2_PLACEMENT_2D('',#712,#713);
#712 = CARTESIAN_POINT('',(-56.3,38.000000003246));
#713 = DIRECTION('',(1.,0.));
#714 = ( GEOMETRIC_REPRESENTATION_CONTEXT(2) 
PARAMETRIC_REPRESENTATION_CONTEXT() REPRESENTATION_CONTEXT('2D SPACE',''
  ) );
#715 = PCURVE('',#716,#721);
#716 = CYLINDRICAL_SURFACE('',#717,4.5);
#717 = AXIS2_PLACEMENT_3D('',#718,#719,#720);
#718 = CARTESIAN_POINT('',(2.4,5.,8.31));
#719 = DIRECTION('',(0.,0.,1.));
#720 = DIRECTION('',(1.,0.,-0.));
#721 = DEFINITIONAL_REPRESENTATION('',(#722),#726);
#722 = LINE('',#723,#724);
#723 = CARTESIAN_POINT('',(0.,3.2));
#724 = VECTOR('',#725,1.);
#725 = DIRECTION('',(1.,0.));
#726 = ( GEOMETRIC_REPRESENTATION_CONTEXT(2) 
PARAMETRIC_REPRESENTATION_CONTEXT() REPRESENTATION_CONTEXT('2D SPACE',''
  ) );
#727 = ORIENTED_EDGE('',*,*,#728,.T.);
#728 = EDGE_CURVE('',#700,#641,#729,.T.);
#729 = SURFACE_CURVE('',#730,(#734,#741),.PCURVE_S1.);
#730 = LINE('',#731,#732);
#731 = CARTESIAN_POINT('',(0.85,-52.17500000164,11.51));
#732 = VECTOR('',#733,1.);
#733 = DIRECTION('',(0.,-1.,0.));
#734 = PCURVE('',#126,#735);
#735 = DEFINITIONAL_REPRESENTATION('',(#736),#740);
#736 = LINE('',#737,#738);
#737 = CARTESIAN_POINT('',(-57.85,-19.1749999984));
#738 = VECTOR('',#739,1.);
#739 = DIRECTION('',(0.,-1.));
#740 = ( GEOMETRIC_REPRESENTATION_CONTEXT(2) 
PARAMETRIC_REPRESENTATION_CONTEXT() REPRESENTATION_CONTEXT('2D SPACE',''
  ) );
#741 = PCURVE('',#742,#747);
#742 = PLANE('',#743);
#743 = AXIS2_PLACEMENT_3D('',#744,#745,#746);
#744 = CARTESIAN_POINT('',(0.85,-71.35000000003,8.41));
#745 = DIRECTION('',(-1.,0.,0.));
#746 = DIRECTION('',(0.,1.,0.));
#747 = DEFINITIONAL_REPRESENTATION('',(#748),#751);
#748 = B_SPLINE_CURVE_WITH_KNOTS('',1,(#749,#750),.UNSPECIFIED.,.F.,.F.,
  (2,2),(-57.52499997948,19.174999998381),.PIECEWISE_BEZIER_KNOTS.);
#749 = CARTESIAN_POINT('',(76.699999977862,-3.1));
#750 = CARTESIAN_POINT('',(-7.105427357601E-15,-3.1));
#751 = ( GEOMETRIC_REPRESENTATION_CONTEXT(2) 
PARAMETRIC_REPRESENTATION_CONTEXT() REPRESENTATION_CONTEXT('2D SPACE',''
  ) );
#752 = FACE_BOUND('',#753,.F.);
#753 = EDGE_LOOP('',(#754));
#754 = ORIENTED_EDGE('',*,*,#755,.F.);
#755 = EDGE_CURVE('',#756,#756,#758,.T.);
#756 = VERTEX_POINT('',#757);
#757 = CARTESIAN_POINT('',(46.,-52.,11.51));
#758 = SURFACE_CURVE('',#759,(#764,#771),.PCURVE_S1.);
#759 = CIRCLE('',#760,5.5);
#760 = AXIS2_PLACEMENT_3D('',#761,#762,#763);
#761 = CARTESIAN_POINT('',(40.5,-52.,11.51));
#762 = DIRECTION('',(0.,0.,1.));
#763 = DIRECTION('',(1.,0.,-0.));
#764 = PCURVE('',#126,#765);
#765 = DEFINITIONAL_REPRESENTATION('',(#766),#770);
#766 = CIRCLE('',#767,5.5);
#767 = AXIS2_PLACEMENT_2D('',#768,#769);
#768 = CARTESIAN_POINT('',(-18.2,-18.99999999675));
#769 = DIRECTION('',(1.,0.));
#770 = ( GEOMETRIC_REPRESENTATION_CONTEXT(2) 
PARAMETRIC_REPRESENTATION_CONTEXT() REPRESENTATION_CONTEXT('2D SPACE',''
  ) );
#771 = PCURVE('',#772,#777);
#772 = CYLINDRICAL_SURFACE('',#773,5.5);
#773 = AXIS2_PLACEMENT_3D('',#774,#775,#776);
#774 = CARTESIAN_POINT('',(40.5,-52.,11.41));
#775 = DIRECTION('',(0.,0.,1.));
#776 = DIRECTION('',(1.,0.,-0.));
#777 = DEFINITIONAL_REPRESENTATION('',(#778),#782);
#778 = LINE('',#779,#780);
#779 = CARTESIAN_POINT('',(0.,1.E-01));
#780 = VECTOR('',#781,1.);
#781 = DIRECTION('',(1.,0.));
#782 = ( GEOMETRIC_REPRESENTATION_CONTEXT(2) 
PARAMETRIC_REPRESENTATION_CONTEXT() REPRESENTATION_CONTEXT('2D SPACE',''
  ) );
#783 = FACE_BOUND('',#784,.F.);
#784 = EDGE_LOOP('',(#785));
#785 = ORIENTED_EDGE('',*,*,#786,.F.);
#786 = EDGE_CURVE('',#787,#787,#789,.T.);
#787 = VERTEX_POINT('',#788);
#788 = CARTESIAN_POINT('',(59.,-52.,11.51));
#789 = SURFACE_CURVE('',#790,(#795,#802),.PCURVE_S1.);
#790 = CIRCLE('',#791,5.5);
#791 = AXIS2_PLACEMENT_3D('',#792,#793,#794);
#792 = CARTESIAN_POINT('',(53.5,-52.,11.51));
#793 = DIRECTION('',(0.,0.,1.));
#794 = DIRECTION('',(1.,0.,-0.));
#795 = PCURVE('',#126,#796);
#796 = DEFINITIONAL_REPRESENTATION('',(#797),#801);
#797 = CIRCLE('',#798,5.5);
#798 = AXIS2_PLACEMENT_2D('',#799,#800);
#799 = CARTESIAN_POINT('',(-5.2,-18.99999999675));
#800 = DIRECTION('',(1.,0.));
#801 = ( GEOMETRIC_REPRESENTATION_CONTEXT(2) 
PARAMETRIC_REPRESENTATION_CONTEXT() REPRESENTATION_CONTEXT('2D SPACE',''
  ) );
#802 = PCURVE('',#803,#808);
#803 = CYLINDRICAL_SURFACE('',#804,5.5);
#804 = AXIS2_PLACEMENT_3D('',#805,#806,#807);
#805 = CARTESIAN_POINT('',(53.5,-52.,11.41));
#806 = DIRECTION('',(0.,0.,1.));
#807 = DIRECTION('',(1.,0.,-0.));
#808 = DEFINITIONAL_REPRESENTATION('',(#809),#813);
#809 = LINE('',#810,#811);
#810 = CARTESIAN_POINT('',(0.,1.E-01));
#811 = VECTOR('',#812,1.);
#812 = DIRECTION('',(1.,0.));
#813 = ( GEOMETRIC_REPRESENTATION_CONTEXT(2) 
PARAMETRIC_REPRESENTATION_CONTEXT() REPRESENTATION_CONTEXT('2D SPACE',''
  ) );
#814 = FACE_BOUND('',#815,.F.);
#815 = EDGE_LOOP('',(#816));
#816 = ORIENTED_EDGE('',*,*,#817,.F.);
#817 = EDGE_CURVE('',#818,#818,#820,.T.);
#818 = VERTEX_POINT('',#819);
#819 = CARTESIAN_POINT('',(116.7,-71.,11.51));
#820 = SURFACE_CURVE('',#821,(#826,#833),.PCURVE_S1.);
#821 = CIRCLE('',#822,1.7);
#822 = AXIS2_PLACEMENT_3D('',#823,#824,#825);
#823 = CARTESIAN_POINT('',(115.,-71.,11.51));
#824 = DIRECTION('',(0.,0.,1.));
#825 = DIRECTION('',(1.,0.,-0.));
#826 = PCURVE('',#126,#827);
#827 = DEFINITIONAL_REPRESENTATION('',(#828),#832);
#828 = CIRCLE('',#829,1.7);
#829 = AXIS2_PLACEMENT_2D('',#830,#831);
#830 = CARTESIAN_POINT('',(56.3,-37.99999999675));
#831 = DIRECTION('',(1.,0.));
#832 = ( GEOMETRIC_REPRESENTATION_CONTEXT(2) 
PARAMETRIC_REPRESENTATION_CONTEXT() REPRESENTATION_CONTEXT('2D SPACE',''
  ) );
#833 = PCURVE('',#834,#839);
#834 = CYLINDRICAL_SURFACE('',#835,1.7);
#835 = AXIS2_PLACEMENT_3D('',#836,#837,#838);
#836 = CARTESIAN_POINT('',(115.,-71.,11.31));
#837 = DIRECTION('',(0.,0.,1.));
#838 = DIRECTION('',(1.,0.,-0.));
#839 = DEFINITIONAL_REPRESENTATION('',(#840),#844);
#840 = LINE('',#841,#842);
#841 = CARTESIAN_POINT('',(0.,0.2));
#842 = VECTOR('',#843,1.);
#843 = DIRECTION('',(1.,0.));
#844 = ( GEOMETRIC_REPRESENTATION_CONTEXT(2) 
PARAMETRIC_REPRESENTATION_CONTEXT() REPRESENTATION_CONTEXT('2D SPACE',''
  ) );
#845 = FACE_BOUND('',#846,.F.);
#846 = EDGE_LOOP('',(#847,#875,#908,#934,#960,#993,#1019,#1046,#1075,
    #1103,#1136,#1164,#1197,#1225,#1254,#1281,#1309));
#847 = ORIENTED_EDGE('',*,*,#848,.F.);
#848 = EDGE_CURVE('',#849,#851,#853,.T.);
#849 = VERTEX_POINT('',#850);
#850 = CARTESIAN_POINT('',(72.,-51.00000000139,11.51));
#851 = VERTEX_POINT('',#852);
#852 = CARTESIAN_POINT('',(72.,-64.,11.51));
#853 = SURFACE_CURVE('',#854,(#858,#864),.PCURVE_S1.);
#854 = LINE('',#855,#856);
#855 = CARTESIAN_POINT('',(72.,-48.50000000162,11.51));
#856 = VECTOR('',#857,1.);
#857 = DIRECTION('',(0.,-1.,0.));
#858 = PCURVE('',#126,#859);
#859 = DEFINITIONAL_REPRESENTATION('',(#860),#863);
#860 = B_SPLINE_CURVE_WITH_KNOTS('',1,(#861,#862),.UNSPECIFIED.,.F.,.F.,
  (2,2),(2.499999999776,15.499999998377),.PIECEWISE_BEZIER_KNOTS.);
#861 = CARTESIAN_POINT('',(13.3,-17.99999999815));
#862 = CARTESIAN_POINT('',(13.3,-30.99999999675));
#863 = ( GEOMETRIC_REPRESENTATION_CONTEXT(2) 
PARAMETRIC_REPRESENTATION_CONTEXT() REPRESENTATION_CONTEXT('2D SPACE',''
  ) );
#864 = PCURVE('',#865,#870);
#865 = PLANE('',#866);
#866 = AXIS2_PLACEMENT_3D('',#867,#868,#869);
#867 = CARTESIAN_POINT('',(72.,-64.,11.41));
#868 = DIRECTION('',(-1.,0.,0.));
#869 = DIRECTION('',(0.,1.,0.));
#870 = DEFINITIONAL_REPRESENTATION('',(#871),#874);
#871 = B_SPLINE_CURVE_WITH_KNOTS('',1,(#872,#873),.UNSPECIFIED.,.F.,.F.,
  (2,2),(2.499999999776,15.499999998377),.PIECEWISE_BEZIER_KNOTS.);
#872 = CARTESIAN_POINT('',(12.999999998601,-1.E-01));
#873 = CARTESIAN_POINT('',(0.,-1.E-01));
#874 = ( GEOMETRIC_REPRESENTATION_CONTEXT(2) 
PARAMETRIC_REPRESENTATION_CONTEXT() REPRESENTATION_CONTEXT('2D SPACE',''
  ) );
#875 = ORIENTED_EDGE('',*,*,#876,.T.);
#876 = EDGE_CURVE('',#849,#877,#879,.T.);
#877 = VERTEX_POINT('',#878);
#878 = CARTESIAN_POINT('',(73.,-50.00000000069,11.51));
#879 = SURFACE_CURVE('',#880,(#885,#896),.PCURVE_S1.);
#880 = CIRCLE('',#881,1.);
#881 = AXIS2_PLACEMENT_3D('',#882,#883,#884);
#882 = CARTESIAN_POINT('',(73.,-51.00000000139,11.51));
#883 = DIRECTION('',(0.,0.,-1.));
#884 = DIRECTION('',(-1.,0.,0.));
#885 = PCURVE('',#126,#886);
#886 = DEFINITIONAL_REPRESENTATION('',(#887),#895);
#887 = ( BOUNDED_CURVE() B_SPLINE_CURVE(2,(#888,#889,#890,#891,#892,#893
,#894),.UNSPECIFIED.,.T.,.F.) B_SPLINE_CURVE_WITH_KNOTS((1,2,2,2,2,1),(
    -2.094395102393,0.,2.094395102393,4.188790204786,6.28318530718,
8.377580409573),.UNSPECIFIED.) CURVE() GEOMETRIC_REPRESENTATION_ITEM() 
RATIONAL_B_SPLINE_CURVE((1.,0.5,1.,0.5,1.,0.5,1.)) REPRESENTATION_ITEM(
  '') );
#888 = CARTESIAN_POINT('',(13.3,-17.99999999815));
#889 = CARTESIAN_POINT('',(13.3,-16.26794919058));
#890 = CARTESIAN_POINT('',(14.8,-17.13397459436));
#891 = CARTESIAN_POINT('',(16.3,-17.99999999815));
#892 = CARTESIAN_POINT('',(14.8,-18.86602540193));
#893 = CARTESIAN_POINT('',(13.3,-19.73205080572));
#894 = CARTESIAN_POINT('',(13.3,-17.99999999815));
#895 = ( GEOMETRIC_REPRESENTATION_CONTEXT(2) 
PARAMETRIC_REPRESENTATION_CONTEXT() REPRESENTATION_CONTEXT('2D SPACE',''
  ) );
#896 = PCURVE('',#897,#902);
#897 = CYLINDRICAL_SURFACE('',#898,1.);
#898 = AXIS2_PLACEMENT_3D('',#899,#900,#901);
#899 = CARTESIAN_POINT('',(73.,-51.00000000139,11.41));
#900 = DIRECTION('',(0.,0.,-1.));
#901 = DIRECTION('',(-1.,0.,0.));
#902 = DEFINITIONAL_REPRESENTATION('',(#903),#907);
#903 = LINE('',#904,#905);
#904 = CARTESIAN_POINT('',(0.,-1.E-01));
#905 = VECTOR('',#906,1.);
#906 = DIRECTION('',(1.,0.));
#907 = ( GEOMETRIC_REPRESENTATION_CONTEXT(2) 
PARAMETRIC_REPRESENTATION_CONTEXT() REPRESENTATION_CONTEXT('2D SPACE',''
  ) );
#908 = ORIENTED_EDGE('',*,*,#909,.F.);
#909 = EDGE_CURVE('',#910,#877,#912,.T.);
#910 = VERTEX_POINT('',#911);
#911 = CARTESIAN_POINT('',(92.000000000001,-50.,11.51));
#912 = SURFACE_CURVE('',#913,(#917,#923),.PCURVE_S1.);
#913 = LINE('',#914,#915);
#914 = CARTESIAN_POINT('',(65.85,-50.,11.51));
#915 = VECTOR('',#916,1.);
#916 = DIRECTION('',(-1.,0.,0.));
#917 = PCURVE('',#126,#918);
#918 = DEFINITIONAL_REPRESENTATION('',(#919),#922);
#919 = B_SPLINE_CURVE_WITH_KNOTS('',1,(#920,#921),.UNSPECIFIED.,.F.,.F.,
  (2,2),(-51.15,-7.15),.PIECEWISE_BEZIER_KNOTS.);
#920 = CARTESIAN_POINT('',(58.3,-16.99999999675));
#921 = CARTESIAN_POINT('',(14.3,-16.99999999675));
#922 = ( GEOMETRIC_REPRESENTATION_CONTEXT(2) 
PARAMETRIC_REPRESENTATION_CONTEXT() REPRESENTATION_CONTEXT('2D SPACE',''
  ) );
#923 = PCURVE('',#924,#929);
#924 = PLANE('',#925);
#925 = AXIS2_PLACEMENT_3D('',#926,#927,#928);
#926 = CARTESIAN_POINT('',(73.,-50.,11.41));
#927 = DIRECTION('',(0.,1.,0.));
#928 = DIRECTION('',(1.,0.,0.));
#929 = DEFINITIONAL_REPRESENTATION('',(#930),#933);
#930 = B_SPLINE_CURVE_WITH_KNOTS('',1,(#931,#932),.UNSPECIFIED.,.F.,.F.,
  (2,2),(-51.15,-7.15),.PIECEWISE_BEZIER_KNOTS.);
#931 = CARTESIAN_POINT('',(44.,-1.E-01));
#932 = CARTESIAN_POINT('',(0.,-1.E-01));
#933 = ( GEOMETRIC_REPRESENTATION_CONTEXT(2) 
PARAMETRIC_REPRESENTATION_CONTEXT() REPRESENTATION_CONTEXT('2D SPACE',''
  ) );
#934 = ORIENTED_EDGE('',*,*,#935,.F.);
#935 = EDGE_CURVE('',#936,#910,#938,.T.);
#936 = VERTEX_POINT('',#937);
#937 = CARTESIAN_POINT('',(92.,-31.,11.51));
#938 = SURFACE_CURVE('',#939,(#943,#949),.PCURVE_S1.);
#939 = LINE('',#940,#941);
#940 = CARTESIAN_POINT('',(92.000000000001,-48.50000000162,11.51));
#941 = VECTOR('',#942,1.);
#942 = DIRECTION('',(0.,-1.,0.));
#943 = PCURVE('',#126,#944);
#944 = DEFINITIONAL_REPRESENTATION('',(#945),#948);
#945 = B_SPLINE_CURVE_WITH_KNOTS('',1,(#946,#947),.UNSPECIFIED.,.F.,.F.,
  (2,2),(-17.50000000162,15.499999998377),.PIECEWISE_BEZIER_KNOTS.);
#946 = CARTESIAN_POINT('',(33.300000000001,2.000000003246));
#947 = CARTESIAN_POINT('',(33.300000000001,-30.99999999675));
#948 = ( GEOMETRIC_REPRESENTATION_CONTEXT(2) 
PARAMETRIC_REPRESENTATION_CONTEXT() REPRESENTATION_CONTEXT('2D SPACE',''
  ) );
#949 = PCURVE('',#950,#955);
#950 = PLANE('',#951);
#951 = AXIS2_PLACEMENT_3D('',#952,#953,#954);
#952 = CARTESIAN_POINT('',(92.000000000001,-64.,11.41));
#953 = DIRECTION('',(-1.,0.,0.));
#954 = DIRECTION('',(0.,1.,0.));
#955 = DEFINITIONAL_REPRESENTATION('',(#956),#959);
#956 = B_SPLINE_CURVE_WITH_KNOTS('',1,(#957,#958),.UNSPECIFIED.,.F.,.F.,
  (2,2),(-17.50000000162,15.499999998377),.PIECEWISE_BEZIER_KNOTS.);
#957 = CARTESIAN_POINT('',(33.,-1.E-01));
#958 = CARTESIAN_POINT('',(0.,-1.E-01));
#959 = ( GEOMETRIC_REPRESENTATION_CONTEXT(2) 
PARAMETRIC_REPRESENTATION_CONTEXT() REPRESENTATION_CONTEXT('2D SPACE',''
  ) );
#960 = ORIENTED_EDGE('',*,*,#961,.T.);
#961 = EDGE_CURVE('',#936,#962,#964,.T.);
#962 = VERTEX_POINT('',#963);
#963 = CARTESIAN_POINT('',(92.999999999999,-30.,11.51));
#964 = SURFACE_CURVE('',#965,(#970,#981),.PCURVE_S1.);
#965 = CIRCLE('',#966,1.);
#966 = AXIS2_PLACEMENT_3D('',#967,#968,#969);
#967 = CARTESIAN_POINT('',(92.999999999999,-31.,11.51));
#968 = DIRECTION('',(0.,0.,-1.));
#969 = DIRECTION('',(1.,0.,0.));
#970 = PCURVE('',#126,#971);
#971 = DEFINITIONAL_REPRESENTATION('',(#972),#980);
#972 = ( BOUNDED_CURVE() B_SPLINE_CURVE(2,(#973,#974,#975,#976,#977,#978
,#979),.UNSPECIFIED.,.T.,.F.) B_SPLINE_CURVE_WITH_KNOTS((1,2,2,2,2,1),(
    -2.094395102393,0.,2.094395102393,4.188790204786,6.28318530718,
8.377580409573),.UNSPECIFIED.) CURVE() GEOMETRIC_REPRESENTATION_ITEM() 
RATIONAL_B_SPLINE_CURVE((1.,0.5,1.,0.5,1.,0.5,1.)) REPRESENTATION_ITEM(
  '') );
#973 = CARTESIAN_POINT('',(35.299999999999,2.000000003246));
#974 = CARTESIAN_POINT('',(35.299999999999,0.267949195677));
#975 = CARTESIAN_POINT('',(33.799999999999,1.133974599462));
#976 = CARTESIAN_POINT('',(32.299999999999,2.000000003246));
#977 = CARTESIAN_POINT('',(33.799999999999,2.86602540703));
#978 = CARTESIAN_POINT('',(35.299999999999,3.732050810815));
#979 = CARTESIAN_POINT('',(35.299999999999,2.000000003246));
#980 = ( GEOMETRIC_REPRESENTATION_CONTEXT(2) 
PARAMETRIC_REPRESENTATION_CONTEXT() REPRESENTATION_CONTEXT('2D SPACE',''
  ) );
#981 = PCURVE('',#982,#987);
#982 = CYLINDRICAL_SURFACE('',#983,1.);
#983 = AXIS2_PLACEMENT_3D('',#984,#985,#986);
#984 = CARTESIAN_POINT('',(92.999999999999,-31.,11.41));
#985 = DIRECTION('',(-0.,-0.,-1.));
#986 = DIRECTION('',(1.,0.,0.));
#987 = DEFINITIONAL_REPRESENTATION('',(#988),#992);
#988 = LINE('',#989,#990);
#989 = CARTESIAN_POINT('',(-6.28318530718,-1.E-01));
#990 = VECTOR('',#991,1.);
#991 = DIRECTION('',(1.,-0.));
#992 = ( GEOMETRIC_REPRESENTATION_CONTEXT(2) 
PARAMETRIC_REPRESENTATION_CONTEXT() REPRESENTATION_CONTEXT('2D SPACE',''
  ) );
#993 = ORIENTED_EDGE('',*,*,#994,.F.);
#994 = EDGE_CURVE('',#995,#962,#997,.T.);
#995 = VERTEX_POINT('',#996);
#996 = CARTESIAN_POINT('',(116.55,-30.,11.51));
#997 = SURFACE_CURVE('',#998,(#1002,#1008),.PCURVE_S1.);
#998 = LINE('',#999,#1000);
#999 = CARTESIAN_POINT('',(75.85,-30.,11.51));
#1000 = VECTOR('',#1001,1.);
#1001 = DIRECTION('',(-1.,0.,0.));
#1002 = PCURVE('',#126,#1003);
#1003 = DEFINITIONAL_REPRESENTATION('',(#1004),#1007);
#1004 = B_SPLINE_CURVE_WITH_KNOTS('',1,(#1005,#1006),.UNSPECIFIED.,.F.,
  .F.,(2,2),(-41.14999999599,-17.15),.PIECEWISE_BEZIER_KNOTS.);
#1005 = CARTESIAN_POINT('',(58.299999995999,3.000000003246));
#1006 = CARTESIAN_POINT('',(34.299999999999,3.000000003246));
#1007 = ( GEOMETRIC_REPRESENTATION_CONTEXT(2) 
PARAMETRIC_REPRESENTATION_CONTEXT() REPRESENTATION_CONTEXT('2D SPACE',''
  ) );
#1008 = PCURVE('',#1009,#1014);
#1009 = PLANE('',#1010);
#1010 = AXIS2_PLACEMENT_3D('',#1011,#1012,#1013);
#1011 = CARTESIAN_POINT('',(92.999999999999,-30.,11.41));
#1012 = DIRECTION('',(0.,1.,0.));
#1013 = DIRECTION('',(1.,0.,0.));
#1014 = DEFINITIONAL_REPRESENTATION('',(#1015),#1018);
#1015 = B_SPLINE_CURVE_WITH_KNOTS('',1,(#1016,#1017),.UNSPECIFIED.,.F.,
  .F.,(2,2),(-41.14999999599,-17.15),.PIECEWISE_BEZIER_KNOTS.);
#1016 = CARTESIAN_POINT('',(23.999999996,-1.E-01));
#1017 = CARTESIAN_POINT('',(0.,-1.E-01));
#1018 = ( GEOMETRIC_REPRESENTATION_CONTEXT(2) 
PARAMETRIC_REPRESENTATION_CONTEXT() REPRESENTATION_CONTEXT('2D SPACE',''
  ) );
#1019 = ORIENTED_EDGE('',*,*,#1020,.F.);
#1020 = EDGE_CURVE('',#1021,#995,#1023,.T.);
#1021 = VERTEX_POINT('',#1022);
#1022 = CARTESIAN_POINT('',(116.55,-22.37578564374,11.51));
#1023 = SURFACE_CURVE('',#1024,(#1028,#1035),.PCURVE_S1.);
#1024 = LINE('',#1025,#1026);
#1025 = CARTESIAN_POINT('',(116.55,-52.17500000164,11.51));
#1026 = VECTOR('',#1027,1.);
#1027 = DIRECTION('',(0.,-1.,0.));
#1028 = PCURVE('',#126,#1029);
#1029 = DEFINITIONAL_REPRESENTATION('',(#1030),#1034);
#1030 = LINE('',#1031,#1032);
#1031 = CARTESIAN_POINT('',(57.85,-19.1749999984));
#1032 = VECTOR('',#1033,1.);
#1033 = DIRECTION('',(0.,-1.));
#1034 = ( GEOMETRIC_REPRESENTATION_CONTEXT(2) 
PARAMETRIC_REPRESENTATION_CONTEXT() REPRESENTATION_CONTEXT('2D SPACE',''
  ) );
#1035 = PCURVE('',#1036,#1041);
#1036 = PLANE('',#1037);
#1037 = AXIS2_PLACEMENT_3D('',#1038,#1039,#1040);
#1038 = CARTESIAN_POINT('',(116.55,-71.35000000003,8.41));
#1039 = DIRECTION('',(-1.,0.,0.));
#1040 = DIRECTION('',(0.,1.,0.));
#1041 = DEFINITIONAL_REPRESENTATION('',(#1042),#1045);
#1042 = B_SPLINE_CURVE_WITH_KNOTS('',1,(#1043,#1044),.UNSPECIFIED.,.F.,
  .F.,(2,2),(-57.52499997948,19.174999998381),.PIECEWISE_BEZIER_KNOTS.);
#1043 = CARTESIAN_POINT('',(76.699999977862,-3.1));
#1044 = CARTESIAN_POINT('',(-7.105427357601E-15,-3.1));
#1045 = ( GEOMETRIC_REPRESENTATION_CONTEXT(2) 
PARAMETRIC_REPRESENTATION_CONTEXT() REPRESENTATION_CONTEXT('2D SPACE',''
  ) );
#1046 = ORIENTED_EDGE('',*,*,#1047,.T.);
#1047 = EDGE_CURVE('',#1021,#1048,#1050,.T.);
#1048 = VERTEX_POINT('',#1049);
#1049 = CARTESIAN_POINT('',(117.75,-21.89711431703,11.51));
#1050 = SURFACE_CURVE('',#1051,(#1056,#1063),.PCURVE_S1.);
#1051 = CIRCLE('',#1052,4.5);
#1052 = AXIS2_PLACEMENT_3D('',#1053,#1054,#1055);
#1053 = CARTESIAN_POINT('',(115.5,-18.,11.51));
#1054 = DIRECTION('',(0.,0.,1.));
#1055 = DIRECTION('',(1.,0.,-0.));
#1056 = PCURVE('',#126,#1057);
#1057 = DEFINITIONAL_REPRESENTATION('',(#1058),#1062);
#1058 = CIRCLE('',#1059,4.5);
#1059 = AXIS2_PLACEMENT_2D('',#1060,#1061);
#1060 = CARTESIAN_POINT('',(56.8,15.000000003246));
#1061 = DIRECTION('',(1.,0.));
#1062 = ( GEOMETRIC_REPRESENTATION_CONTEXT(2) 
PARAMETRIC_REPRESENTATION_CONTEXT() REPRESENTATION_CONTEXT('2D SPACE',''
  ) );
#1063 = PCURVE('',#1064,#1069);
#1064 = CYLINDRICAL_SURFACE('',#1065,4.5);
#1065 = AXIS2_PLACEMENT_3D('',#1066,#1067,#1068);
#1066 = CARTESIAN_POINT('',(115.5,-18.,8.31));
#1067 = DIRECTION('',(0.,0.,1.));
#1068 = DIRECTION('',(1.,0.,-0.));
#1069 = DEFINITIONAL_REPRESENTATION('',(#1070),#1074);
#1070 = LINE('',#1071,#1072);
#1071 = CARTESIAN_POINT('',(0.,3.2));
#1072 = VECTOR('',#1073,1.);
#1073 = DIRECTION('',(1.,0.));
#1074 = ( GEOMETRIC_REPRESENTATION_CONTEXT(2) 
PARAMETRIC_REPRESENTATION_CONTEXT() REPRESENTATION_CONTEXT('2D SPACE',''
  ) );
#1075 = ORIENTED_EDGE('',*,*,#1076,.F.);
#1076 = EDGE_CURVE('',#1077,#1048,#1079,.T.);
#1077 = VERTEX_POINT('',#1078);
#1078 = CARTESIAN_POINT('',(117.75,-30.33856217677,11.51));
#1079 = SURFACE_CURVE('',#1080,(#1084,#1091),.PCURVE_S1.);
#1080 = LINE('',#1081,#1082);
#1081 = CARTESIAN_POINT('',(117.75,-32.99999999999,11.51));
#1082 = VECTOR('',#1083,1.);
#1083 = DIRECTION('',(0.,1.,0.));
#1084 = PCURVE('',#126,#1085);
#1085 = DEFINITIONAL_REPRESENTATION('',(#1086),#1090);
#1086 = LINE('',#1087,#1088);
#1087 = CARTESIAN_POINT('',(59.05,3.253049385421E-09));
#1088 = VECTOR('',#1089,1.);
#1089 = DIRECTION('',(0.,1.));
#1090 = ( GEOMETRIC_REPRESENTATION_CONTEXT(2) 
PARAMETRIC_REPRESENTATION_CONTEXT() REPRESENTATION_CONTEXT('2D SPACE',''
  ) );
#1091 = PCURVE('',#1092,#1097);
#1092 = PLANE('',#1093);
#1093 = AXIS2_PLACEMENT_3D('',#1094,#1095,#1096);
#1094 = CARTESIAN_POINT('',(117.75,-71.95,8.51));
#1095 = DIRECTION('',(-1.,0.,0.));
#1096 = DIRECTION('',(0.,1.,0.));
#1097 = DEFINITIONAL_REPRESENTATION('',(#1098),#1102);
#1098 = LINE('',#1099,#1100);
#1099 = CARTESIAN_POINT('',(38.950000000014,-3.));
#1100 = VECTOR('',#1101,1.);
#1101 = DIRECTION('',(1.,0.));
#1102 = ( GEOMETRIC_REPRESENTATION_CONTEXT(2) 
PARAMETRIC_REPRESENTATION_CONTEXT() REPRESENTATION_CONTEXT('2D SPACE',''
  ) );
#1103 = ORIENTED_EDGE('',*,*,#1104,.T.);
#1104 = EDGE_CURVE('',#1077,#1105,#1107,.T.);
#1105 = VERTEX_POINT('',#1106);
#1106 = CARTESIAN_POINT('',(117.999999998,-31.,11.51));
#1107 = SURFACE_CURVE('',#1108,(#1113,#1124),.PCURVE_S1.);
#1108 = CIRCLE('',#1109,1.);
#1109 = AXIS2_PLACEMENT_3D('',#1110,#1111,#1112);
#1110 = CARTESIAN_POINT('',(116.99999999599,-31.,11.51));
#1111 = DIRECTION('',(0.,0.,-1.));
#1112 = DIRECTION('',(1.,0.,0.));
#1113 = PCURVE('',#126,#1114);
#1114 = DEFINITIONAL_REPRESENTATION('',(#1115),#1123);
#1115 = ( BOUNDED_CURVE() B_SPLINE_CURVE(2,(#1116,#1117,#1118,#1119,
#1120,#1121,#1122),.UNSPECIFIED.,.T.,.F.) B_SPLINE_CURVE_WITH_KNOTS((1,2
    ,2,2,2,1),(-2.094395102393,0.,2.094395102393,4.188790204786,
6.28318530718,8.377580409573),.UNSPECIFIED.) CURVE() 
GEOMETRIC_REPRESENTATION_ITEM() RATIONAL_B_SPLINE_CURVE((1.,0.5,1.,0.5,
1.,0.5,1.)) REPRESENTATION_ITEM('') );
#1116 = CARTESIAN_POINT('',(59.299999995999,2.000000003246));
#1117 = CARTESIAN_POINT('',(59.299999995999,0.267949195677));
#1118 = CARTESIAN_POINT('',(57.799999995999,1.133974599462));
#1119 = CARTESIAN_POINT('',(56.299999995999,2.000000003246));
#1120 = CARTESIAN_POINT('',(57.799999995999,2.86602540703));
#1121 = CARTESIAN_POINT('',(59.299999995999,3.732050810815));
#1122 = CARTESIAN_POINT('',(59.299999995999,2.000000003246));
#1123 = ( GEOMETRIC_REPRESENTATION_CONTEXT(2) 
PARAMETRIC_REPRESENTATION_CONTEXT() REPRESENTATION_CONTEXT('2D SPACE',''
  ) );
#1124 = PCURVE('',#1125,#1130);
#1125 = CYLINDRICAL_SURFACE('',#1126,1.);
#1126 = AXIS2_PLACEMENT_3D('',#1127,#1128,#1129);
#1127 = CARTESIAN_POINT('',(116.99999999599,-31.,11.41));
#1128 = DIRECTION('',(-0.,-0.,-1.));
#1129 = DIRECTION('',(1.,0.,0.));
#1130 = DEFINITIONAL_REPRESENTATION('',(#1131),#1135);
#1131 = LINE('',#1132,#1133);
#1132 = CARTESIAN_POINT('',(-6.28318530718,-1.E-01));
#1133 = VECTOR('',#1134,1.);
#1134 = DIRECTION('',(1.,-0.));
#1135 = ( GEOMETRIC_REPRESENTATION_CONTEXT(2) 
PARAMETRIC_REPRESENTATION_CONTEXT() REPRESENTATION_CONTEXT('2D SPACE',''
  ) );
#1136 = ORIENTED_EDGE('',*,*,#1137,.F.);
#1137 = EDGE_CURVE('',#1138,#1105,#1140,.T.);
#1138 = VERTEX_POINT('',#1139);
#1139 = CARTESIAN_POINT('',(118.,-64.,11.51));
#1140 = SURFACE_CURVE('',#1141,(#1145,#1152),.PCURVE_S1.);
#1141 = LINE('',#1142,#1143);
#1142 = CARTESIAN_POINT('',(118.,-64.,11.51));
#1143 = VECTOR('',#1144,1.);
#1144 = DIRECTION('',(-6.061058725622E-11,1.,0.));
#1145 = PCURVE('',#126,#1146);
#1146 = DEFINITIONAL_REPRESENTATION('',(#1147),#1151);
#1147 = LINE('',#1148,#1149);
#1148 = CARTESIAN_POINT('',(59.3,-30.99999999675));
#1149 = VECTOR('',#1150,1.);
#1150 = DIRECTION('',(-6.061058725622E-11,1.));
#1151 = ( GEOMETRIC_REPRESENTATION_CONTEXT(2) 
PARAMETRIC_REPRESENTATION_CONTEXT() REPRESENTATION_CONTEXT('2D SPACE',''
  ) );
#1152 = PCURVE('',#1153,#1158);
#1153 = PLANE('',#1154);
#1154 = AXIS2_PLACEMENT_3D('',#1155,#1156,#1157);
#1155 = CARTESIAN_POINT('',(118.,-64.,11.41));
#1156 = DIRECTION('',(-1.,0.,0.));
#1157 = DIRECTION('',(0.,1.,0.));
#1158 = DEFINITIONAL_REPRESENTATION('',(#1159),#1163);
#1159 = LINE('',#1160,#1161);
#1160 = CARTESIAN_POINT('',(0.,-1.E-01));
#1161 = VECTOR('',#1162,1.);
#1162 = DIRECTION('',(1.,0.));
#1163 = ( GEOMETRIC_REPRESENTATION_CONTEXT(2) 
PARAMETRIC_REPRESENTATION_CONTEXT() REPRESENTATION_CONTEXT('2D SPACE',''
  ) );
#1164 = ORIENTED_EDGE('',*,*,#1165,.T.);
#1165 = EDGE_CURVE('',#1138,#1166,#1168,.T.);
#1166 = VERTEX_POINT('',#1167);
#1167 = CARTESIAN_POINT('',(117.75,-64.66143782776,11.51));
#1168 = SURFACE_CURVE('',#1169,(#1174,#1185),.PCURVE_S1.);
#1169 = CIRCLE('',#1170,1.);
#1170 = AXIS2_PLACEMENT_3D('',#1171,#1172,#1173);
#1171 = CARTESIAN_POINT('',(117.,-64.,11.51));
#1172 = DIRECTION('',(0.,0.,-1.));
#1173 = DIRECTION('',(-1.,0.,0.));
#1174 = PCURVE('',#126,#1175);
#1175 = DEFINITIONAL_REPRESENTATION('',(#1176),#1184);
#1176 = ( BOUNDED_CURVE() B_SPLINE_CURVE(2,(#1177,#1178,#1179,#1180,
#1181,#1182,#1183),.UNSPECIFIED.,.T.,.F.) B_SPLINE_CURVE_WITH_KNOTS((1,2
    ,2,2,2,1),(-2.094395102393,0.,2.094395102393,4.188790204786,
6.28318530718,8.377580409573),.UNSPECIFIED.) CURVE() 
GEOMETRIC_REPRESENTATION_ITEM() RATIONAL_B_SPLINE_CURVE((1.,0.5,1.,0.5,
1.,0.5,1.)) REPRESENTATION_ITEM('') );
#1177 = CARTESIAN_POINT('',(57.3,-30.99999999675));
#1178 = CARTESIAN_POINT('',(57.3,-29.26794918918));
#1179 = CARTESIAN_POINT('',(58.8,-30.13397459297));
#1180 = CARTESIAN_POINT('',(60.3,-30.99999999675));
#1181 = CARTESIAN_POINT('',(58.8,-31.86602540053));
#1182 = CARTESIAN_POINT('',(57.3,-32.73205080432));
#1183 = CARTESIAN_POINT('',(57.3,-30.99999999675));
#1184 = ( GEOMETRIC_REPRESENTATION_CONTEXT(2) 
PARAMETRIC_REPRESENTATION_CONTEXT() REPRESENTATION_CONTEXT('2D SPACE',''
  ) );
#1185 = PCURVE('',#1186,#1191);
#1186 = CYLINDRICAL_SURFACE('',#1187,1.);
#1187 = AXIS2_PLACEMENT_3D('',#1188,#1189,#1190);
#1188 = CARTESIAN_POINT('',(117.,-64.,11.41));
#1189 = DIRECTION('',(0.,0.,-1.));
#1190 = DIRECTION('',(-1.,0.,0.));
#1191 = DEFINITIONAL_REPRESENTATION('',(#1192),#1196);
#1192 = LINE('',#1193,#1194);
#1193 = CARTESIAN_POINT('',(0.,-1.E-01));
#1194 = VECTOR('',#1195,1.);
#1195 = DIRECTION('',(1.,0.));
#1196 = ( GEOMETRIC_REPRESENTATION_CONTEXT(2) 
PARAMETRIC_REPRESENTATION_CONTEXT() REPRESENTATION_CONTEXT('2D SPACE',''
  ) );
#1197 = ORIENTED_EDGE('',*,*,#1198,.F.);
#1198 = EDGE_CURVE('',#1199,#1166,#1201,.T.);
#1199 = VERTEX_POINT('',#1200);
#1200 = CARTESIAN_POINT('',(117.75,-67.4380482878,11.51));
#1201 = SURFACE_CURVE('',#1202,(#1206,#1213),.PCURVE_S1.);
#1202 = LINE('',#1203,#1204);
#1203 = CARTESIAN_POINT('',(117.75,-32.99999999999,11.51));
#1204 = VECTOR('',#1205,1.);
#1205 = DIRECTION('',(0.,1.,0.));
#1206 = PCURVE('',#126,#1207);
#1207 = DEFINITIONAL_REPRESENTATION('',(#1208),#1212);
#1208 = LINE('',#1209,#1210);
#1209 = CARTESIAN_POINT('',(59.05,3.253049385421E-09));
#1210 = VECTOR('',#1211,1.);
#1211 = DIRECTION('',(0.,1.));
#1212 = ( GEOMETRIC_REPRESENTATION_CONTEXT(2) 
PARAMETRIC_REPRESENTATION_CONTEXT() REPRESENTATION_CONTEXT('2D SPACE',''
  ) );
#1213 = PCURVE('',#1214,#1219);
#1214 = PLANE('',#1215);
#1215 = AXIS2_PLACEMENT_3D('',#1216,#1217,#1218);
#1216 = CARTESIAN_POINT('',(117.75,-71.95,8.51));
#1217 = DIRECTION('',(-1.,0.,0.));
#1218 = DIRECTION('',(0.,1.,0.));
#1219 = DEFINITIONAL_REPRESENTATION('',(#1220),#1224);
#1220 = LINE('',#1221,#1222);
#1221 = CARTESIAN_POINT('',(38.950000000014,-3.));
#1222 = VECTOR('',#1223,1.);
#1223 = DIRECTION('',(1.,0.));
#1224 = ( GEOMETRIC_REPRESENTATION_CONTEXT(2) 
PARAMETRIC_REPRESENTATION_CONTEXT() REPRESENTATION_CONTEXT('2D SPACE',''
  ) );
#1225 = ORIENTED_EDGE('',*,*,#1226,.T.);
#1226 = EDGE_CURVE('',#1199,#1227,#1229,.T.);
#1227 = VERTEX_POINT('',#1228);
#1228 = CARTESIAN_POINT('',(116.55,-66.77536983867,11.51));
#1229 = SURFACE_CURVE('',#1230,(#1235,#1242),.PCURVE_S1.);
#1230 = CIRCLE('',#1231,4.5);
#1231 = AXIS2_PLACEMENT_3D('',#1232,#1233,#1234);
#1232 = CARTESIAN_POINT('',(115.,-71.,11.51));
#1233 = DIRECTION('',(0.,0.,1.));
#1234 = DIRECTION('',(1.,0.,-0.));
#1235 = PCURVE('',#126,#1236);
#1236 = DEFINITIONAL_REPRESENTATION('',(#1237),#1241);
#1237 = CIRCLE('',#1238,4.5);
#1238 = AXIS2_PLACEMENT_2D('',#1239,#1240);
#1239 = CARTESIAN_POINT('',(56.3,-37.99999999675));
#1240 = DIRECTION('',(1.,0.));
#1241 = ( GEOMETRIC_REPRESENTATION_CONTEXT(2) 
PARAMETRIC_REPRESENTATION_CONTEXT() REPRESENTATION_CONTEXT('2D SPACE',''
  ) );
#1242 = PCURVE('',#1243,#1248);
#1243 = CYLINDRICAL_SURFACE('',#1244,4.5);
#1244 = AXIS2_PLACEMENT_3D('',#1245,#1246,#1247);
#1245 = CARTESIAN_POINT('',(115.,-71.,8.31));
#1246 = DIRECTION('',(0.,0.,1.));
#1247 = DIRECTION('',(1.,0.,-0.));
#1248 = DEFINITIONAL_REPRESENTATION('',(#1249),#1253);
#1249 = LINE('',#1250,#1251);
#1250 = CARTESIAN_POINT('',(0.,3.2));
#1251 = VECTOR('',#1252,1.);
#1252 = DIRECTION('',(1.,0.));
#1253 = ( GEOMETRIC_REPRESENTATION_CONTEXT(2) 
PARAMETRIC_REPRESENTATION_CONTEXT() REPRESENTATION_CONTEXT('2D SPACE',''
  ) );
#1254 = ORIENTED_EDGE('',*,*,#1255,.F.);
#1255 = EDGE_CURVE('',#1256,#1227,#1258,.T.);
#1256 = VERTEX_POINT('',#1257);
#1257 = CARTESIAN_POINT('',(116.55,-65.,11.51));
#1258 = SURFACE_CURVE('',#1259,(#1263,#1270),.PCURVE_S1.);
#1259 = LINE('',#1260,#1261);
#1260 = CARTESIAN_POINT('',(116.55,-52.17500000164,11.51));
#1261 = VECTOR('',#1262,1.);
#1262 = DIRECTION('',(0.,-1.,0.));
#1263 = PCURVE('',#126,#1264);
#1264 = DEFINITIONAL_REPRESENTATION('',(#1265),#1269);
#1265 = LINE('',#1266,#1267);
#1266 = CARTESIAN_POINT('',(57.85,-19.1749999984));
#1267 = VECTOR('',#1268,1.);
#1268 = DIRECTION('',(0.,-1.));
#1269 = ( GEOMETRIC_REPRESENTATION_CONTEXT(2) 
PARAMETRIC_REPRESENTATION_CONTEXT() REPRESENTATION_CONTEXT('2D SPACE',''
  ) );
#1270 = PCURVE('',#1271,#1276);
#1271 = PLANE('',#1272);
#1272 = AXIS2_PLACEMENT_3D('',#1273,#1274,#1275);
#1273 = CARTESIAN_POINT('',(116.55,-71.35000000003,8.41));
#1274 = DIRECTION('',(-1.,0.,0.));
#1275 = DIRECTION('',(0.,1.,0.));
#1276 = DEFINITIONAL_REPRESENTATION('',(#1277),#1280);
#1277 = B_SPLINE_CURVE_WITH_KNOTS('',1,(#1278,#1279),.UNSPECIFIED.,.F.,
  .F.,(2,2),(-57.52499997948,19.174999998381),.PIECEWISE_BEZIER_KNOTS.);
#1278 = CARTESIAN_POINT('',(76.699999977862,-3.1));
#1279 = CARTESIAN_POINT('',(-7.105427357601E-15,-3.1));
#1280 = ( GEOMETRIC_REPRESENTATION_CONTEXT(2) 
PARAMETRIC_REPRESENTATION_CONTEXT() REPRESENTATION_CONTEXT('2D SPACE',''
  ) );
#1281 = ORIENTED_EDGE('',*,*,#1282,.F.);
#1282 = EDGE_CURVE('',#1283,#1256,#1285,.T.);
#1283 = VERTEX_POINT('',#1284);
#1284 = CARTESIAN_POINT('',(73.,-65.,11.51));
#1285 = SURFACE_CURVE('',#1286,(#1290,#1297),.PCURVE_S1.);
#1286 = LINE('',#1287,#1288);
#1287 = CARTESIAN_POINT('',(73.,-65.,11.51));
#1288 = VECTOR('',#1289,1.);
#1289 = DIRECTION('',(1.,0.,0.));
#1290 = PCURVE('',#126,#1291);
#1291 = DEFINITIONAL_REPRESENTATION('',(#1292),#1296);
#1292 = LINE('',#1293,#1294);
#1293 = CARTESIAN_POINT('',(14.3,-31.99999999675));
#1294 = VECTOR('',#1295,1.);
#1295 = DIRECTION('',(1.,0.));
#1296 = ( GEOMETRIC_REPRESENTATION_CONTEXT(2) 
PARAMETRIC_REPRESENTATION_CONTEXT() REPRESENTATION_CONTEXT('2D SPACE',''
  ) );
#1297 = PCURVE('',#1298,#1303);
#1298 = PLANE('',#1299);
#1299 = AXIS2_PLACEMENT_3D('',#1300,#1301,#1302);
#1300 = CARTESIAN_POINT('',(73.,-65.,11.41));
#1301 = DIRECTION('',(0.,1.,0.));
#1302 = DIRECTION('',(1.,0.,0.));
#1303 = DEFINITIONAL_REPRESENTATION('',(#1304),#1308);
#1304 = LINE('',#1305,#1306);
#1305 = CARTESIAN_POINT('',(0.,-1.E-01));
#1306 = VECTOR('',#1307,1.);
#1307 = DIRECTION('',(1.,0.));
#1308 = ( GEOMETRIC_REPRESENTATION_CONTEXT(2) 
PARAMETRIC_REPRESENTATION_CONTEXT() REPRESENTATION_CONTEXT('2D SPACE',''
  ) );
#1309 = ORIENTED_EDGE('',*,*,#1310,.T.);
#1310 = EDGE_CURVE('',#1283,#851,#1311,.T.);
#1311 = SURFACE_CURVE('',#1312,(#1317,#1328),.PCURVE_S1.);
#1312 = CIRCLE('',#1313,1.);
#1313 = AXIS2_PLACEMENT_3D('',#1314,#1315,#1316);
#1314 = CARTESIAN_POINT('',(73.,-64.,11.51));
#1315 = DIRECTION('',(0.,0.,-1.));
#1316 = DIRECTION('',(-1.,0.,0.));
#1317 = PCURVE('',#126,#1318);
#1318 = DEFINITIONAL_REPRESENTATION('',(#1319),#1327);
#1319 = ( BOUNDED_CURVE() B_SPLINE_CURVE(2,(#1320,#1321,#1322,#1323,
#1324,#1325,#1326),.UNSPECIFIED.,.T.,.F.) B_SPLINE_CURVE_WITH_KNOTS((1,2
    ,2,2,2,1),(-2.094395102393,0.,2.094395102393,4.188790204786,
6.28318530718,8.377580409573),.UNSPECIFIED.) CURVE() 
GEOMETRIC_REPRESENTATION_ITEM() RATIONAL_B_SPLINE_CURVE((1.,0.5,1.,0.5,
1.,0.5,1.)) REPRESENTATION_ITEM('') );
#1320 = CARTESIAN_POINT('',(13.3,-30.99999999675));
#1321 = CARTESIAN_POINT('',(13.3,-29.26794918918));
#1322 = CARTESIAN_POINT('',(14.8,-30.13397459297));
#1323 = CARTESIAN_POINT('',(16.3,-30.99999999675));
#1324 = CARTESIAN_POINT('',(14.8,-31.86602540053));
#1325 = CARTESIAN_POINT('',(13.3,-32.73205080432));
#1326 = CARTESIAN_POINT('',(13.3,-30.99999999675));
#1327 = ( GEOMETRIC_REPRESENTATION_CONTEXT(2) 
PARAMETRIC_REPRESENTATION_CONTEXT() REPRESENTATION_CONTEXT('2D SPACE',''
  ) );
#1328 = PCURVE('',#1329,#1334);
#1329 = CYLINDRICAL_SURFACE('',#1330,1.);
#1330 = AXIS2_PLACEMENT_3D('',#1331,#1332,#1333);
#1331 = CARTESIAN_POINT('',(73.,-64.,11.41));
#1332 = DIRECTION('',(0.,0.,-1.));
#1333 = DIRECTION('',(-1.,0.,0.));
#1334 = DEFINITIONAL_REPRESENTATION('',(#1335),#1339);
#1335 = LINE('',#1336,#1337);
#1336 = CARTESIAN_POINT('',(0.,-1.E-01));
#1337 = VECTOR('',#1338,1.);
#1338 = DIRECTION('',(1.,0.));
#1339 = ( GEOMETRIC_REPRESENTATION_CONTEXT(2) 
PARAMETRIC_REPRESENTATION_CONTEXT() REPRESENTATION_CONTEXT('2D SPACE',''
  ) );
#1340 = FACE_BOUND('',#1341,.F.);
#1341 = EDGE_LOOP('',(#1342,#1377,#1405,#1438,#1466,#1499,#1527,#1560));
#1342 = ORIENTED_EDGE('',*,*,#1343,.T.);
#1343 = EDGE_CURVE('',#1344,#1346,#1348,.T.);
#1344 = VERTEX_POINT('',#1345);
#1345 = CARTESIAN_POINT('',(7.24,-44.4,11.51));
#1346 = VERTEX_POINT('',#1347);
#1347 = CARTESIAN_POINT('',(6.24,-43.4,11.51));
#1348 = SURFACE_CURVE('',#1349,(#1354,#1365),.PCURVE_S1.);
#1349 = CIRCLE('',#1350,1.);
#1350 = AXIS2_PLACEMENT_3D('',#1351,#1352,#1353);
#1351 = CARTESIAN_POINT('',(7.24,-43.4,11.51));
#1352 = DIRECTION('',(0.,0.,-1.));
#1353 = DIRECTION('',(-1.,0.,0.));
#1354 = PCURVE('',#126,#1355);
#1355 = DEFINITIONAL_REPRESENTATION('',(#1356),#1364);
#1356 = ( BOUNDED_CURVE() B_SPLINE_CURVE(2,(#1357,#1358,#1359,#1360,
#1361,#1362,#1363),.UNSPECIFIED.,.T.,.F.) B_SPLINE_CURVE_WITH_KNOTS((1,2
    ,2,2,2,1),(-2.094395102393,0.,2.094395102393,4.188790204786,
6.28318530718,8.377580409573),.UNSPECIFIED.) CURVE() 
GEOMETRIC_REPRESENTATION_ITEM() RATIONAL_B_SPLINE_CURVE((1.,0.5,1.,0.5,
1.,0.5,1.)) REPRESENTATION_ITEM('') );
#1357 = CARTESIAN_POINT('',(-52.46,-10.39999999675));
#1358 = CARTESIAN_POINT('',(-52.46,-8.667949189187));
#1359 = CARTESIAN_POINT('',(-50.96,-9.533974592972));
#1360 = CARTESIAN_POINT('',(-49.46,-10.39999999675));
#1361 = CARTESIAN_POINT('',(-50.96,-11.26602540054));
#1362 = CARTESIAN_POINT('',(-52.46,-12.13205080432));
#1363 = CARTESIAN_POINT('',(-52.46,-10.39999999675));
#1364 = ( GEOMETRIC_REPRESENTATION_CONTEXT(2) 
PARAMETRIC_REPRESENTATION_CONTEXT() REPRESENTATION_CONTEXT('2D SPACE',''
  ) );
#1365 = PCURVE('',#1366,#1371);
#1366 = CYLINDRICAL_SURFACE('',#1367,1.);
#1367 = AXIS2_PLACEMENT_3D('',#1368,#1369,#1370);
#1368 = CARTESIAN_POINT('',(7.24,-43.4,8.06));
#1369 = DIRECTION('',(0.,0.,-1.));
#1370 = DIRECTION('',(-1.,0.,0.));
#1371 = DEFINITIONAL_REPRESENTATION('',(#1372),#1376);
#1372 = LINE('',#1373,#1374);
#1373 = CARTESIAN_POINT('',(0.,-3.45));
#1374 = VECTOR('',#1375,1.);
#1375 = DIRECTION('',(1.,0.));
#1376 = ( GEOMETRIC_REPRESENTATION_CONTEXT(2) 
PARAMETRIC_REPRESENTATION_CONTEXT() REPRESENTATION_CONTEXT('2D SPACE',''
  ) );
#1377 = ORIENTED_EDGE('',*,*,#1378,.T.);
#1378 = EDGE_CURVE('',#1346,#1379,#1381,.T.);
#1379 = VERTEX_POINT('',#1380);
#1380 = CARTESIAN_POINT('',(6.24,-8.800000001106,11.51));
#1381 = SURFACE_CURVE('',#1382,(#1386,#1393),.PCURVE_S1.);
#1382 = LINE('',#1383,#1384);
#1383 = CARTESIAN_POINT('',(6.24,-26.09999999999,11.51));
#1384 = VECTOR('',#1385,1.);
#1385 = DIRECTION('',(0.,1.,0.));
#1386 = PCURVE('',#126,#1387);
#1387 = DEFINITIONAL_REPRESENTATION('',(#1388),#1392);
#1388 = LINE('',#1389,#1390);
#1389 = CARTESIAN_POINT('',(-52.46,6.900000003248));
#1390 = VECTOR('',#1391,1.);
#1391 = DIRECTION('',(0.,1.));
#1392 = ( GEOMETRIC_REPRESENTATION_CONTEXT(2) 
PARAMETRIC_REPRESENTATION_CONTEXT() REPRESENTATION_CONTEXT('2D SPACE',''
  ) );
#1393 = PCURVE('',#1394,#1399);
#1394 = PLANE('',#1395);
#1395 = AXIS2_PLACEMENT_3D('',#1396,#1397,#1398);
#1396 = CARTESIAN_POINT('',(6.24,-43.4,8.06));
#1397 = DIRECTION('',(-1.,0.,0.));
#1398 = DIRECTION('',(0.,1.,0.));
#1399 = DEFINITIONAL_REPRESENTATION('',(#1400),#1404);
#1400 = LINE('',#1401,#1402);
#1401 = CARTESIAN_POINT('',(17.300000000004,-3.45));
#1402 = VECTOR('',#1403,1.);
#1403 = DIRECTION('',(1.,0.));
#1404 = ( GEOMETRIC_REPRESENTATION_CONTEXT(2) 
PARAMETRIC_REPRESENTATION_CONTEXT() REPRESENTATION_CONTEXT('2D SPACE',''
  ) );
#1405 = ORIENTED_EDGE('',*,*,#1406,.T.);
#1406 = EDGE_CURVE('',#1379,#1407,#1409,.T.);
#1407 = VERTEX_POINT('',#1408);
#1408 = CARTESIAN_POINT('',(7.24,-7.800000000552,11.51));
#1409 = SURFACE_CURVE('',#1410,(#1415,#1426),.PCURVE_S1.);
#1410 = CIRCLE('',#1411,1.);
#1411 = AXIS2_PLACEMENT_3D('',#1412,#1413,#1414);
#1412 = CARTESIAN_POINT('',(7.24,-8.800000001106,11.51));
#1413 = DIRECTION('',(0.,0.,-1.));
#1414 = DIRECTION('',(-1.,0.,0.));
#1415 = PCURVE('',#126,#1416);
#1416 = DEFINITIONAL_REPRESENTATION('',(#1417),#1425);
#1417 = ( BOUNDED_CURVE() B_SPLINE_CURVE(2,(#1418,#1419,#1420,#1421,
#1422,#1423,#1424),.UNSPECIFIED.,.T.,.F.) B_SPLINE_CURVE_WITH_KNOTS((1,2
    ,2,2,2,1),(-2.094395102393,0.,2.094395102393,4.188790204786,
6.28318530718,8.377580409573),.UNSPECIFIED.) CURVE() 
GEOMETRIC_REPRESENTATION_ITEM() RATIONAL_B_SPLINE_CURVE((1.,0.5,1.,0.5,
1.,0.5,1.)) REPRESENTATION_ITEM('') );
#1418 = CARTESIAN_POINT('',(-52.46,24.20000000214));
#1419 = CARTESIAN_POINT('',(-52.46,25.932050809709));
#1420 = CARTESIAN_POINT('',(-50.96,25.066025405924));
#1421 = CARTESIAN_POINT('',(-49.46,24.20000000214));
#1422 = CARTESIAN_POINT('',(-50.96,23.333974598356));
#1423 = CARTESIAN_POINT('',(-52.46,22.467949194571));
#1424 = CARTESIAN_POINT('',(-52.46,24.20000000214));
#1425 = ( GEOMETRIC_REPRESENTATION_CONTEXT(2) 
PARAMETRIC_REPRESENTATION_CONTEXT() REPRESENTATION_CONTEXT('2D SPACE',''
  ) );
#1426 = PCURVE('',#1427,#1432);
#1427 = CYLINDRICAL_SURFACE('',#1428,1.);
#1428 = AXIS2_PLACEMENT_3D('',#1429,#1430,#1431);
#1429 = CARTESIAN_POINT('',(7.24,-8.800000001106,8.06));
#1430 = DIRECTION('',(0.,0.,-1.));
#1431 = DIRECTION('',(-1.,0.,0.));
#1432 = DEFINITIONAL_REPRESENTATION('',(#1433),#1437);
#1433 = LINE('',#1434,#1435);
#1434 = CARTESIAN_POINT('',(0.,-3.45));
#1435 = VECTOR('',#1436,1.);
#1436 = DIRECTION('',(1.,0.));
#1437 = ( GEOMETRIC_REPRESENTATION_CONTEXT(2) 
PARAMETRIC_REPRESENTATION_CONTEXT() REPRESENTATION_CONTEXT('2D SPACE',''
  ) );
#1438 = ORIENTED_EDGE('',*,*,#1439,.T.);
#1439 = EDGE_CURVE('',#1407,#1440,#1442,.T.);
#1440 = VERTEX_POINT('',#1441);
#1441 = CARTESIAN_POINT('',(54.84,-7.800000000552,11.51));
#1442 = SURFACE_CURVE('',#1443,(#1447,#1454),.PCURVE_S1.);
#1443 = LINE('',#1444,#1445);
#1444 = CARTESIAN_POINT('',(31.04,-7.799999999998,11.51));
#1445 = VECTOR('',#1446,1.);
#1446 = DIRECTION('',(1.,0.,0.));
#1447 = PCURVE('',#126,#1448);
#1448 = DEFINITIONAL_REPRESENTATION('',(#1449),#1453);
#1449 = LINE('',#1450,#1451);
#1450 = CARTESIAN_POINT('',(-27.66,25.200000003248));
#1451 = VECTOR('',#1452,1.);
#1452 = DIRECTION('',(1.,0.));
#1453 = ( GEOMETRIC_REPRESENTATION_CONTEXT(2) 
PARAMETRIC_REPRESENTATION_CONTEXT() REPRESENTATION_CONTEXT('2D SPACE',''
  ) );
#1454 = PCURVE('',#1455,#1460);
#1455 = PLANE('',#1456);
#1456 = AXIS2_PLACEMENT_3D('',#1457,#1458,#1459);
#1457 = CARTESIAN_POINT('',(7.24,-7.799999999998,8.06));
#1458 = DIRECTION('',(0.,1.,0.));
#1459 = DIRECTION('',(1.,0.,0.));
#1460 = DEFINITIONAL_REPRESENTATION('',(#1461),#1465);
#1461 = LINE('',#1462,#1463);
#1462 = CARTESIAN_POINT('',(23.8,-3.45));
#1463 = VECTOR('',#1464,1.);
#1464 = DIRECTION('',(1.,0.));
#1465 = ( GEOMETRIC_REPRESENTATION_CONTEXT(2) 
PARAMETRIC_REPRESENTATION_CONTEXT() REPRESENTATION_CONTEXT('2D SPACE',''
  ) );
#1466 = ORIENTED_EDGE('',*,*,#1467,.T.);
#1467 = EDGE_CURVE('',#1440,#1468,#1470,.T.);
#1468 = VERTEX_POINT('',#1469);
#1469 = CARTESIAN_POINT('',(55.84,-8.800000001106,11.51));
#1470 = SURFACE_CURVE('',#1471,(#1476,#1487),.PCURVE_S1.);
#1471 = CIRCLE('',#1472,1.);
#1472 = AXIS2_PLACEMENT_3D('',#1473,#1474,#1475);
#1473 = CARTESIAN_POINT('',(54.84,-8.800000001106,11.51));
#1474 = DIRECTION('',(0.,0.,-1.));
#1475 = DIRECTION('',(-1.,0.,0.));
#1476 = PCURVE('',#126,#1477);
#1477 = DEFINITIONAL_REPRESENTATION('',(#1478),#1486);
#1478 = ( BOUNDED_CURVE() B_SPLINE_CURVE(2,(#1479,#1480,#1481,#1482,
#1483,#1484,#1485),.UNSPECIFIED.,.T.,.F.) B_SPLINE_CURVE_WITH_KNOTS((1,2
    ,2,2,2,1),(-2.094395102393,0.,2.094395102393,4.188790204786,
6.28318530718,8.377580409573),.UNSPECIFIED.) CURVE() 
GEOMETRIC_REPRESENTATION_ITEM() RATIONAL_B_SPLINE_CURVE((1.,0.5,1.,0.5,
1.,0.5,1.)) REPRESENTATION_ITEM('') );
#1479 = CARTESIAN_POINT('',(-4.86,24.20000000214));
#1480 = CARTESIAN_POINT('',(-4.86,25.932050809709));
#1481 = CARTESIAN_POINT('',(-3.36,25.066025405924));
#1482 = CARTESIAN_POINT('',(-1.86,24.20000000214));
#1483 = CARTESIAN_POINT('',(-3.36,23.333974598356));
#1484 = CARTESIAN_POINT('',(-4.86,22.467949194571));
#1485 = CARTESIAN_POINT('',(-4.86,24.20000000214));
#1486 = ( GEOMETRIC_REPRESENTATION_CONTEXT(2) 
PARAMETRIC_REPRESENTATION_CONTEXT() REPRESENTATION_CONTEXT('2D SPACE',''
  ) );
#1487 = PCURVE('',#1488,#1493);
#1488 = CYLINDRICAL_SURFACE('',#1489,1.);
#1489 = AXIS2_PLACEMENT_3D('',#1490,#1491,#1492);
#1490 = CARTESIAN_POINT('',(54.84,-8.800000001106,8.06));
#1491 = DIRECTION('',(0.,0.,-1.));
#1492 = DIRECTION('',(-1.,0.,0.));
#1493 = DEFINITIONAL_REPRESENTATION('',(#1494),#1498);
#1494 = LINE('',#1495,#1496);
#1495 = CARTESIAN_POINT('',(0.,-3.45));
#1496 = VECTOR('',#1497,1.);
#1497 = DIRECTION('',(1.,0.));
#1498 = ( GEOMETRIC_REPRESENTATION_CONTEXT(2) 
PARAMETRIC_REPRESENTATION_CONTEXT() REPRESENTATION_CONTEXT('2D SPACE',''
  ) );
#1499 = ORIENTED_EDGE('',*,*,#1500,.F.);
#1500 = EDGE_CURVE('',#1501,#1468,#1503,.T.);
#1501 = VERTEX_POINT('',#1502);
#1502 = CARTESIAN_POINT('',(55.84,-43.4,11.51));
#1503 = SURFACE_CURVE('',#1504,(#1508,#1515),.PCURVE_S1.);
#1504 = LINE('',#1505,#1506);
#1505 = CARTESIAN_POINT('',(55.84,-26.09999999999,11.51));
#1506 = VECTOR('',#1507,1.);
#1507 = DIRECTION('',(0.,1.,0.));
#1508 = PCURVE('',#126,#1509);
#1509 = DEFINITIONAL_REPRESENTATION('',(#1510),#1514);
#1510 = LINE('',#1511,#1512);
#1511 = CARTESIAN_POINT('',(-2.86,6.900000003248));
#1512 = VECTOR('',#1513,1.);
#1513 = DIRECTION('',(0.,1.));
#1514 = ( GEOMETRIC_REPRESENTATION_CONTEXT(2) 
PARAMETRIC_REPRESENTATION_CONTEXT() REPRESENTATION_CONTEXT('2D SPACE',''
  ) );
#1515 = PCURVE('',#1516,#1521);
#1516 = PLANE('',#1517);
#1517 = AXIS2_PLACEMENT_3D('',#1518,#1519,#1520);
#1518 = CARTESIAN_POINT('',(55.84,-43.4,8.06));
#1519 = DIRECTION('',(-1.,0.,0.));
#1520 = DIRECTION('',(0.,1.,0.));
#1521 = DEFINITIONAL_REPRESENTATION('',(#1522),#1526);
#1522 = LINE('',#1523,#1524);
#1523 = CARTESIAN_POINT('',(17.300000000004,-3.45));
#1524 = VECTOR('',#1525,1.);
#1525 = DIRECTION('',(1.,0.));
#1526 = ( GEOMETRIC_REPRESENTATION_CONTEXT(2) 
PARAMETRIC_REPRESENTATION_CONTEXT() REPRESENTATION_CONTEXT('2D SPACE',''
  ) );
#1527 = ORIENTED_EDGE('',*,*,#1528,.T.);
#1528 = EDGE_CURVE('',#1501,#1529,#1531,.T.);
#1529 = VERTEX_POINT('',#1530);
#1530 = CARTESIAN_POINT('',(54.84,-44.4,11.51));
#1531 = SURFACE_CURVE('',#1532,(#1537,#1548),.PCURVE_S1.);
#1532 = CIRCLE('',#1533,1.);
#1533 = AXIS2_PLACEMENT_3D('',#1534,#1535,#1536);
#1534 = CARTESIAN_POINT('',(54.84,-43.4,11.51));
#1535 = DIRECTION('',(0.,0.,-1.));
#1536 = DIRECTION('',(-1.,0.,0.));
#1537 = PCURVE('',#126,#1538);
#1538 = DEFINITIONAL_REPRESENTATION('',(#1539),#1547);
#1539 = ( BOUNDED_CURVE() B_SPLINE_CURVE(2,(#1540,#1541,#1542,#1543,
#1544,#1545,#1546),.UNSPECIFIED.,.T.,.F.) B_SPLINE_CURVE_WITH_KNOTS((1,2
    ,2,2,2,1),(-2.094395102393,0.,2.094395102393,4.188790204786,
6.28318530718,8.377580409573),.UNSPECIFIED.) CURVE() 
GEOMETRIC_REPRESENTATION_ITEM() RATIONAL_B_SPLINE_CURVE((1.,0.5,1.,0.5,
1.,0.5,1.)) REPRESENTATION_ITEM('') );
#1540 = CARTESIAN_POINT('',(-4.86,-10.39999999675));
#1541 = CARTESIAN_POINT('',(-4.86,-8.667949189187));
#1542 = CARTESIAN_POINT('',(-3.36,-9.533974592972));
#1543 = CARTESIAN_POINT('',(-1.86,-10.39999999675));
#1544 = CARTESIAN_POINT('',(-3.36,-11.26602540054));
#1545 = CARTESIAN_POINT('',(-4.86,-12.13205080432));
#1546 = CARTESIAN_POINT('',(-4.86,-10.39999999675));
#1547 = ( GEOMETRIC_REPRESENTATION_CONTEXT(2) 
PARAMETRIC_REPRESENTATION_CONTEXT() REPRESENTATION_CONTEXT('2D SPACE',''
  ) );
#1548 = PCURVE('',#1549,#1554);
#1549 = CYLINDRICAL_SURFACE('',#1550,1.);
#1550 = AXIS2_PLACEMENT_3D('',#1551,#1552,#1553);
#1551 = CARTESIAN_POINT('',(54.84,-43.4,8.06));
#1552 = DIRECTION('',(0.,0.,-1.));
#1553 = DIRECTION('',(-1.,0.,0.));
#1554 = DEFINITIONAL_REPRESENTATION('',(#1555),#1559);
#1555 = LINE('',#1556,#1557);
#1556 = CARTESIAN_POINT('',(0.,-3.45));
#1557 = VECTOR('',#1558,1.);
#1558 = DIRECTION('',(1.,0.));
#1559 = ( GEOMETRIC_REPRESENTATION_CONTEXT(2) 
PARAMETRIC_REPRESENTATION_CONTEXT() REPRESENTATION_CONTEXT('2D SPACE',''
  ) );
#1560 = ORIENTED_EDGE('',*,*,#1561,.F.);
#1561 = EDGE_CURVE('',#1344,#1529,#1562,.T.);
#1562 = SURFACE_CURVE('',#1563,(#1567,#1574),.PCURVE_S1.);
#1563 = LINE('',#1564,#1565);
#1564 = CARTESIAN_POINT('',(31.04,-44.39999999999,11.51));
#1565 = VECTOR('',#1566,1.);
#1566 = DIRECTION('',(1.,0.,0.));
#1567 = PCURVE('',#126,#1568);
#1568 = DEFINITIONAL_REPRESENTATION('',(#1569),#1573);
#1569 = LINE('',#1570,#1571);
#1570 = CARTESIAN_POINT('',(-27.66,-11.39999999675));
#1571 = VECTOR('',#1572,1.);
#1572 = DIRECTION('',(1.,0.));
#1573 = ( GEOMETRIC_REPRESENTATION_CONTEXT(2) 
PARAMETRIC_REPRESENTATION_CONTEXT() REPRESENTATION_CONTEXT('2D SPACE',''
  ) );
#1574 = PCURVE('',#1575,#1580);
#1575 = PLANE('',#1576);
#1576 = AXIS2_PLACEMENT_3D('',#1577,#1578,#1579);
#1577 = CARTESIAN_POINT('',(7.24,-44.39999999999,8.06));
#1578 = DIRECTION('',(0.,1.,0.));
#1579 = DIRECTION('',(1.,0.,0.));
#1580 = DEFINITIONAL_REPRESENTATION('',(#1581),#1585);
#1581 = LINE('',#1582,#1583);
#1582 = CARTESIAN_POINT('',(23.8,-3.45));
#1583 = VECTOR('',#1584,1.);
#1584 = DIRECTION('',(1.,0.));
#1585 = ( GEOMETRIC_REPRESENTATION_CONTEXT(2) 
PARAMETRIC_REPRESENTATION_CONTEXT() REPRESENTATION_CONTEXT('2D SPACE',''
  ) );
#1586 = FACE_BOUND('',#1587,.F.);
#1587 = EDGE_LOOP('',(#1588));
#1588 = ORIENTED_EDGE('',*,*,#1589,.F.);
#1589 = EDGE_CURVE('',#1590,#1590,#1592,.T.);
#1590 = VERTEX_POINT('',#1591);
#1591 = CARTESIAN_POINT('',(4.1,5.,11.51));
#1592 = SURFACE_CURVE('',#1593,(#1598,#1605),.PCURVE_S1.);
#1593 = CIRCLE('',#1594,1.7);
#1594 = AXIS2_PLACEMENT_3D('',#1595,#1596,#1597);
#1595 = CARTESIAN_POINT('',(2.4,5.,11.51));
#1596 = DIRECTION('',(0.,0.,1.));
#1597 = DIRECTION('',(1.,0.,-0.));
#1598 = PCURVE('',#126,#1599);
#1599 = DEFINITIONAL_REPRESENTATION('',(#1600),#1604);
#1600 = CIRCLE('',#1601,1.7);
#1601 = AXIS2_PLACEMENT_2D('',#1602,#1603);
#1602 = CARTESIAN_POINT('',(-56.3,38.000000003246));
#1603 = DIRECTION('',(1.,0.));
#1604 = ( GEOMETRIC_REPRESENTATION_CONTEXT(2) 
PARAMETRIC_REPRESENTATION_CONTEXT() REPRESENTATION_CONTEXT('2D SPACE',''
  ) );
#1605 = PCURVE('',#1606,#1611);
#1606 = CYLINDRICAL_SURFACE('',#1607,1.7);
#1607 = AXIS2_PLACEMENT_3D('',#1608,#1609,#1610);
#1608 = CARTESIAN_POINT('',(2.4,5.,11.31));
#1609 = DIRECTION('',(0.,0.,1.));
#1610 = DIRECTION('',(1.,0.,-0.));
#1611 = DEFINITIONAL_REPRESENTATION('',(#1612),#1616);
#1612 = LINE('',#1613,#1614);
#1613 = CARTESIAN_POINT('',(0.,0.2));
#1614 = VECTOR('',#1615,1.);
#1615 = DIRECTION('',(1.,0.));
#1616 = ( GEOMETRIC_REPRESENTATION_CONTEXT(2) 
PARAMETRIC_REPRESENTATION_CONTEXT() REPRESENTATION_CONTEXT('2D SPACE',''
  ) );
#1617 = FACE_BOUND('',#1618,.F.);
#1618 = EDGE_LOOP('',(#1619));
#1619 = ORIENTED_EDGE('',*,*,#1620,.F.);
#1620 = EDGE_CURVE('',#1621,#1621,#1623,.T.);
#1621 = VERTEX_POINT('',#1622);
#1622 = CARTESIAN_POINT('',(64.8,-13.8,11.51));
#1623 = SURFACE_CURVE('',#1624,(#1629,#1636),.PCURVE_S1.);
#1624 = CIRCLE('',#1625,1.);
#1625 = AXIS2_PLACEMENT_3D('',#1626,#1627,#1628);
#1626 = CARTESIAN_POINT('',(63.8,-13.8,11.51));
#1627 = DIRECTION('',(0.,0.,1.));
#1628 = DIRECTION('',(1.,0.,-0.));
#1629 = PCURVE('',#126,#1630);
#1630 = DEFINITIONAL_REPRESENTATION('',(#1631),#1635);
#1631 = CIRCLE('',#1632,1.);
#1632 = AXIS2_PLACEMENT_2D('',#1633,#1634);
#1633 = CARTESIAN_POINT('',(5.1,19.200000003246));
#1634 = DIRECTION('',(1.,0.));
#1635 = ( GEOMETRIC_REPRESENTATION_CONTEXT(2) 
PARAMETRIC_REPRESENTATION_CONTEXT() REPRESENTATION_CONTEXT('2D SPACE',''
  ) );
#1636 = PCURVE('',#1637,#1642);
#1637 = CYLINDRICAL_SURFACE('',#1638,1.);
#1638 = AXIS2_PLACEMENT_3D('',#1639,#1640,#1641);
#1639 = CARTESIAN_POINT('',(63.8,-13.8,11.41));
#1640 = DIRECTION('',(0.,0.,1.));
#1641 = DIRECTION('',(1.,0.,-0.));
#1642 = DEFINITIONAL_REPRESENTATION('',(#1643),#1647);
#1643 = LINE('',#1644,#1645);
#1644 = CARTESIAN_POINT('',(0.,1.E-01));
#1645 = VECTOR('',#1646,1.);
#1646 = DIRECTION('',(1.,0.));
#1647 = ( GEOMETRIC_REPRESENTATION_CONTEXT(2) 
PARAMETRIC_REPRESENTATION_CONTEXT() REPRESENTATION_CONTEXT('2D SPACE',''
  ) );
#1648 = FACE_BOUND('',#1649,.F.);
#1649 = EDGE_LOOP('',(#1650));
#1650 = ORIENTED_EDGE('',*,*,#1651,.F.);
#1651 = EDGE_CURVE('',#1652,#1652,#1654,.T.);
#1652 = VERTEX_POINT('',#1653);
#1653 = CARTESIAN_POINT('',(117.2,-18.,11.51));
#1654 = SURFACE_CURVE('',#1655,(#1660,#1667),.PCURVE_S1.);
#1655 = CIRCLE('',#1656,1.7);
#1656 = AXIS2_PLACEMENT_3D('',#1657,#1658,#1659);
#1657 = CARTESIAN_POINT('',(115.5,-18.,11.51));
#1658 = DIRECTION('',(0.,0.,1.));
#1659 = DIRECTION('',(1.,0.,-0.));
#1660 = PCURVE('',#126,#1661);
#1661 = DEFINITIONAL_REPRESENTATION('',(#1662),#1666);
#1662 = CIRCLE('',#1663,1.7);
#1663 = AXIS2_PLACEMENT_2D('',#1664,#1665);
#1664 = CARTESIAN_POINT('',(56.8,15.000000003246));
#1665 = DIRECTION('',(1.,0.));
#1666 = ( GEOMETRIC_REPRESENTATION_CONTEXT(2) 
PARAMETRIC_REPRESENTATION_CONTEXT() REPRESENTATION_CONTEXT('2D SPACE',''
  ) );
#1667 = PCURVE('',#1668,#1673);
#1668 = CYLINDRICAL_SURFACE('',#1669,1.7);
#1669 = AXIS2_PLACEMENT_3D('',#1670,#1671,#1672);
#1670 = CARTESIAN_POINT('',(115.5,-18.,11.31));
#1671 = DIRECTION('',(0.,0.,1.));
#1672 = DIRECTION('',(1.,0.,-0.));
#1673 = DEFINITIONAL_REPRESENTATION('',(#1674),#1678);
#1674 = LINE('',#1675,#1676);
#1675 = CARTESIAN_POINT('',(0.,0.2));
#1676 = VECTOR('',#1677,1.);
#1677 = DIRECTION('',(1.,0.));
#1678 = ( GEOMETRIC_REPRESENTATION_CONTEXT(2) 
PARAMETRIC_REPRESENTATION_CONTEXT() REPRESENTATION_CONTEXT('2D SPACE',''
  ) );
#1679 = FACE_BOUND('',#1680,.F.);
#1680 = EDGE_LOOP('',(#1681));
#1681 = ORIENTED_EDGE('',*,*,#1682,.F.);
#1682 = EDGE_CURVE('',#1683,#1683,#1685,.T.);
#1683 = VERTEX_POINT('',#1684);
#1684 = CARTESIAN_POINT('',(64.8,-10.8,11.51));
#1685 = SURFACE_CURVE('',#1686,(#1691,#1698),.PCURVE_S1.);
#1686 = CIRCLE('',#1687,1.);
#1687 = AXIS2_PLACEMENT_3D('',#1688,#1689,#1690);
#1688 = CARTESIAN_POINT('',(63.8,-10.8,11.51));
#1689 = DIRECTION('',(0.,0.,1.));
#1690 = DIRECTION('',(1.,0.,-0.));
#1691 = PCURVE('',#126,#1692);
#1692 = DEFINITIONAL_REPRESENTATION('',(#1693),#1697);
#1693 = CIRCLE('',#1694,1.);
#1694 = AXIS2_PLACEMENT_2D('',#1695,#1696);
#1695 = CARTESIAN_POINT('',(5.1,22.200000003246));
#1696 = DIRECTION('',(1.,0.));
#1697 = ( GEOMETRIC_REPRESENTATION_CONTEXT(2) 
PARAMETRIC_REPRESENTATION_CONTEXT() REPRESENTATION_CONTEXT('2D SPACE',''
  ) );
#1698 = PCURVE('',#1699,#1704);
#1699 = CYLINDRICAL_SURFACE('',#1700,1.);
#1700 = AXIS2_PLACEMENT_3D('',#1701,#1702,#1703);
#1701 = CARTESIAN_POINT('',(63.8,-10.8,11.41));
#1702 = DIRECTION('',(0.,0.,1.));
#1703 = DIRECTION('',(1.,0.,-0.));
#1704 = DEFINITIONAL_REPRESENTATION('',(#1705),#1709);
#1705 = LINE('',#1706,#1707);
#1706 = CARTESIAN_POINT('',(0.,1.E-01));
#1707 = VECTOR('',#1708,1.);
#1708 = DIRECTION('',(1.,0.));
#1709 = ( GEOMETRIC_REPRESENTATION_CONTEXT(2) 
PARAMETRIC_REPRESENTATION_CONTEXT() REPRESENTATION_CONTEXT('2D SPACE',''
  ) );
#1710 = FACE_BOUND('',#1711,.F.);
#1711 = EDGE_LOOP('',(#1712));
#1712 = ORIENTED_EDGE('',*,*,#1713,.F.);
#1713 = EDGE_CURVE('',#1714,#1714,#1716,.T.);
#1714 = VERTEX_POINT('',#1715);
#1715 = CARTESIAN_POINT('',(64.8,-7.8,11.51));
#1716 = SURFACE_CURVE('',#1717,(#1722,#1729),.PCURVE_S1.);
#1717 = CIRCLE('',#1718,1.);
#1718 = AXIS2_PLACEMENT_3D('',#1719,#1720,#1721);
#1719 = CARTESIAN_POINT('',(63.8,-7.8,11.51));
#1720 = DIRECTION('',(0.,0.,1.));
#1721 = DIRECTION('',(1.,0.,-0.));
#1722 = PCURVE('',#126,#1723);
#1723 = DEFINITIONAL_REPRESENTATION('',(#1724),#1728);
#1724 = CIRCLE('',#1725,1.);
#1725 = AXIS2_PLACEMENT_2D('',#1726,#1727);
#1726 = CARTESIAN_POINT('',(5.1,25.200000003246));
#1727 = DIRECTION('',(1.,0.));
#1728 = ( GEOMETRIC_REPRESENTATION_CONTEXT(2) 
PARAMETRIC_REPRESENTATION_CONTEXT() REPRESENTATION_CONTEXT('2D SPACE',''
  ) );
#1729 = PCURVE('',#1730,#1735);
#1730 = CYLINDRICAL_SURFACE('',#1731,1.);
#1731 = AXIS2_PLACEMENT_3D('',#1732,#1733,#1734);
#1732 = CARTESIAN_POINT('',(63.8,-7.8,11.41));
#1733 = DIRECTION('',(0.,0.,1.));
#1734 = DIRECTION('',(1.,0.,-0.));
#1735 = DEFINITIONAL_REPRESENTATION('',(#1736),#1740);
#1736 = LINE('',#1737,#1738);
#1737 = CARTESIAN_POINT('',(0.,1.E-01));
#1738 = VECTOR('',#1739,1.);
#1739 = DIRECTION('',(1.,0.));
#1740 = ( GEOMETRIC_REPRESENTATION_CONTEXT(2) 
PARAMETRIC_REPRESENTATION_CONTEXT() REPRESENTATION_CONTEXT('2D SPACE',''
  ) );
#1741 = FACE_BOUND('',#1742,.F.);
#1742 = EDGE_LOOP('',(#1743,#1773,#1802,#1829,#1862,#1889,#1918,#1946));
#1743 = ORIENTED_EDGE('',*,*,#1744,.F.);
#1744 = EDGE_CURVE('',#1745,#1747,#1749,.T.);
#1745 = VERTEX_POINT('',#1746);
#1746 = CARTESIAN_POINT('',(117.75,-14.10288568297,11.51));
#1747 = VERTEX_POINT('',#1748);
#1748 = CARTESIAN_POINT('',(117.75,5.949999984491,11.51));
#1749 = SURFACE_CURVE('',#1750,(#1754,#1761),.PCURVE_S1.);
#1750 = LINE('',#1751,#1752);
#1751 = CARTESIAN_POINT('',(117.75,-32.99999999999,11.51));
#1752 = VECTOR('',#1753,1.);
#1753 = DIRECTION('',(0.,1.,0.));
#1754 = PCURVE('',#126,#1755);
#1755 = DEFINITIONAL_REPRESENTATION('',(#1756),#1760);
#1756 = LINE('',#1757,#1758);
#1757 = CARTESIAN_POINT('',(59.05,3.253049385421E-09));
#1758 = VECTOR('',#1759,1.);
#1759 = DIRECTION('',(0.,1.));
#1760 = ( GEOMETRIC_REPRESENTATION_CONTEXT(2) 
PARAMETRIC_REPRESENTATION_CONTEXT() REPRESENTATION_CONTEXT('2D SPACE',''
  ) );
#1761 = PCURVE('',#1762,#1767);
#1762 = PLANE('',#1763);
#1763 = AXIS2_PLACEMENT_3D('',#1764,#1765,#1766);
#1764 = CARTESIAN_POINT('',(117.75,-71.95,8.51));
#1765 = DIRECTION('',(-1.,0.,0.));
#1766 = DIRECTION('',(0.,1.,0.));
#1767 = DEFINITIONAL_REPRESENTATION('',(#1768),#1772);
#1768 = LINE('',#1769,#1770);
#1769 = CARTESIAN_POINT('',(38.950000000014,-3.));
#1770 = VECTOR('',#1771,1.);
#1771 = DIRECTION('',(1.,0.));
#1772 = ( GEOMETRIC_REPRESENTATION_CONTEXT(2) 
PARAMETRIC_REPRESENTATION_CONTEXT() REPRESENTATION_CONTEXT('2D SPACE',''
  ) );
#1773 = ORIENTED_EDGE('',*,*,#1774,.T.);
#1774 = EDGE_CURVE('',#1745,#1775,#1777,.T.);
#1775 = VERTEX_POINT('',#1776);
#1776 = CARTESIAN_POINT('',(116.55,-13.62421435625,11.51));
#1777 = SURFACE_CURVE('',#1778,(#1783,#1790),.PCURVE_S1.);
#1778 = CIRCLE('',#1779,4.5);
#1779 = AXIS2_PLACEMENT_3D('',#1780,#1781,#1782);
#1780 = CARTESIAN_POINT('',(115.5,-18.,11.51));
#1781 = DIRECTION('',(0.,0.,1.));
#1782 = DIRECTION('',(1.,0.,-0.));
#1783 = PCURVE('',#126,#1784);
#1784 = DEFINITIONAL_REPRESENTATION('',(#1785),#1789);
#1785 = CIRCLE('',#1786,4.5);
#1786 = AXIS2_PLACEMENT_2D('',#1787,#1788);
#1787 = CARTESIAN_POINT('',(56.8,15.000000003246));
#1788 = DIRECTION('',(1.,0.));
#1789 = ( GEOMETRIC_REPRESENTATION_CONTEXT(2) 
PARAMETRIC_REPRESENTATION_CONTEXT() REPRESENTATION_CONTEXT('2D SPACE',''
  ) );
#1790 = PCURVE('',#1791,#1796);
#1791 = CYLINDRICAL_SURFACE('',#1792,4.5);
#1792 = AXIS2_PLACEMENT_3D('',#1793,#1794,#1795);
#1793 = CARTESIAN_POINT('',(115.5,-18.,8.31));
#1794 = DIRECTION('',(0.,0.,1.));
#1795 = DIRECTION('',(1.,0.,-0.));
#1796 = DEFINITIONAL_REPRESENTATION('',(#1797),#1801);
#1797 = LINE('',#1798,#1799);
#1798 = CARTESIAN_POINT('',(0.,3.2));
#1799 = VECTOR('',#1800,1.);
#1800 = DIRECTION('',(1.,0.));
#1801 = ( GEOMETRIC_REPRESENTATION_CONTEXT(2) 
PARAMETRIC_REPRESENTATION_CONTEXT() REPRESENTATION_CONTEXT('2D SPACE',''
  ) );
#1802 = ORIENTED_EDGE('',*,*,#1803,.F.);
#1803 = EDGE_CURVE('',#1804,#1775,#1806,.T.);
#1804 = VERTEX_POINT('',#1805);
#1805 = CARTESIAN_POINT('',(116.55,5.349999977832,11.51));
#1806 = SURFACE_CURVE('',#1807,(#1811,#1818),.PCURVE_S1.);
#1807 = LINE('',#1808,#1809);
#1808 = CARTESIAN_POINT('',(116.55,-52.17500000164,11.51));
#1809 = VECTOR('',#1810,1.);
#1810 = DIRECTION('',(0.,-1.,0.));
#1811 = PCURVE('',#126,#1812);
#1812 = DEFINITIONAL_REPRESENTATION('',(#1813),#1817);
#1813 = LINE('',#1814,#1815);
#1814 = CARTESIAN_POINT('',(57.85,-19.1749999984));
#1815 = VECTOR('',#1816,1.);
#1816 = DIRECTION('',(0.,-1.));
#1817 = ( GEOMETRIC_REPRESENTATION_CONTEXT(2) 
PARAMETRIC_REPRESENTATION_CONTEXT() REPRESENTATION_CONTEXT('2D SPACE',''
  ) );
#1818 = PCURVE('',#1819,#1824);
#1819 = PLANE('',#1820);
#1820 = AXIS2_PLACEMENT_3D('',#1821,#1822,#1823);
#1821 = CARTESIAN_POINT('',(116.55,-71.35000000003,8.41));
#1822 = DIRECTION('',(-1.,0.,0.));
#1823 = DIRECTION('',(0.,1.,0.));
#1824 = DEFINITIONAL_REPRESENTATION('',(#1825),#1828);
#1825 = B_SPLINE_CURVE_WITH_KNOTS('',1,(#1826,#1827),.UNSPECIFIED.,.F.,
  .F.,(2,2),(-57.52499997948,19.174999998381),.PIECEWISE_BEZIER_KNOTS.);
#1826 = CARTESIAN_POINT('',(76.699999977862,-3.1));
#1827 = CARTESIAN_POINT('',(-7.105427357601E-15,-3.1));
#1828 = ( GEOMETRIC_REPRESENTATION_CONTEXT(2) 
PARAMETRIC_REPRESENTATION_CONTEXT() REPRESENTATION_CONTEXT('2D SPACE',''
  ) );
#1829 = ORIENTED_EDGE('',*,*,#1830,.F.);
#1830 = EDGE_CURVE('',#1831,#1804,#1833,.T.);
#1831 = VERTEX_POINT('',#1832);
#1832 = CARTESIAN_POINT('',(115.35,6.549999988931,11.51));
#1833 = SURFACE_CURVE('',#1834,(#1839,#1850),.PCURVE_S1.);
#1834 = CIRCLE('',#1835,1.2);
#1835 = AXIS2_PLACEMENT_3D('',#1836,#1837,#1838);
#1836 = CARTESIAN_POINT('',(115.35,5.349999977832,11.51));
#1837 = DIRECTION('',(0.,0.,-1.));
#1838 = DIRECTION('',(1.,0.,0.));
#1839 = PCURVE('',#126,#1840);
#1840 = DEFINITIONAL_REPRESENTATION('',(#1841),#1849);
#1841 = ( BOUNDED_CURVE() B_SPLINE_CURVE(2,(#1842,#1843,#1844,#1845,
#1846,#1847,#1848),.UNSPECIFIED.,.T.,.F.) B_SPLINE_CURVE_WITH_KNOTS((1,2
    ,2,2,2,1),(-2.094395102393,0.,2.094395102393,4.188790204786,
6.28318530718,8.377580409573),.UNSPECIFIED.) CURVE() 
GEOMETRIC_REPRESENTATION_ITEM() RATIONAL_B_SPLINE_CURVE((1.,0.5,1.,0.5,
1.,0.5,1.)) REPRESENTATION_ITEM('') );
#1842 = CARTESIAN_POINT('',(57.85,38.349999981078));
#1843 = CARTESIAN_POINT('',(57.85,36.271539011995));
#1844 = CARTESIAN_POINT('',(56.05,37.310769496536));
#1845 = CARTESIAN_POINT('',(54.25,38.349999981078));
#1846 = CARTESIAN_POINT('',(56.05,39.389230465619));
#1847 = CARTESIAN_POINT('',(57.85,40.42846095016));
#1848 = CARTESIAN_POINT('',(57.85,38.349999981078));
#1849 = ( GEOMETRIC_REPRESENTATION_CONTEXT(2) 
PARAMETRIC_REPRESENTATION_CONTEXT() REPRESENTATION_CONTEXT('2D SPACE',''
  ) );
#1850 = PCURVE('',#1851,#1856);
#1851 = CYLINDRICAL_SURFACE('',#1852,1.2);
#1852 = AXIS2_PLACEMENT_3D('',#1853,#1854,#1855);
#1853 = CARTESIAN_POINT('',(115.35,5.349999977832,8.41));
#1854 = DIRECTION('',(-0.,-0.,-1.));
#1855 = DIRECTION('',(1.,0.,0.));
#1856 = DEFINITIONAL_REPRESENTATION('',(#1857),#1861);
#1857 = LINE('',#1858,#1859);
#1858 = CARTESIAN_POINT('',(-6.28318530718,-3.1));
#1859 = VECTOR('',#1860,1.);
#1860 = DIRECTION('',(1.,-0.));
#1861 = ( GEOMETRIC_REPRESENTATION_CONTEXT(2) 
PARAMETRIC_REPRESENTATION_CONTEXT() REPRESENTATION_CONTEXT('2D SPACE',''
  ) );
#1862 = ORIENTED_EDGE('',*,*,#1863,.T.);
#1863 = EDGE_CURVE('',#1831,#1864,#1866,.T.);
#1864 = VERTEX_POINT('',#1865);
#1865 = CARTESIAN_POINT('',(6.624630161317,6.55000000003,11.51));
#1866 = SURFACE_CURVE('',#1867,(#1871,#1878),.PCURVE_S1.);
#1867 = LINE('',#1868,#1869);
#1868 = CARTESIAN_POINT('',(30.375,6.55000000003,11.51));
#1869 = VECTOR('',#1870,1.);
#1870 = DIRECTION('',(-1.,0.,0.));
#1871 = PCURVE('',#126,#1872);
#1872 = DEFINITIONAL_REPRESENTATION('',(#1873),#1877);
#1873 = LINE('',#1874,#1875);
#1874 = CARTESIAN_POINT('',(-28.325,39.550000003276));
#1875 = VECTOR('',#1876,1.);
#1876 = DIRECTION('',(-1.,0.));
#1877 = ( GEOMETRIC_REPRESENTATION_CONTEXT(2) 
PARAMETRIC_REPRESENTATION_CONTEXT() REPRESENTATION_CONTEXT('2D SPACE',''
  ) );
#1878 = PCURVE('',#1879,#1884);
#1879 = PLANE('',#1880);
#1880 = AXIS2_PLACEMENT_3D('',#1881,#1882,#1883);
#1881 = CARTESIAN_POINT('',(2.05,6.55000000003,8.41));
#1882 = DIRECTION('',(0.,1.,0.));
#1883 = DIRECTION('',(1.,0.,0.));
#1884 = DEFINITIONAL_REPRESENTATION('',(#1885),#1888);
#1885 = B_SPLINE_CURVE_WITH_KNOTS('',1,(#1886,#1887),.UNSPECIFIED.,.F.,
  .F.,(2,2),(-84.975,28.325),.PIECEWISE_BEZIER_KNOTS.);
#1886 = CARTESIAN_POINT('',(113.3,-3.1));
#1887 = CARTESIAN_POINT('',(0.,-3.1));
#1888 = ( GEOMETRIC_REPRESENTATION_CONTEXT(2) 
PARAMETRIC_REPRESENTATION_CONTEXT() REPRESENTATION_CONTEXT('2D SPACE',''
  ) );
#1889 = ORIENTED_EDGE('',*,*,#1890,.T.);
#1890 = EDGE_CURVE('',#1864,#1891,#1893,.T.);
#1891 = VERTEX_POINT('',#1892);
#1892 = CARTESIAN_POINT('',(5.961951712188,7.750000000007,11.51));
#1893 = SURFACE_CURVE('',#1894,(#1899,#1906),.PCURVE_S1.);
#1894 = CIRCLE('',#1895,4.5);
#1895 = AXIS2_PLACEMENT_3D('',#1896,#1897,#1898);
#1896 = CARTESIAN_POINT('',(2.4,5.,11.51));
#1897 = DIRECTION('',(0.,0.,1.));
#1898 = DIRECTION('',(1.,0.,-0.));
#1899 = PCURVE('',#126,#1900);
#1900 = DEFINITIONAL_REPRESENTATION('',(#1901),#1905);
#1901 = CIRCLE('',#1902,4.5);
#1902 = AXIS2_PLACEMENT_2D('',#1903,#1904);
#1903 = CARTESIAN_POINT('',(-56.3,38.000000003246));
#1904 = DIRECTION('',(1.,0.));
#1905 = ( GEOMETRIC_REPRESENTATION_CONTEXT(2) 
PARAMETRIC_REPRESENTATION_CONTEXT() REPRESENTATION_CONTEXT('2D SPACE',''
  ) );
#1906 = PCURVE('',#1907,#1912);
#1907 = CYLINDRICAL_SURFACE('',#1908,4.5);
#1908 = AXIS2_PLACEMENT_3D('',#1909,#1910,#1911);
#1909 = CARTESIAN_POINT('',(2.4,5.,8.31));
#1910 = DIRECTION('',(0.,0.,1.));
#1911 = DIRECTION('',(1.,0.,-0.));
#1912 = DEFINITIONAL_REPRESENTATION('',(#1913),#1917);
#1913 = LINE('',#1914,#1915);
#1914 = CARTESIAN_POINT('',(0.,3.2));
#1915 = VECTOR('',#1916,1.);
#1916 = DIRECTION('',(1.,0.));
#1917 = ( GEOMETRIC_REPRESENTATION_CONTEXT(2) 
PARAMETRIC_REPRESENTATION_CONTEXT() REPRESENTATION_CONTEXT('2D SPACE',''
  ) );
#1918 = ORIENTED_EDGE('',*,*,#1919,.T.);
#1919 = EDGE_CURVE('',#1891,#1920,#1922,.T.);
#1920 = VERTEX_POINT('',#1921);
#1921 = CARTESIAN_POINT('',(115.95,7.749999992249,11.51));
#1922 = SURFACE_CURVE('',#1923,(#1927,#1934),.PCURVE_S1.);
#1923 = LINE('',#1924,#1925);
#1924 = CARTESIAN_POINT('',(58.7,7.750000000007,11.51));
#1925 = VECTOR('',#1926,1.);
#1926 = DIRECTION('',(1.,0.,0.));
#1927 = PCURVE('',#126,#1928);
#1928 = DEFINITIONAL_REPRESENTATION('',(#1929),#1933);
#1929 = LINE('',#1930,#1931);
#1930 = CARTESIAN_POINT('',(0.,40.750000003253));
#1931 = VECTOR('',#1932,1.);
#1932 = DIRECTION('',(1.,0.));
#1933 = ( GEOMETRIC_REPRESENTATION_CONTEXT(2) 
PARAMETRIC_REPRESENTATION_CONTEXT() REPRESENTATION_CONTEXT('2D SPACE',''
  ) );
#1934 = PCURVE('',#1935,#1940);
#1935 = PLANE('',#1936);
#1936 = AXIS2_PLACEMENT_3D('',#1937,#1938,#1939);
#1937 = CARTESIAN_POINT('',(1.45,7.750000000007,8.51));
#1938 = DIRECTION('',(0.,1.,0.));
#1939 = DIRECTION('',(1.,0.,0.));
#1940 = DEFINITIONAL_REPRESENTATION('',(#1941),#1945);
#1941 = LINE('',#1942,#1943);
#1942 = CARTESIAN_POINT('',(57.25,-3.));
#1943 = VECTOR('',#1944,1.);
#1944 = DIRECTION('',(1.,0.));
#1945 = ( GEOMETRIC_REPRESENTATION_CONTEXT(2) 
PARAMETRIC_REPRESENTATION_CONTEXT() REPRESENTATION_CONTEXT('2D SPACE',''
  ) );
#1946 = ORIENTED_EDGE('',*,*,#1947,.F.);
#1947 = EDGE_CURVE('',#1747,#1920,#1948,.T.);
#1948 = SURFACE_CURVE('',#1949,(#1954,#1961),.PCURVE_S1.);
#1949 = CIRCLE('',#1950,1.8);
#1950 = AXIS2_PLACEMENT_3D('',#1951,#1952,#1953);
#1951 = CARTESIAN_POINT('',(115.95,5.949999984491,11.51));
#1952 = DIRECTION('',(0.,0.,1.));
#1953 = DIRECTION('',(1.,0.,0.));
#1954 = PCURVE('',#126,#1955);
#1955 = DEFINITIONAL_REPRESENTATION('',(#1956),#1960);
#1956 = CIRCLE('',#1957,1.8);
#1957 = AXIS2_PLACEMENT_2D('',#1958,#1959);
#1958 = CARTESIAN_POINT('',(57.25,38.949999987737));
#1959 = DIRECTION('',(1.,0.));
#1960 = ( GEOMETRIC_REPRESENTATION_CONTEXT(2) 
PARAMETRIC_REPRESENTATION_CONTEXT() REPRESENTATION_CONTEXT('2D SPACE',''
  ) );
#1961 = PCURVE('',#1962,#1967);
#1962 = CYLINDRICAL_SURFACE('',#1963,1.8);
#1963 = AXIS2_PLACEMENT_3D('',#1964,#1965,#1966);
#1964 = CARTESIAN_POINT('',(115.95,5.949999984491,8.51));
#1965 = DIRECTION('',(-0.,-0.,-1.));
#1966 = DIRECTION('',(1.,0.,0.));
#1967 = DEFINITIONAL_REPRESENTATION('',(#1968),#1972);
#1968 = LINE('',#1969,#1970);
#1969 = CARTESIAN_POINT('',(-0.,-3.));
#1970 = VECTOR('',#1971,1.);
#1971 = DIRECTION('',(-1.,0.));
#1972 = ( GEOMETRIC_REPRESENTATION_CONTEXT(2) 
PARAMETRIC_REPRESENTATION_CONTEXT() REPRESENTATION_CONTEXT('2D SPACE',''
  ) );
#1973 = ADVANCED_FACE('',(#1974,#2414,#2445,#2476,#2507,#2538,#2569,
    #2600,#2838,#2869,#2895,#2926,#2952),#72,.T.);
#1974 = FACE_BOUND('',#1975,.T.);
#1975 = EDGE_LOOP('',(#1976,#1977,#1978,#2001,#2025,#2048,#2081,#2109,
    #2142,#2168,#2201,#2227,#2253,#2286,#2312,#2345,#2368,#2392,#2413));
#1976 = ORIENTED_EDGE('',*,*,#56,.F.);
#1977 = ORIENTED_EDGE('',*,*,#142,.T.);
#1978 = ORIENTED_EDGE('',*,*,#1979,.T.);
#1979 = EDGE_CURVE('',#143,#1980,#1982,.T.);
#1980 = VERTEX_POINT('',#1981);
#1981 = CARTESIAN_POINT('',(117.,-76.,14.01));
#1982 = SURFACE_CURVE('',#1983,(#1987,#1994),.PCURVE_S1.);
#1983 = LINE('',#1984,#1985);
#1984 = CARTESIAN_POINT('',(58.7,-75.99999999999,14.01));
#1985 = VECTOR('',#1986,1.);
#1986 = DIRECTION('',(1.,0.,0.));
#1987 = PCURVE('',#72,#1988);
#1988 = DEFINITIONAL_REPRESENTATION('',(#1989),#1993);
#1989 = LINE('',#1990,#1991);
#1990 = CARTESIAN_POINT('',(-2.760494995982E-16,-42.99999999675));
#1991 = VECTOR('',#1992,1.);
#1992 = DIRECTION('',(1.,0.));
#1993 = ( GEOMETRIC_REPRESENTATION_CONTEXT(2) 
PARAMETRIC_REPRESENTATION_CONTEXT() REPRESENTATION_CONTEXT('2D SPACE',''
  ) );
#1994 = PCURVE('',#182,#1995);
#1995 = DEFINITIONAL_REPRESENTATION('',(#1996),#2000);
#1996 = LINE('',#1997,#1998);
#1997 = CARTESIAN_POINT('',(58.3,-2.5));
#1998 = VECTOR('',#1999,1.);
#1999 = DIRECTION('',(1.,0.));
#2000 = ( GEOMETRIC_REPRESENTATION_CONTEXT(2) 
PARAMETRIC_REPRESENTATION_CONTEXT() REPRESENTATION_CONTEXT('2D SPACE',''
  ) );
#2001 = ORIENTED_EDGE('',*,*,#2002,.T.);
#2002 = EDGE_CURVE('',#1980,#2003,#2005,.T.);
#2003 = VERTEX_POINT('',#2004);
#2004 = CARTESIAN_POINT('',(120.,-73.,14.01));
#2005 = SURFACE_CURVE('',#2006,(#2011,#2018),.PCURVE_S1.);
#2006 = CIRCLE('',#2007,3.);
#2007 = AXIS2_PLACEMENT_3D('',#2008,#2009,#2010);
#2008 = CARTESIAN_POINT('',(117.,-73.,14.01));
#2009 = DIRECTION('',(0.,0.,1.));
#2010 = DIRECTION('',(1.,0.,0.));
#2011 = PCURVE('',#72,#2012);
#2012 = DEFINITIONAL_REPRESENTATION('',(#2013),#2017);
#2013 = CIRCLE('',#2014,3.);
#2014 = AXIS2_PLACEMENT_2D('',#2015,#2016);
#2015 = CARTESIAN_POINT('',(58.3,-39.99999999675));
#2016 = DIRECTION('',(1.,0.));
#2017 = ( GEOMETRIC_REPRESENTATION_CONTEXT(2) 
PARAMETRIC_REPRESENTATION_CONTEXT() REPRESENTATION_CONTEXT('2D SPACE',''
  ) );
#2018 = PCURVE('',#339,#2019);
#2019 = DEFINITIONAL_REPRESENTATION('',(#2020),#2024);
#2020 = LINE('',#2021,#2022);
#2021 = CARTESIAN_POINT('',(-0.,-2.5));
#2022 = VECTOR('',#2023,1.);
#2023 = DIRECTION('',(-1.,0.));
#2024 = ( GEOMETRIC_REPRESENTATION_CONTEXT(2) 
PARAMETRIC_REPRESENTATION_CONTEXT() REPRESENTATION_CONTEXT('2D SPACE',''
  ) );
#2025 = ORIENTED_EDGE('',*,*,#2026,.T.);
#2026 = EDGE_CURVE('',#2003,#2027,#2029,.T.);
#2027 = VERTEX_POINT('',#2028);
#2028 = CARTESIAN_POINT('',(120.,-65.,14.01));
#2029 = SURFACE_CURVE('',#2030,(#2034,#2041),.PCURVE_S1.);
#2030 = LINE('',#2031,#2032);
#2031 = CARTESIAN_POINT('',(120.,-32.99999999999,14.01));
#2032 = VECTOR('',#2033,1.);
#2033 = DIRECTION('',(0.,1.,0.));
#2034 = PCURVE('',#72,#2035);
#2035 = DEFINITIONAL_REPRESENTATION('',(#2036),#2040);
#2036 = LINE('',#2037,#2038);
#2037 = CARTESIAN_POINT('',(61.3,3.249137332122E-09));
#2038 = VECTOR('',#2039,1.);
#2039 = DIRECTION('',(0.,1.));
#2040 = ( GEOMETRIC_REPRESENTATION_CONTEXT(2) 
PARAMETRIC_REPRESENTATION_CONTEXT() REPRESENTATION_CONTEXT('2D SPACE',''
  ) );
#2041 = PCURVE('',#367,#2042);
#2042 = DEFINITIONAL_REPRESENTATION('',(#2043),#2047);
#2043 = LINE('',#2044,#2045);
#2044 = CARTESIAN_POINT('',(40.000000000006,-2.5));
#2045 = VECTOR('',#2046,1.);
#2046 = DIRECTION('',(1.,0.));
#2047 = ( GEOMETRIC_REPRESENTATION_CONTEXT(2) 
PARAMETRIC_REPRESENTATION_CONTEXT() REPRESENTATION_CONTEXT('2D SPACE',''
  ) );
#2048 = ORIENTED_EDGE('',*,*,#2049,.T.);
#2049 = EDGE_CURVE('',#2027,#2050,#2052,.T.);
#2050 = VERTEX_POINT('',#2051);
#2051 = CARTESIAN_POINT('',(118.,-67.,14.01));
#2052 = SURFACE_CURVE('',#2053,(#2058,#2069),.PCURVE_S1.);
#2053 = CIRCLE('',#2054,2.);
#2054 = AXIS2_PLACEMENT_3D('',#2055,#2056,#2057);
#2055 = CARTESIAN_POINT('',(118.,-65.,14.01));
#2056 = DIRECTION('',(0.,0.,-1.));
#2057 = DIRECTION('',(1.,0.,0.));
#2058 = PCURVE('',#72,#2059);
#2059 = DEFINITIONAL_REPRESENTATION('',(#2060),#2068);
#2060 = ( BOUNDED_CURVE() B_SPLINE_CURVE(2,(#2061,#2062,#2063,#2064,
#2065,#2066,#2067),.UNSPECIFIED.,.T.,.F.) B_SPLINE_CURVE_WITH_KNOTS((1,2
    ,2,2,2,1),(-2.094395102393,0.,2.094395102393,4.188790204786,
6.28318530718,8.377580409573),.UNSPECIFIED.) CURVE() 
GEOMETRIC_REPRESENTATION_ITEM() RATIONAL_B_SPLINE_CURVE((1.,0.5,1.,0.5,
1.,0.5,1.)) REPRESENTATION_ITEM('') );
#2061 = CARTESIAN_POINT('',(61.3,-31.99999999675));
#2062 = CARTESIAN_POINT('',(61.3,-35.46410161189));
#2063 = CARTESIAN_POINT('',(58.3,-33.73205080432));
#2064 = CARTESIAN_POINT('',(55.3,-31.99999999675));
#2065 = CARTESIAN_POINT('',(58.3,-30.26794918918));
#2066 = CARTESIAN_POINT('',(61.3,-28.53589838161));
#2067 = CARTESIAN_POINT('',(61.3,-31.99999999675));
#2068 = ( GEOMETRIC_REPRESENTATION_CONTEXT(2) 
PARAMETRIC_REPRESENTATION_CONTEXT() REPRESENTATION_CONTEXT('2D SPACE',''
  ) );
#2069 = PCURVE('',#2070,#2075);
#2070 = CYLINDRICAL_SURFACE('',#2071,2.);
#2071 = AXIS2_PLACEMENT_3D('',#2072,#2073,#2074);
#2072 = CARTESIAN_POINT('',(118.,-65.,11.51));
#2073 = DIRECTION('',(-0.,-0.,-1.));
#2074 = DIRECTION('',(1.,0.,0.));
#2075 = DEFINITIONAL_REPRESENTATION('',(#2076),#2080);
#2076 = LINE('',#2077,#2078);
#2077 = CARTESIAN_POINT('',(-6.28318530718,-2.5));
#2078 = VECTOR('',#2079,1.);
#2079 = DIRECTION('',(1.,-0.));
#2080 = ( GEOMETRIC_REPRESENTATION_CONTEXT(2) 
PARAMETRIC_REPRESENTATION_CONTEXT() REPRESENTATION_CONTEXT('2D SPACE',''
  ) );
#2081 = ORIENTED_EDGE('',*,*,#2082,.T.);
#2082 = EDGE_CURVE('',#2050,#2083,#2085,.T.);
#2083 = VERTEX_POINT('',#2084);
#2084 = CARTESIAN_POINT('',(72.,-67.,14.01));
#2085 = SURFACE_CURVE('',#2086,(#2090,#2097),.PCURVE_S1.);
#2086 = LINE('',#2087,#2088);
#2087 = CARTESIAN_POINT('',(118.,-67.,14.01));
#2088 = VECTOR('',#2089,1.);
#2089 = DIRECTION('',(-1.,0.,0.));
#2090 = PCURVE('',#72,#2091);
#2091 = DEFINITIONAL_REPRESENTATION('',(#2092),#2096);
#2092 = LINE('',#2093,#2094);
#2093 = CARTESIAN_POINT('',(59.3,-33.99999999675));
#2094 = VECTOR('',#2095,1.);
#2095 = DIRECTION('',(-1.,0.));
#2096 = ( GEOMETRIC_REPRESENTATION_CONTEXT(2) 
PARAMETRIC_REPRESENTATION_CONTEXT() REPRESENTATION_CONTEXT('2D SPACE',''
  ) );
#2097 = PCURVE('',#2098,#2103);
#2098 = PLANE('',#2099);
#2099 = AXIS2_PLACEMENT_3D('',#2100,#2101,#2102);
#2100 = CARTESIAN_POINT('',(72.,-67.,11.51));
#2101 = DIRECTION('',(0.,1.,0.));
#2102 = DIRECTION('',(1.,0.,0.));
#2103 = DEFINITIONAL_REPRESENTATION('',(#2104),#2108);
#2104 = LINE('',#2105,#2106);
#2105 = CARTESIAN_POINT('',(46.,-2.5));
#2106 = VECTOR('',#2107,1.);
#2107 = DIRECTION('',(-1.,0.));
#2108 = ( GEOMETRIC_REPRESENTATION_CONTEXT(2) 
PARAMETRIC_REPRESENTATION_CONTEXT() REPRESENTATION_CONTEXT('2D SPACE',''
  ) );
#2109 = ORIENTED_EDGE('',*,*,#2110,.T.);
#2110 = EDGE_CURVE('',#2083,#2111,#2113,.T.);
#2111 = VERTEX_POINT('',#2112);
#2112 = CARTESIAN_POINT('',(70.,-65.,14.01));
#2113 = SURFACE_CURVE('',#2114,(#2119,#2130),.PCURVE_S1.);
#2114 = CIRCLE('',#2115,2.);
#2115 = AXIS2_PLACEMENT_3D('',#2116,#2117,#2118);
#2116 = CARTESIAN_POINT('',(72.,-65.,14.01));
#2117 = DIRECTION('',(0.,0.,-1.));
#2118 = DIRECTION('',(1.,0.,0.));
#2119 = PCURVE('',#72,#2120);
#2120 = DEFINITIONAL_REPRESENTATION('',(#2121),#2129);
#2121 = ( BOUNDED_CURVE() B_SPLINE_CURVE(2,(#2122,#2123,#2124,#2125,
#2126,#2127,#2128),.UNSPECIFIED.,.T.,.F.) B_SPLINE_CURVE_WITH_KNOTS((1,2
    ,2,2,2,1),(-2.094395102393,0.,2.094395102393,4.188790204786,
6.28318530718,8.377580409573),.UNSPECIFIED.) CURVE() 
GEOMETRIC_REPRESENTATION_ITEM() RATIONAL_B_SPLINE_CURVE((1.,0.5,1.,0.5,
1.,0.5,1.)) REPRESENTATION_ITEM('') );
#2122 = CARTESIAN_POINT('',(15.3,-31.99999999675));
#2123 = CARTESIAN_POINT('',(15.3,-35.46410161189));
#2124 = CARTESIAN_POINT('',(12.3,-33.73205080432));
#2125 = CARTESIAN_POINT('',(9.3,-31.99999999675));
#2126 = CARTESIAN_POINT('',(12.3,-30.26794918918));
#2127 = CARTESIAN_POINT('',(15.3,-28.53589838161));
#2128 = CARTESIAN_POINT('',(15.3,-31.99999999675));
#2129 = ( GEOMETRIC_REPRESENTATION_CONTEXT(2) 
PARAMETRIC_REPRESENTATION_CONTEXT() REPRESENTATION_CONTEXT('2D SPACE',''
  ) );
#2130 = PCURVE('',#2131,#2136);
#2131 = CYLINDRICAL_SURFACE('',#2132,2.);
#2132 = AXIS2_PLACEMENT_3D('',#2133,#2134,#2135);
#2133 = CARTESIAN_POINT('',(72.,-65.,11.51));
#2134 = DIRECTION('',(-0.,-0.,-1.));
#2135 = DIRECTION('',(1.,0.,0.));
#2136 = DEFINITIONAL_REPRESENTATION('',(#2137),#2141);
#2137 = LINE('',#2138,#2139);
#2138 = CARTESIAN_POINT('',(-6.28318530718,-2.5));
#2139 = VECTOR('',#2140,1.);
#2140 = DIRECTION('',(1.,-0.));
#2141 = ( GEOMETRIC_REPRESENTATION_CONTEXT(2) 
PARAMETRIC_REPRESENTATION_CONTEXT() REPRESENTATION_CONTEXT('2D SPACE',''
  ) );
#2142 = ORIENTED_EDGE('',*,*,#2143,.F.);
#2143 = EDGE_CURVE('',#2144,#2111,#2146,.T.);
#2144 = VERTEX_POINT('',#2145);
#2145 = CARTESIAN_POINT('',(70.,-50.00000000107,14.01));
#2146 = SURFACE_CURVE('',#2147,(#2151,#2157),.PCURVE_S1.);
#2147 = LINE('',#2148,#2149);
#2148 = CARTESIAN_POINT('',(70.,-49.00000000162,14.01));
#2149 = VECTOR('',#2150,1.);
#2150 = DIRECTION('',(0.,-1.,0.));
#2151 = PCURVE('',#72,#2152);
#2152 = DEFINITIONAL_REPRESENTATION('',(#2153),#2156);
#2153 = B_SPLINE_CURVE_WITH_KNOTS('',1,(#2154,#2155),.UNSPECIFIED.,.F.,
  .F.,(2,2),(0.99999999945,15.999999998377),.PIECEWISE_BEZIER_KNOTS.);
#2154 = CARTESIAN_POINT('',(11.3,-16.99999999782));
#2155 = CARTESIAN_POINT('',(11.3,-31.99999999675));
#2156 = ( GEOMETRIC_REPRESENTATION_CONTEXT(2) 
PARAMETRIC_REPRESENTATION_CONTEXT() REPRESENTATION_CONTEXT('2D SPACE',''
  ) );
#2157 = PCURVE('',#2158,#2163);
#2158 = PLANE('',#2159);
#2159 = AXIS2_PLACEMENT_3D('',#2160,#2161,#2162);
#2160 = CARTESIAN_POINT('',(70.,-65.,11.51));
#2161 = DIRECTION('',(-1.,0.,0.));
#2162 = DIRECTION('',(0.,1.,0.));
#2163 = DEFINITIONAL_REPRESENTATION('',(#2164),#2167);
#2164 = B_SPLINE_CURVE_WITH_KNOTS('',1,(#2165,#2166),.UNSPECIFIED.,.F.,
  .F.,(2,2),(0.99999999945,15.999999998377),.PIECEWISE_BEZIER_KNOTS.);
#2165 = CARTESIAN_POINT('',(14.999999998927,-2.5));
#2166 = CARTESIAN_POINT('',(0.,-2.5));
#2167 = ( GEOMETRIC_REPRESENTATION_CONTEXT(2) 
PARAMETRIC_REPRESENTATION_CONTEXT() REPRESENTATION_CONTEXT('2D SPACE',''
  ) );
#2168 = ORIENTED_EDGE('',*,*,#2169,.T.);
#2169 = EDGE_CURVE('',#2144,#2170,#2172,.T.);
#2170 = VERTEX_POINT('',#2171);
#2171 = CARTESIAN_POINT('',(72.,-48.00000000053,14.01));
#2172 = SURFACE_CURVE('',#2173,(#2178,#2189),.PCURVE_S1.);
#2173 = CIRCLE('',#2174,2.);
#2174 = AXIS2_PLACEMENT_3D('',#2175,#2176,#2177);
#2175 = CARTESIAN_POINT('',(72.,-50.00000000107,14.01));
#2176 = DIRECTION('',(0.,0.,-1.));
#2177 = DIRECTION('',(1.,0.,0.));
#2178 = PCURVE('',#72,#2179);
#2179 = DEFINITIONAL_REPRESENTATION('',(#2180),#2188);
#2180 = ( BOUNDED_CURVE() B_SPLINE_CURVE(2,(#2181,#2182,#2183,#2184,
#2185,#2186,#2187),.UNSPECIFIED.,.T.,.F.) B_SPLINE_CURVE_WITH_KNOTS((1,2
    ,2,2,2,1),(-2.094395102393,0.,2.094395102393,4.188790204786,
6.28318530718,8.377580409573),.UNSPECIFIED.) CURVE() 
GEOMETRIC_REPRESENTATION_ITEM() RATIONAL_B_SPLINE_CURVE((1.,0.5,1.,0.5,
1.,0.5,1.)) REPRESENTATION_ITEM('') );
#2181 = CARTESIAN_POINT('',(15.3,-16.99999999782));
#2182 = CARTESIAN_POINT('',(15.3,-20.46410161296));
#2183 = CARTESIAN_POINT('',(12.3,-18.73205080539));
#2184 = CARTESIAN_POINT('',(9.3,-16.99999999782));
#2185 = CARTESIAN_POINT('',(12.3,-15.26794919025));
#2186 = CARTESIAN_POINT('',(15.3,-13.53589838268));
#2187 = CARTESIAN_POINT('',(15.3,-16.99999999782));
#2188 = ( GEOMETRIC_REPRESENTATION_CONTEXT(2) 
PARAMETRIC_REPRESENTATION_CONTEXT() REPRESENTATION_CONTEXT('2D SPACE',''
  ) );
#2189 = PCURVE('',#2190,#2195);
#2190 = CYLINDRICAL_SURFACE('',#2191,2.);
#2191 = AXIS2_PLACEMENT_3D('',#2192,#2193,#2194);
#2192 = CARTESIAN_POINT('',(72.,-50.00000000107,11.51));
#2193 = DIRECTION('',(-0.,-0.,-1.));
#2194 = DIRECTION('',(1.,0.,0.));
#2195 = DEFINITIONAL_REPRESENTATION('',(#2196),#2200);
#2196 = LINE('',#2197,#2198);
#2197 = CARTESIAN_POINT('',(-6.28318530718,-2.5));
#2198 = VECTOR('',#2199,1.);
#2199 = DIRECTION('',(1.,-0.));
#2200 = ( GEOMETRIC_REPRESENTATION_CONTEXT(2) 
PARAMETRIC_REPRESENTATION_CONTEXT() REPRESENTATION_CONTEXT('2D SPACE',''
  ) );
#2201 = ORIENTED_EDGE('',*,*,#2202,.F.);
#2202 = EDGE_CURVE('',#2203,#2170,#2205,.T.);
#2203 = VERTEX_POINT('',#2204);
#2204 = CARTESIAN_POINT('',(90.,-48.,14.01));
#2205 = SURFACE_CURVE('',#2206,(#2210,#2216),.PCURVE_S1.);
#2206 = LINE('',#2207,#2208);
#2207 = CARTESIAN_POINT('',(65.35,-48.,14.01));
#2208 = VECTOR('',#2209,1.);
#2209 = DIRECTION('',(-1.,0.,0.));
#2210 = PCURVE('',#72,#2211);
#2211 = DEFINITIONAL_REPRESENTATION('',(#2212),#2215);
#2212 = B_SPLINE_CURVE_WITH_KNOTS('',1,(#2213,#2214),.UNSPECIFIED.,.F.,
  .F.,(2,2),(-52.65,-6.65),.PIECEWISE_BEZIER_KNOTS.);
#2213 = CARTESIAN_POINT('',(59.3,-14.99999999675));
#2214 = CARTESIAN_POINT('',(13.3,-14.99999999675));
#2215 = ( GEOMETRIC_REPRESENTATION_CONTEXT(2) 
PARAMETRIC_REPRESENTATION_CONTEXT() REPRESENTATION_CONTEXT('2D SPACE',''
  ) );
#2216 = PCURVE('',#2217,#2222);
#2217 = PLANE('',#2218);
#2218 = AXIS2_PLACEMENT_3D('',#2219,#2220,#2221);
#2219 = CARTESIAN_POINT('',(72.,-48.,11.51));
#2220 = DIRECTION('',(0.,1.,0.));
#2221 = DIRECTION('',(1.,0.,0.));
#2222 = DEFINITIONAL_REPRESENTATION('',(#2223),#2226);
#2223 = B_SPLINE_CURVE_WITH_KNOTS('',1,(#2224,#2225),.UNSPECIFIED.,.F.,
  .F.,(2,2),(-52.65,-6.65),.PIECEWISE_BEZIER_KNOTS.);
#2224 = CARTESIAN_POINT('',(46.,-2.5));
#2225 = CARTESIAN_POINT('',(0.,-2.5));
#2226 = ( GEOMETRIC_REPRESENTATION_CONTEXT(2) 
PARAMETRIC_REPRESENTATION_CONTEXT() REPRESENTATION_CONTEXT('2D SPACE',''
  ) );
#2227 = ORIENTED_EDGE('',*,*,#2228,.F.);
#2228 = EDGE_CURVE('',#2229,#2203,#2231,.T.);
#2229 = VERTEX_POINT('',#2230);
#2230 = CARTESIAN_POINT('',(90.,-30.,14.01));
#2231 = SURFACE_CURVE('',#2232,(#2236,#2242),.PCURVE_S1.);
#2232 = LINE('',#2233,#2234);
#2233 = CARTESIAN_POINT('',(90.,-49.00000000162,14.01));
#2234 = VECTOR('',#2235,1.);
#2235 = DIRECTION('',(0.,-1.,0.));
#2236 = PCURVE('',#72,#2237);
#2237 = DEFINITIONAL_REPRESENTATION('',(#2238),#2241);
#2238 = B_SPLINE_CURVE_WITH_KNOTS('',1,(#2239,#2240),.UNSPECIFIED.,.F.,
  .F.,(2,2),(-19.00000000162,15.999999998377),.PIECEWISE_BEZIER_KNOTS.);
#2239 = CARTESIAN_POINT('',(31.3,3.000000003246));
#2240 = CARTESIAN_POINT('',(31.3,-31.99999999675));
#2241 = ( GEOMETRIC_REPRESENTATION_CONTEXT(2) 
PARAMETRIC_REPRESENTATION_CONTEXT() REPRESENTATION_CONTEXT('2D SPACE',''
  ) );
#2242 = PCURVE('',#2243,#2248);
#2243 = PLANE('',#2244);
#2244 = AXIS2_PLACEMENT_3D('',#2245,#2246,#2247);
#2245 = CARTESIAN_POINT('',(90.,-65.,11.51));
#2246 = DIRECTION('',(-1.,0.,0.));
#2247 = DIRECTION('',(0.,1.,0.));
#2248 = DEFINITIONAL_REPRESENTATION('',(#2249),#2252);
#2249 = B_SPLINE_CURVE_WITH_KNOTS('',1,(#2250,#2251),.UNSPECIFIED.,.F.,
  .F.,(2,2),(-19.00000000162,15.999999998377),.PIECEWISE_BEZIER_KNOTS.);
#2250 = CARTESIAN_POINT('',(35.,-2.5));
#2251 = CARTESIAN_POINT('',(0.,-2.5));
#2252 = ( GEOMETRIC_REPRESENTATION_CONTEXT(2) 
PARAMETRIC_REPRESENTATION_CONTEXT() REPRESENTATION_CONTEXT('2D SPACE',''
  ) );
#2253 = ORIENTED_EDGE('',*,*,#2254,.T.);
#2254 = EDGE_CURVE('',#2229,#2255,#2257,.T.);
#2255 = VERTEX_POINT('',#2256);
#2256 = CARTESIAN_POINT('',(92.,-28.,14.01));
#2257 = SURFACE_CURVE('',#2258,(#2263,#2274),.PCURVE_S1.);
#2258 = CIRCLE('',#2259,2.);
#2259 = AXIS2_PLACEMENT_3D('',#2260,#2261,#2262);
#2260 = CARTESIAN_POINT('',(92.,-30.,14.01));
#2261 = DIRECTION('',(0.,0.,-1.));
#2262 = DIRECTION('',(-1.,0.,0.));
#2263 = PCURVE('',#72,#2264);
#2264 = DEFINITIONAL_REPRESENTATION('',(#2265),#2273);
#2265 = ( BOUNDED_CURVE() B_SPLINE_CURVE(2,(#2266,#2267,#2268,#2269,
#2270,#2271,#2272),.UNSPECIFIED.,.T.,.F.) B_SPLINE_CURVE_WITH_KNOTS((1,2
    ,2,2,2,1),(-2.094395102393,0.,2.094395102393,4.188790204786,
6.28318530718,8.377580409573),.UNSPECIFIED.) CURVE() 
GEOMETRIC_REPRESENTATION_ITEM() RATIONAL_B_SPLINE_CURVE((1.,0.5,1.,0.5,
1.,0.5,1.)) REPRESENTATION_ITEM('') );
#2266 = CARTESIAN_POINT('',(31.3,3.000000003246));
#2267 = CARTESIAN_POINT('',(31.3,6.464101618384));
#2268 = CARTESIAN_POINT('',(34.3,4.732050810815));
#2269 = CARTESIAN_POINT('',(37.3,3.000000003246));
#2270 = CARTESIAN_POINT('',(34.3,1.267949195677));
#2271 = CARTESIAN_POINT('',(31.3,-0.464101611892));
#2272 = CARTESIAN_POINT('',(31.3,3.000000003246));
#2273 = ( GEOMETRIC_REPRESENTATION_CONTEXT(2) 
PARAMETRIC_REPRESENTATION_CONTEXT() REPRESENTATION_CONTEXT('2D SPACE',''
  ) );
#2274 = PCURVE('',#2275,#2280);
#2275 = CYLINDRICAL_SURFACE('',#2276,2.);
#2276 = AXIS2_PLACEMENT_3D('',#2277,#2278,#2279);
#2277 = CARTESIAN_POINT('',(92.,-30.,11.51));
#2278 = DIRECTION('',(0.,0.,-1.));
#2279 = DIRECTION('',(-1.,0.,0.));
#2280 = DEFINITIONAL_REPRESENTATION('',(#2281),#2285);
#2281 = LINE('',#2282,#2283);
#2282 = CARTESIAN_POINT('',(0.,-2.5));
#2283 = VECTOR('',#2284,1.);
#2284 = DIRECTION('',(1.,0.));
#2285 = ( GEOMETRIC_REPRESENTATION_CONTEXT(2) 
PARAMETRIC_REPRESENTATION_CONTEXT() REPRESENTATION_CONTEXT('2D SPACE',''
  ) );
#2286 = ORIENTED_EDGE('',*,*,#2287,.F.);
#2287 = EDGE_CURVE('',#2288,#2255,#2290,.T.);
#2288 = VERTEX_POINT('',#2289);
#2289 = CARTESIAN_POINT('',(117.9999999972,-28.,14.01));
#2290 = SURFACE_CURVE('',#2291,(#2295,#2301),.PCURVE_S1.);
#2291 = LINE('',#2292,#2293);
#2292 = CARTESIAN_POINT('',(75.35,-28.,14.01));
#2293 = VECTOR('',#2294,1.);
#2294 = DIRECTION('',(-1.,0.,0.));
#2295 = PCURVE('',#72,#2296);
#2296 = DEFINITIONAL_REPRESENTATION('',(#2297),#2300);
#2297 = B_SPLINE_CURVE_WITH_KNOTS('',1,(#2298,#2299),.UNSPECIFIED.,.F.,
  .F.,(2,2),(-42.6499999972,-16.65),.PIECEWISE_BEZIER_KNOTS.);
#2298 = CARTESIAN_POINT('',(59.299999997202,5.000000003246));
#2299 = CARTESIAN_POINT('',(33.3,5.000000003246));
#2300 = ( GEOMETRIC_REPRESENTATION_CONTEXT(2) 
PARAMETRIC_REPRESENTATION_CONTEXT() REPRESENTATION_CONTEXT('2D SPACE',''
  ) );
#2301 = PCURVE('',#2302,#2307);
#2302 = PLANE('',#2303);
#2303 = AXIS2_PLACEMENT_3D('',#2304,#2305,#2306);
#2304 = CARTESIAN_POINT('',(92.,-28.,11.51));
#2305 = DIRECTION('',(0.,1.,0.));
#2306 = DIRECTION('',(1.,0.,0.));
#2307 = DEFINITIONAL_REPRESENTATION('',(#2308),#2311);
#2308 = B_SPLINE_CURVE_WITH_KNOTS('',1,(#2309,#2310),.UNSPECIFIED.,.F.,
  .F.,(2,2),(-42.6499999972,-16.65),.PIECEWISE_BEZIER_KNOTS.);
#2309 = CARTESIAN_POINT('',(25.999999997202,-2.5));
#2310 = CARTESIAN_POINT('',(0.,-2.5));
#2311 = ( GEOMETRIC_REPRESENTATION_CONTEXT(2) 
PARAMETRIC_REPRESENTATION_CONTEXT() REPRESENTATION_CONTEXT('2D SPACE',''
  ) );
#2312 = ORIENTED_EDGE('',*,*,#2313,.T.);
#2313 = EDGE_CURVE('',#2288,#2314,#2316,.T.);
#2314 = VERTEX_POINT('',#2315);
#2315 = CARTESIAN_POINT('',(119.9999999993,-30.,14.01));
#2316 = SURFACE_CURVE('',#2317,(#2322,#2333),.PCURVE_S1.);
#2317 = CIRCLE('',#2318,2.);
#2318 = AXIS2_PLACEMENT_3D('',#2319,#2320,#2321);
#2319 = CARTESIAN_POINT('',(117.9999999972,-30.,14.01));
#2320 = DIRECTION('',(0.,0.,-1.));
#2321 = DIRECTION('',(-1.,0.,0.));
#2322 = PCURVE('',#72,#2323);
#2323 = DEFINITIONAL_REPRESENTATION('',(#2324),#2332);
#2324 = ( BOUNDED_CURVE() B_SPLINE_CURVE(2,(#2325,#2326,#2327,#2328,
#2329,#2330,#2331),.UNSPECIFIED.,.T.,.F.) B_SPLINE_CURVE_WITH_KNOTS((1,2
    ,2,2,2,1),(-2.094395102393,0.,2.094395102393,4.188790204786,
6.28318530718,8.377580409573),.UNSPECIFIED.) CURVE() 
GEOMETRIC_REPRESENTATION_ITEM() RATIONAL_B_SPLINE_CURVE((1.,0.5,1.,0.5,
1.,0.5,1.)) REPRESENTATION_ITEM('') );
#2325 = CARTESIAN_POINT('',(57.299999997202,3.000000003246));
#2326 = CARTESIAN_POINT('',(57.299999997202,6.464101618384));
#2327 = CARTESIAN_POINT('',(60.299999997202,4.732050810815));
#2328 = CARTESIAN_POINT('',(63.299999997202,3.000000003246));
#2329 = CARTESIAN_POINT('',(60.299999997202,1.267949195677));
#2330 = CARTESIAN_POINT('',(57.299999997202,-0.464101611892));
#2331 = CARTESIAN_POINT('',(57.299999997202,3.000000003246));
#2332 = ( GEOMETRIC_REPRESENTATION_CONTEXT(2) 
PARAMETRIC_REPRESENTATION_CONTEXT() REPRESENTATION_CONTEXT('2D SPACE',''
  ) );
#2333 = PCURVE('',#2334,#2339);
#2334 = CYLINDRICAL_SURFACE('',#2335,2.);
#2335 = AXIS2_PLACEMENT_3D('',#2336,#2337,#2338);
#2336 = CARTESIAN_POINT('',(117.9999999972,-30.,11.51));
#2337 = DIRECTION('',(0.,0.,-1.));
#2338 = DIRECTION('',(-1.,0.,0.));
#2339 = DEFINITIONAL_REPRESENTATION('',(#2340),#2344);
#2340 = LINE('',#2341,#2342);
#2341 = CARTESIAN_POINT('',(0.,-2.5));
#2342 = VECTOR('',#2343,1.);
#2343 = DIRECTION('',(1.,0.));
#2344 = ( GEOMETRIC_REPRESENTATION_CONTEXT(2) 
PARAMETRIC_REPRESENTATION_CONTEXT() REPRESENTATION_CONTEXT('2D SPACE',''
  ) );
#2345 = ORIENTED_EDGE('',*,*,#2346,.T.);
#2346 = EDGE_CURVE('',#2314,#2347,#2349,.T.);
#2347 = VERTEX_POINT('',#2348);
#2348 = CARTESIAN_POINT('',(120.,6.999999985028,14.01));
#2349 = SURFACE_CURVE('',#2350,(#2354,#2361),.PCURVE_S1.);
#2350 = LINE('',#2351,#2352);
#2351 = CARTESIAN_POINT('',(120.,-32.99999999999,14.01));
#2352 = VECTOR('',#2353,1.);
#2353 = DIRECTION('',(0.,1.,0.));
#2354 = PCURVE('',#72,#2355);
#2355 = DEFINITIONAL_REPRESENTATION('',(#2356),#2360);
#2356 = LINE('',#2357,#2358);
#2357 = CARTESIAN_POINT('',(61.3,3.249137332122E-09));
#2358 = VECTOR('',#2359,1.);
#2359 = DIRECTION('',(0.,1.));
#2360 = ( GEOMETRIC_REPRESENTATION_CONTEXT(2) 
PARAMETRIC_REPRESENTATION_CONTEXT() REPRESENTATION_CONTEXT('2D SPACE',''
  ) );
#2361 = PCURVE('',#367,#2362);
#2362 = DEFINITIONAL_REPRESENTATION('',(#2363),#2367);
#2363 = LINE('',#2364,#2365);
#2364 = CARTESIAN_POINT('',(40.000000000006,-2.5));
#2365 = VECTOR('',#2366,1.);
#2366 = DIRECTION('',(1.,0.));
#2367 = ( GEOMETRIC_REPRESENTATION_CONTEXT(2) 
PARAMETRIC_REPRESENTATION_CONTEXT() REPRESENTATION_CONTEXT('2D SPACE',''
  ) );
#2368 = ORIENTED_EDGE('',*,*,#2369,.T.);
#2369 = EDGE_CURVE('',#2347,#2370,#2372,.T.);
#2370 = VERTEX_POINT('',#2371);
#2371 = CARTESIAN_POINT('',(117.,9.999999992516,14.01));
#2372 = SURFACE_CURVE('',#2373,(#2378,#2385),.PCURVE_S1.);
#2373 = CIRCLE('',#2374,3.);
#2374 = AXIS2_PLACEMENT_3D('',#2375,#2376,#2377);
#2375 = CARTESIAN_POINT('',(117.,6.999999985028,14.01));
#2376 = DIRECTION('',(0.,0.,1.));
#2377 = DIRECTION('',(1.,0.,0.));
#2378 = PCURVE('',#72,#2379);
#2379 = DEFINITIONAL_REPRESENTATION('',(#2380),#2384);
#2380 = CIRCLE('',#2381,3.);
#2381 = AXIS2_PLACEMENT_2D('',#2382,#2383);
#2382 = CARTESIAN_POINT('',(58.3,39.999999988274));
#2383 = DIRECTION('',(1.,0.));
#2384 = ( GEOMETRIC_REPRESENTATION_CONTEXT(2) 
PARAMETRIC_REPRESENTATION_CONTEXT() REPRESENTATION_CONTEXT('2D SPACE',''
  ) );
#2385 = PCURVE('',#396,#2386);
#2386 = DEFINITIONAL_REPRESENTATION('',(#2387),#2391);
#2387 = LINE('',#2388,#2389);
#2388 = CARTESIAN_POINT('',(-0.,-2.5));
#2389 = VECTOR('',#2390,1.);
#2390 = DIRECTION('',(-1.,0.));
#2391 = ( GEOMETRIC_REPRESENTATION_CONTEXT(2) 
PARAMETRIC_REPRESENTATION_CONTEXT() REPRESENTATION_CONTEXT('2D SPACE',''
  ) );
#2392 = ORIENTED_EDGE('',*,*,#2393,.F.);
#2393 = EDGE_CURVE('',#222,#2370,#2394,.T.);
#2394 = SURFACE_CURVE('',#2395,(#2399,#2406),.PCURVE_S1.);
#2395 = LINE('',#2396,#2397);
#2396 = CARTESIAN_POINT('',(58.7,10.000000000003,14.01));
#2397 = VECTOR('',#2398,1.);
#2398 = DIRECTION('',(1.,0.,0.));
#2399 = PCURVE('',#72,#2400);
#2400 = DEFINITIONAL_REPRESENTATION('',(#2401),#2405);
#2401 = LINE('',#2402,#2403);
#2402 = CARTESIAN_POINT('',(-2.760494995982E-16,43.000000003249));
#2403 = VECTOR('',#2404,1.);
#2404 = DIRECTION('',(1.,0.));
#2405 = ( GEOMETRIC_REPRESENTATION_CONTEXT(2) 
PARAMETRIC_REPRESENTATION_CONTEXT() REPRESENTATION_CONTEXT('2D SPACE',''
  ) );
#2406 = PCURVE('',#237,#2407);
#2407 = DEFINITIONAL_REPRESENTATION('',(#2408),#2412);
#2408 = LINE('',#2409,#2410);
#2409 = CARTESIAN_POINT('',(58.3,-2.5));
#2410 = VECTOR('',#2411,1.);
#2411 = DIRECTION('',(1.,0.));
#2412 = ( GEOMETRIC_REPRESENTATION_CONTEXT(2) 
PARAMETRIC_REPRESENTATION_CONTEXT() REPRESENTATION_CONTEXT('2D SPACE',''
  ) );
#2413 = ORIENTED_EDGE('',*,*,#249,.T.);
#2414 = FACE_BOUND('',#2415,.T.);
#2415 = EDGE_LOOP('',(#2416));
#2416 = ORIENTED_EDGE('',*,*,#2417,.F.);
#2417 = EDGE_CURVE('',#2418,#2418,#2420,.T.);
#2418 = VERTEX_POINT('',#2419);
#2419 = CARTESIAN_POINT('',(5.7,-71.,14.01));
#2420 = SURFACE_CURVE('',#2421,(#2426,#2433),.PCURVE_S1.);
#2421 = CIRCLE('',#2422,3.3);
#2422 = AXIS2_PLACEMENT_3D('',#2423,#2424,#2425);
#2423 = CARTESIAN_POINT('',(2.4,-71.,14.01));
#2424 = DIRECTION('',(0.,0.,1.));
#2425 = DIRECTION('',(1.,0.,-0.));
#2426 = PCURVE('',#72,#2427);
#2427 = DEFINITIONAL_REPRESENTATION('',(#2428),#2432);
#2428 = CIRCLE('',#2429,3.3);
#2429 = AXIS2_PLACEMENT_2D('',#2430,#2431);
#2430 = CARTESIAN_POINT('',(-56.3,-37.99999999675));
#2431 = DIRECTION('',(1.,0.));
#2432 = ( GEOMETRIC_REPRESENTATION_CONTEXT(2) 
PARAMETRIC_REPRESENTATION_CONTEXT() REPRESENTATION_CONTEXT('2D SPACE',''
  ) );
#2433 = PCURVE('',#2434,#2439);
#2434 = CONICAL_SURFACE('',#2435,1.7,0.755104403479);
#2435 = AXIS2_PLACEMENT_3D('',#2436,#2437,#2438);
#2436 = CARTESIAN_POINT('',(2.4,-71.,12.31));
#2437 = DIRECTION('',(0.,0.,1.));
#2438 = DIRECTION('',(1.,0.,-0.));
#2439 = DEFINITIONAL_REPRESENTATION('',(#2440),#2444);
#2440 = LINE('',#2441,#2442);
#2441 = CARTESIAN_POINT('',(0.,1.7));
#2442 = VECTOR('',#2443,1.);
#2443 = DIRECTION('',(1.,0.));
#2444 = ( GEOMETRIC_REPRESENTATION_CONTEXT(2) 
PARAMETRIC_REPRESENTATION_CONTEXT() REPRESENTATION_CONTEXT('2D SPACE',''
  ) );
#2445 = FACE_BOUND('',#2446,.T.);
#2446 = EDGE_LOOP('',(#2447));
#2447 = ORIENTED_EDGE('',*,*,#2448,.F.);
#2448 = EDGE_CURVE('',#2449,#2449,#2451,.T.);
#2449 = VERTEX_POINT('',#2450);
#2450 = CARTESIAN_POINT('',(20.5,-52.,14.01));
#2451 = SURFACE_CURVE('',#2452,(#2457,#2464),.PCURVE_S1.);
#2452 = CIRCLE('',#2453,6.);
#2453 = AXIS2_PLACEMENT_3D('',#2454,#2455,#2456);
#2454 = CARTESIAN_POINT('',(14.5,-52.,14.01));
#2455 = DIRECTION('',(0.,0.,1.));
#2456 = DIRECTION('',(1.,0.,-0.));
#2457 = PCURVE('',#72,#2458);
#2458 = DEFINITIONAL_REPRESENTATION('',(#2459),#2463);
#2459 = CIRCLE('',#2460,6.);
#2460 = AXIS2_PLACEMENT_2D('',#2461,#2462);
#2461 = CARTESIAN_POINT('',(-44.2,-18.99999999675));
#2462 = DIRECTION('',(1.,0.));
#2463 = ( GEOMETRIC_REPRESENTATION_CONTEXT(2) 
PARAMETRIC_REPRESENTATION_CONTEXT() REPRESENTATION_CONTEXT('2D SPACE',''
  ) );
#2464 = PCURVE('',#2465,#2470);
#2465 = CYLINDRICAL_SURFACE('',#2466,6.);
#2466 = AXIS2_PLACEMENT_3D('',#2467,#2468,#2469);
#2467 = CARTESIAN_POINT('',(14.5,-52.,13.51));
#2468 = DIRECTION('',(0.,0.,1.));
#2469 = DIRECTION('',(1.,0.,-0.));
#2470 = DEFINITIONAL_REPRESENTATION('',(#2471),#2475);
#2471 = LINE('',#2472,#2473);
#2472 = CARTESIAN_POINT('',(0.,0.5));
#2473 = VECTOR('',#2474,1.);
#2474 = DIRECTION('',(1.,0.));
#2475 = ( GEOMETRIC_REPRESENTATION_CONTEXT(2) 
PARAMETRIC_REPRESENTATION_CONTEXT() REPRESENTATION_CONTEXT('2D SPACE',''
  ) );
#2476 = FACE_BOUND('',#2477,.T.);
#2477 = EDGE_LOOP('',(#2478));
#2478 = ORIENTED_EDGE('',*,*,#2479,.F.);
#2479 = EDGE_CURVE('',#2480,#2480,#2482,.T.);
#2480 = VERTEX_POINT('',#2481);
#2481 = CARTESIAN_POINT('',(33.5,-52.,14.01));
#2482 = SURFACE_CURVE('',#2483,(#2488,#2495),.PCURVE_S1.);
#2483 = CIRCLE('',#2484,6.);
#2484 = AXIS2_PLACEMENT_3D('',#2485,#2486,#2487);
#2485 = CARTESIAN_POINT('',(27.5,-52.,14.01));
#2486 = DIRECTION('',(0.,0.,1.));
#2487 = DIRECTION('',(1.,0.,-0.));
#2488 = PCURVE('',#72,#2489);
#2489 = DEFINITIONAL_REPRESENTATION('',(#2490),#2494);
#2490 = CIRCLE('',#2491,6.);
#2491 = AXIS2_PLACEMENT_2D('',#2492,#2493);
#2492 = CARTESIAN_POINT('',(-31.2,-18.99999999675));
#2493 = DIRECTION('',(1.,0.));
#2494 = ( GEOMETRIC_REPRESENTATION_CONTEXT(2) 
PARAMETRIC_REPRESENTATION_CONTEXT() REPRESENTATION_CONTEXT('2D SPACE',''
  ) );
#2495 = PCURVE('',#2496,#2501);
#2496 = CYLINDRICAL_SURFACE('',#2497,6.);
#2497 = AXIS2_PLACEMENT_3D('',#2498,#2499,#2500);
#2498 = CARTESIAN_POINT('',(27.5,-52.,13.51));
#2499 = DIRECTION('',(0.,0.,1.));
#2500 = DIRECTION('',(1.,0.,-0.));
#2501 = DEFINITIONAL_REPRESENTATION('',(#2502),#2506);
#2502 = LINE('',#2503,#2504);
#2503 = CARTESIAN_POINT('',(0.,0.5));
#2504 = VECTOR('',#2505,1.);
#2505 = DIRECTION('',(1.,0.));
#2506 = ( GEOMETRIC_REPRESENTATION_CONTEXT(2) 
PARAMETRIC_REPRESENTATION_CONTEXT() REPRESENTATION_CONTEXT('2D SPACE',''
  ) );
#2507 = FACE_BOUND('',#2508,.T.);
#2508 = EDGE_LOOP('',(#2509));
#2509 = ORIENTED_EDGE('',*,*,#2510,.F.);
#2510 = EDGE_CURVE('',#2511,#2511,#2513,.T.);
#2511 = VERTEX_POINT('',#2512);
#2512 = CARTESIAN_POINT('',(46.5,-52.,14.01));
#2513 = SURFACE_CURVE('',#2514,(#2519,#2526),.PCURVE_S1.);
#2514 = CIRCLE('',#2515,6.);
#2515 = AXIS2_PLACEMENT_3D('',#2516,#2517,#2518);
#2516 = CARTESIAN_POINT('',(40.5,-52.,14.01));
#2517 = DIRECTION('',(0.,0.,1.));
#2518 = DIRECTION('',(1.,0.,-0.));
#2519 = PCURVE('',#72,#2520);
#2520 = DEFINITIONAL_REPRESENTATION('',(#2521),#2525);
#2521 = CIRCLE('',#2522,6.);
#2522 = AXIS2_PLACEMENT_2D('',#2523,#2524);
#2523 = CARTESIAN_POINT('',(-18.2,-18.99999999675));
#2524 = DIRECTION('',(1.,0.));
#2525 = ( GEOMETRIC_REPRESENTATION_CONTEXT(2) 
PARAMETRIC_REPRESENTATION_CONTEXT() REPRESENTATION_CONTEXT('2D SPACE',''
  ) );
#2526 = PCURVE('',#2527,#2532);
#2527 = CYLINDRICAL_SURFACE('',#2528,6.);
#2528 = AXIS2_PLACEMENT_3D('',#2529,#2530,#2531);
#2529 = CARTESIAN_POINT('',(40.5,-52.,13.51));
#2530 = DIRECTION('',(0.,0.,1.));
#2531 = DIRECTION('',(1.,0.,-0.));
#2532 = DEFINITIONAL_REPRESENTATION('',(#2533),#2537);
#2533 = LINE('',#2534,#2535);
#2534 = CARTESIAN_POINT('',(0.,0.5));
#2535 = VECTOR('',#2536,1.);
#2536 = DIRECTION('',(1.,0.));
#2537 = ( GEOMETRIC_REPRESENTATION_CONTEXT(2) 
PARAMETRIC_REPRESENTATION_CONTEXT() REPRESENTATION_CONTEXT('2D SPACE',''
  ) );
#2538 = FACE_BOUND('',#2539,.T.);
#2539 = EDGE_LOOP('',(#2540));
#2540 = ORIENTED_EDGE('',*,*,#2541,.F.);
#2541 = EDGE_CURVE('',#2542,#2542,#2544,.T.);
#2542 = VERTEX_POINT('',#2543);
#2543 = CARTESIAN_POINT('',(59.5,-52.,14.01));
#2544 = SURFACE_CURVE('',#2545,(#2550,#2557),.PCURVE_S1.);
#2545 = CIRCLE('',#2546,6.);
#2546 = AXIS2_PLACEMENT_3D('',#2547,#2548,#2549);
#2547 = CARTESIAN_POINT('',(53.5,-52.,14.01));
#2548 = DIRECTION('',(0.,0.,1.));
#2549 = DIRECTION('',(1.,0.,-0.));
#2550 = PCURVE('',#72,#2551);
#2551 = DEFINITIONAL_REPRESENTATION('',(#2552),#2556);
#2552 = CIRCLE('',#2553,6.);
#2553 = AXIS2_PLACEMENT_2D('',#2554,#2555);
#2554 = CARTESIAN_POINT('',(-5.2,-18.99999999675));
#2555 = DIRECTION('',(1.,0.));
#2556 = ( GEOMETRIC_REPRESENTATION_CONTEXT(2) 
PARAMETRIC_REPRESENTATION_CONTEXT() REPRESENTATION_CONTEXT('2D SPACE',''
  ) );
#2557 = PCURVE('',#2558,#2563);
#2558 = CYLINDRICAL_SURFACE('',#2559,6.);
#2559 = AXIS2_PLACEMENT_3D('',#2560,#2561,#2562);
#2560 = CARTESIAN_POINT('',(53.5,-52.,13.51));
#2561 = DIRECTION('',(0.,0.,1.));
#2562 = DIRECTION('',(1.,0.,-0.));
#2563 = DEFINITIONAL_REPRESENTATION('',(#2564),#2568);
#2564 = LINE('',#2565,#2566);
#2565 = CARTESIAN_POINT('',(0.,0.5));
#2566 = VECTOR('',#2567,1.);
#2567 = DIRECTION('',(1.,0.));
#2568 = ( GEOMETRIC_REPRESENTATION_CONTEXT(2) 
PARAMETRIC_REPRESENTATION_CONTEXT() REPRESENTATION_CONTEXT('2D SPACE',''
  ) );
#2569 = FACE_BOUND('',#2570,.T.);
#2570 = EDGE_LOOP('',(#2571));
#2571 = ORIENTED_EDGE('',*,*,#2572,.F.);
#2572 = EDGE_CURVE('',#2573,#2573,#2575,.T.);
#2573 = VERTEX_POINT('',#2574);
#2574 = CARTESIAN_POINT('',(118.3,-71.,14.01));
#2575 = SURFACE_CURVE('',#2576,(#2581,#2588),.PCURVE_S1.);
#2576 = CIRCLE('',#2577,3.3);
#2577 = AXIS2_PLACEMENT_3D('',#2578,#2579,#2580);
#2578 = CARTESIAN_POINT('',(115.,-71.,14.01));
#2579 = DIRECTION('',(0.,0.,1.));
#2580 = DIRECTION('',(1.,0.,-0.));
#2581 = PCURVE('',#72,#2582);
#2582 = DEFINITIONAL_REPRESENTATION('',(#2583),#2587);
#2583 = CIRCLE('',#2584,3.3);
#2584 = AXIS2_PLACEMENT_2D('',#2585,#2586);
#2585 = CARTESIAN_POINT('',(56.3,-37.99999999675));
#2586 = DIRECTION('',(1.,0.));
#2587 = ( GEOMETRIC_REPRESENTATION_CONTEXT(2) 
PARAMETRIC_REPRESENTATION_CONTEXT() REPRESENTATION_CONTEXT('2D SPACE',''
  ) );
#2588 = PCURVE('',#2589,#2594);
#2589 = CONICAL_SURFACE('',#2590,1.7,0.755104403479);
#2590 = AXIS2_PLACEMENT_3D('',#2591,#2592,#2593);
#2591 = CARTESIAN_POINT('',(115.,-71.,12.31));
#2592 = DIRECTION('',(0.,0.,1.));
#2593 = DIRECTION('',(1.,0.,-0.));
#2594 = DEFINITIONAL_REPRESENTATION('',(#2595),#2599);
#2595 = LINE('',#2596,#2597);
#2596 = CARTESIAN_POINT('',(0.,1.7));
#2597 = VECTOR('',#2598,1.);
#2598 = DIRECTION('',(1.,0.));
#2599 = ( GEOMETRIC_REPRESENTATION_CONTEXT(2) 
PARAMETRIC_REPRESENTATION_CONTEXT() REPRESENTATION_CONTEXT('2D SPACE',''
  ) );
#2600 = FACE_BOUND('',#2601,.T.);
#2601 = EDGE_LOOP('',(#2602,#2630,#2663,#2689,#2722,#2748,#2781,#2807));
#2602 = ORIENTED_EDGE('',*,*,#2603,.F.);
#2603 = EDGE_CURVE('',#2604,#2606,#2608,.T.);
#2604 = VERTEX_POINT('',#2605);
#2605 = CARTESIAN_POINT('',(7.74,-10.30000000109,14.01));
#2606 = VERTEX_POINT('',#2607);
#2607 = CARTESIAN_POINT('',(7.74,-41.9,14.01));
#2608 = SURFACE_CURVE('',#2609,(#2613,#2619),.PCURVE_S1.);
#2609 = LINE('',#2610,#2611);
#2610 = CARTESIAN_POINT('',(7.74,-37.45000000162,14.01));
#2611 = VECTOR('',#2612,1.);
#2612 = DIRECTION('',(0.,-1.,0.));
#2613 = PCURVE('',#72,#2614);
#2614 = DEFINITIONAL_REPRESENTATION('',(#2615),#2618);
#2615 = B_SPLINE_CURVE_WITH_KNOTS('',1,(#2616,#2617),.UNSPECIFIED.,.F.,
  .F.,(2,2),(-27.15000000052,4.449999998378),.PIECEWISE_BEZIER_KNOTS.);
#2616 = CARTESIAN_POINT('',(-50.96,22.70000000215));
#2617 = CARTESIAN_POINT('',(-50.96,-8.899999996756));
#2618 = ( GEOMETRIC_REPRESENTATION_CONTEXT(2) 
PARAMETRIC_REPRESENTATION_CONTEXT() REPRESENTATION_CONTEXT('2D SPACE',''
  ) );
#2619 = PCURVE('',#2620,#2625);
#2620 = PLANE('',#2621);
#2621 = AXIS2_PLACEMENT_3D('',#2622,#2623,#2624);
#2622 = CARTESIAN_POINT('',(7.74,-41.9,7.96));
#2623 = DIRECTION('',(-1.,0.,0.));
#2624 = DIRECTION('',(0.,1.,0.));
#2625 = DEFINITIONAL_REPRESENTATION('',(#2626),#2629);
#2626 = B_SPLINE_CURVE_WITH_KNOTS('',1,(#2627,#2628),.UNSPECIFIED.,.F.,
  .F.,(2,2),(-27.15000000052,4.449999998378),.PIECEWISE_BEZIER_KNOTS.);
#2627 = CARTESIAN_POINT('',(31.599999998906,-6.05));
#2628 = CARTESIAN_POINT('',(0.,-6.05));
#2629 = ( GEOMETRIC_REPRESENTATION_CONTEXT(2) 
PARAMETRIC_REPRESENTATION_CONTEXT() REPRESENTATION_CONTEXT('2D SPACE',''
  ) );
#2630 = ORIENTED_EDGE('',*,*,#2631,.T.);
#2631 = EDGE_CURVE('',#2604,#2632,#2634,.T.);
#2632 = VERTEX_POINT('',#2633);
#2633 = CARTESIAN_POINT('',(8.74,-9.300000000547,14.01));
#2634 = SURFACE_CURVE('',#2635,(#2640,#2651),.PCURVE_S1.);
#2635 = CIRCLE('',#2636,1.);
#2636 = AXIS2_PLACEMENT_3D('',#2637,#2638,#2639);
#2637 = CARTESIAN_POINT('',(8.74,-10.30000000109,14.01));
#2638 = DIRECTION('',(0.,0.,-1.));
#2639 = DIRECTION('',(1.,0.,0.));
#2640 = PCURVE('',#72,#2641);
#2641 = DEFINITIONAL_REPRESENTATION('',(#2642),#2650);
#2642 = ( BOUNDED_CURVE() B_SPLINE_CURVE(2,(#2643,#2644,#2645,#2646,
#2647,#2648,#2649),.UNSPECIFIED.,.T.,.F.) B_SPLINE_CURVE_WITH_KNOTS((1,2
    ,2,2,2,1),(-2.094395102393,0.,2.094395102393,4.188790204786,
6.28318530718,8.377580409573),.UNSPECIFIED.) CURVE() 
GEOMETRIC_REPRESENTATION_ITEM() RATIONAL_B_SPLINE_CURVE((1.,0.5,1.,0.5,
1.,0.5,1.)) REPRESENTATION_ITEM('') );
#2643 = CARTESIAN_POINT('',(-48.96,22.70000000215));
#2644 = CARTESIAN_POINT('',(-48.96,20.967949194581));
#2645 = CARTESIAN_POINT('',(-50.46,21.833974598366));
#2646 = CARTESIAN_POINT('',(-51.96,22.70000000215));
#2647 = CARTESIAN_POINT('',(-50.46,23.566025405935));
#2648 = CARTESIAN_POINT('',(-48.96,24.432050809719));
#2649 = CARTESIAN_POINT('',(-48.96,22.70000000215));
#2650 = ( GEOMETRIC_REPRESENTATION_CONTEXT(2) 
PARAMETRIC_REPRESENTATION_CONTEXT() REPRESENTATION_CONTEXT('2D SPACE',''
  ) );
#2651 = PCURVE('',#2652,#2657);
#2652 = CYLINDRICAL_SURFACE('',#2653,1.);
#2653 = AXIS2_PLACEMENT_3D('',#2654,#2655,#2656);
#2654 = CARTESIAN_POINT('',(8.74,-10.30000000109,7.96));
#2655 = DIRECTION('',(-0.,-0.,-1.));
#2656 = DIRECTION('',(1.,0.,0.));
#2657 = DEFINITIONAL_REPRESENTATION('',(#2658),#2662);
#2658 = LINE('',#2659,#2660);
#2659 = CARTESIAN_POINT('',(-6.28318530718,-6.05));
#2660 = VECTOR('',#2661,1.);
#2661 = DIRECTION('',(1.,-0.));
#2662 = ( GEOMETRIC_REPRESENTATION_CONTEXT(2) 
PARAMETRIC_REPRESENTATION_CONTEXT() REPRESENTATION_CONTEXT('2D SPACE',''
  ) );
#2663 = ORIENTED_EDGE('',*,*,#2664,.F.);
#2664 = EDGE_CURVE('',#2665,#2632,#2667,.T.);
#2665 = VERTEX_POINT('',#2666);
#2666 = CARTESIAN_POINT('',(53.34,-9.300000000547,14.01));
#2667 = SURFACE_CURVE('',#2668,(#2672,#2678),.PCURVE_S1.);
#2668 = LINE('',#2669,#2670);
#2669 = CARTESIAN_POINT('',(33.72,-9.299999999998,14.01));
#2670 = VECTOR('',#2671,1.);
#2671 = DIRECTION('',(-1.,0.,0.));
#2672 = PCURVE('',#72,#2673);
#2673 = DEFINITIONAL_REPRESENTATION('',(#2674),#2677);
#2674 = B_SPLINE_CURVE_WITH_KNOTS('',1,(#2675,#2676),.UNSPECIFIED.,.F.,
  .F.,(2,2),(-19.62,24.98),.PIECEWISE_BEZIER_KNOTS.);
#2675 = CARTESIAN_POINT('',(-5.36,23.700000003248));
#2676 = CARTESIAN_POINT('',(-49.96,23.700000003248));
#2677 = ( GEOMETRIC_REPRESENTATION_CONTEXT(2) 
PARAMETRIC_REPRESENTATION_CONTEXT() REPRESENTATION_CONTEXT('2D SPACE',''
  ) );
#2678 = PCURVE('',#2679,#2684);
#2679 = PLANE('',#2680);
#2680 = AXIS2_PLACEMENT_3D('',#2681,#2682,#2683);
#2681 = CARTESIAN_POINT('',(8.74,-9.299999999998,7.96));
#2682 = DIRECTION('',(0.,1.,0.));
#2683 = DIRECTION('',(1.,0.,0.));
#2684 = DEFINITIONAL_REPRESENTATION('',(#2685),#2688);
#2685 = B_SPLINE_CURVE_WITH_KNOTS('',1,(#2686,#2687),.UNSPECIFIED.,.F.,
  .F.,(2,2),(-19.62,24.98),.PIECEWISE_BEZIER_KNOTS.);
#2686 = CARTESIAN_POINT('',(44.6,-6.05));
#2687 = CARTESIAN_POINT('',(0.,-6.05));
#2688 = ( GEOMETRIC_REPRESENTATION_CONTEXT(2) 
PARAMETRIC_REPRESENTATION_CONTEXT() REPRESENTATION_CONTEXT('2D SPACE',''
  ) );
#2689 = ORIENTED_EDGE('',*,*,#2690,.T.);
#2690 = EDGE_CURVE('',#2665,#2691,#2693,.T.);
#2691 = VERTEX_POINT('',#2692);
#2692 = CARTESIAN_POINT('',(54.34,-10.30000000109,14.01));
#2693 = SURFACE_CURVE('',#2694,(#2699,#2710),.PCURVE_S1.);
#2694 = CIRCLE('',#2695,1.);
#2695 = AXIS2_PLACEMENT_3D('',#2696,#2697,#2698);
#2696 = CARTESIAN_POINT('',(53.34,-10.30000000109,14.01));
#2697 = DIRECTION('',(0.,0.,-1.));
#2698 = DIRECTION('',(1.,0.,0.));
#2699 = PCURVE('',#72,#2700);
#2700 = DEFINITIONAL_REPRESENTATION('',(#2701),#2709);
#2701 = ( BOUNDED_CURVE() B_SPLINE_CURVE(2,(#2702,#2703,#2704,#2705,
#2706,#2707,#2708),.UNSPECIFIED.,.T.,.F.) B_SPLINE_CURVE_WITH_KNOTS((1,2
    ,2,2,2,1),(-2.094395102393,0.,2.094395102393,4.188790204786,
6.28318530718,8.377580409573),.UNSPECIFIED.) CURVE() 
GEOMETRIC_REPRESENTATION_ITEM() RATIONAL_B_SPLINE_CURVE((1.,0.5,1.,0.5,
1.,0.5,1.)) REPRESENTATION_ITEM('') );
#2702 = CARTESIAN_POINT('',(-4.36,22.70000000215));
#2703 = CARTESIAN_POINT('',(-4.36,20.967949194581));
#2704 = CARTESIAN_POINT('',(-5.86,21.833974598366));
#2705 = CARTESIAN_POINT('',(-7.36,22.70000000215));
#2706 = CARTESIAN_POINT('',(-5.86,23.566025405935));
#2707 = CARTESIAN_POINT('',(-4.36,24.432050809719));
#2708 = CARTESIAN_POINT('',(-4.36,22.70000000215));
#2709 = ( GEOMETRIC_REPRESENTATION_CONTEXT(2) 
PARAMETRIC_REPRESENTATION_CONTEXT() REPRESENTATION_CONTEXT('2D SPACE',''
  ) );
#2710 = PCURVE('',#2711,#2716);
#2711 = CYLINDRICAL_SURFACE('',#2712,1.);
#2712 = AXIS2_PLACEMENT_3D('',#2713,#2714,#2715);
#2713 = CARTESIAN_POINT('',(53.34,-10.30000000109,7.96));
#2714 = DIRECTION('',(-0.,-0.,-1.));
#2715 = DIRECTION('',(1.,0.,0.));
#2716 = DEFINITIONAL_REPRESENTATION('',(#2717),#2721);
#2717 = LINE('',#2718,#2719);
#2718 = CARTESIAN_POINT('',(-6.28318530718,-6.05));
#2719 = VECTOR('',#2720,1.);
#2720 = DIRECTION('',(1.,-0.));
#2721 = ( GEOMETRIC_REPRESENTATION_CONTEXT(2) 
PARAMETRIC_REPRESENTATION_CONTEXT() REPRESENTATION_CONTEXT('2D SPACE',''
  ) );
#2722 = ORIENTED_EDGE('',*,*,#2723,.T.);
#2723 = EDGE_CURVE('',#2691,#2724,#2726,.T.);
#2724 = VERTEX_POINT('',#2725);
#2725 = CARTESIAN_POINT('',(54.34,-41.9,14.01));
#2726 = SURFACE_CURVE('',#2727,(#2731,#2737),.PCURVE_S1.);
#2727 = LINE('',#2728,#2729);
#2728 = CARTESIAN_POINT('',(54.34,-37.45000000162,14.01));
#2729 = VECTOR('',#2730,1.);
#2730 = DIRECTION('',(0.,-1.,0.));
#2731 = PCURVE('',#72,#2732);
#2732 = DEFINITIONAL_REPRESENTATION('',(#2733),#2736);
#2733 = B_SPLINE_CURVE_WITH_KNOTS('',1,(#2734,#2735),.UNSPECIFIED.,.F.,
  .F.,(2,2),(-27.15000000052,4.449999998378),.PIECEWISE_BEZIER_KNOTS.);
#2734 = CARTESIAN_POINT('',(-4.36,22.70000000215));
#2735 = CARTESIAN_POINT('',(-4.36,-8.899999996756));
#2736 = ( GEOMETRIC_REPRESENTATION_CONTEXT(2) 
PARAMETRIC_REPRESENTATION_CONTEXT() REPRESENTATION_CONTEXT('2D SPACE',''
  ) );
#2737 = PCURVE('',#2738,#2743);
#2738 = PLANE('',#2739);
#2739 = AXIS2_PLACEMENT_3D('',#2740,#2741,#2742);
#2740 = CARTESIAN_POINT('',(54.34,-41.9,7.96));
#2741 = DIRECTION('',(-1.,0.,0.));
#2742 = DIRECTION('',(0.,1.,0.));
#2743 = DEFINITIONAL_REPRESENTATION('',(#2744),#2747);
#2744 = B_SPLINE_CURVE_WITH_KNOTS('',1,(#2745,#2746),.UNSPECIFIED.,.F.,
  .F.,(2,2),(-27.15000000052,4.449999998378),.PIECEWISE_BEZIER_KNOTS.);
#2745 = CARTESIAN_POINT('',(31.599999998906,-6.05));
#2746 = CARTESIAN_POINT('',(0.,-6.05));
#2747 = ( GEOMETRIC_REPRESENTATION_CONTEXT(2) 
PARAMETRIC_REPRESENTATION_CONTEXT() REPRESENTATION_CONTEXT('2D SPACE',''
  ) );
#2748 = ORIENTED_EDGE('',*,*,#2749,.T.);
#2749 = EDGE_CURVE('',#2724,#2750,#2752,.T.);
#2750 = VERTEX_POINT('',#2751);
#2751 = CARTESIAN_POINT('',(53.34,-42.9,14.01));
#2752 = SURFACE_CURVE('',#2753,(#2758,#2769),.PCURVE_S1.);
#2753 = CIRCLE('',#2754,1.);
#2754 = AXIS2_PLACEMENT_3D('',#2755,#2756,#2757);
#2755 = CARTESIAN_POINT('',(53.34,-41.9,14.01));
#2756 = DIRECTION('',(0.,0.,-1.));
#2757 = DIRECTION('',(1.,0.,0.));
#2758 = PCURVE('',#72,#2759);
#2759 = DEFINITIONAL_REPRESENTATION('',(#2760),#2768);
#2760 = ( BOUNDED_CURVE() B_SPLINE_CURVE(2,(#2761,#2762,#2763,#2764,
#2765,#2766,#2767),.UNSPECIFIED.,.T.,.F.) B_SPLINE_CURVE_WITH_KNOTS((1,2
    ,2,2,2,1),(-2.094395102393,0.,2.094395102393,4.188790204786,
6.28318530718,8.377580409573),.UNSPECIFIED.) CURVE() 
GEOMETRIC_REPRESENTATION_ITEM() RATIONAL_B_SPLINE_CURVE((1.,0.5,1.,0.5,
1.,0.5,1.)) REPRESENTATION_ITEM('') );
#2761 = CARTESIAN_POINT('',(-4.36,-8.899999996756));
#2762 = CARTESIAN_POINT('',(-4.36,-10.63205080432));
#2763 = CARTESIAN_POINT('',(-5.86,-9.76602540054));
#2764 = CARTESIAN_POINT('',(-7.36,-8.899999996756));
#2765 = CARTESIAN_POINT('',(-5.86,-8.033974592971));
#2766 = CARTESIAN_POINT('',(-4.36,-7.167949189187));
#2767 = CARTESIAN_POINT('',(-4.36,-8.899999996756));
#2768 = ( GEOMETRIC_REPRESENTATION_CONTEXT(2) 
PARAMETRIC_REPRESENTATION_CONTEXT() REPRESENTATION_CONTEXT('2D SPACE',''
  ) );
#2769 = PCURVE('',#2770,#2775);
#2770 = CYLINDRICAL_SURFACE('',#2771,1.);
#2771 = AXIS2_PLACEMENT_3D('',#2772,#2773,#2774);
#2772 = CARTESIAN_POINT('',(53.34,-41.9,7.96));
#2773 = DIRECTION('',(-0.,-0.,-1.));
#2774 = DIRECTION('',(1.,0.,0.));
#2775 = DEFINITIONAL_REPRESENTATION('',(#2776),#2780);
#2776 = LINE('',#2777,#2778);
#2777 = CARTESIAN_POINT('',(-6.28318530718,-6.05));
#2778 = VECTOR('',#2779,1.);
#2779 = DIRECTION('',(1.,-0.));
#2780 = ( GEOMETRIC_REPRESENTATION_CONTEXT(2) 
PARAMETRIC_REPRESENTATION_CONTEXT() REPRESENTATION_CONTEXT('2D SPACE',''
  ) );
#2781 = ORIENTED_EDGE('',*,*,#2782,.T.);
#2782 = EDGE_CURVE('',#2750,#2783,#2785,.T.);
#2783 = VERTEX_POINT('',#2784);
#2784 = CARTESIAN_POINT('',(8.74,-42.9,14.01));
#2785 = SURFACE_CURVE('',#2786,(#2790,#2796),.PCURVE_S1.);
#2786 = LINE('',#2787,#2788);
#2787 = CARTESIAN_POINT('',(33.72,-42.89999999999,14.01));
#2788 = VECTOR('',#2789,1.);
#2789 = DIRECTION('',(-1.,0.,0.));
#2790 = PCURVE('',#72,#2791);
#2791 = DEFINITIONAL_REPRESENTATION('',(#2792),#2795);
#2792 = B_SPLINE_CURVE_WITH_KNOTS('',1,(#2793,#2794),.UNSPECIFIED.,.F.,
  .F.,(2,2),(-19.62,24.98),.PIECEWISE_BEZIER_KNOTS.);
#2793 = CARTESIAN_POINT('',(-5.36,-9.899999996752));
#2794 = CARTESIAN_POINT('',(-49.96,-9.899999996752));
#2795 = ( GEOMETRIC_REPRESENTATION_CONTEXT(2) 
PARAMETRIC_REPRESENTATION_CONTEXT() REPRESENTATION_CONTEXT('2D SPACE',''
  ) );
#2796 = PCURVE('',#2797,#2802);
#2797 = PLANE('',#2798);
#2798 = AXIS2_PLACEMENT_3D('',#2799,#2800,#2801);
#2799 = CARTESIAN_POINT('',(8.74,-42.89999999999,7.96));
#2800 = DIRECTION('',(0.,1.,0.));
#2801 = DIRECTION('',(1.,0.,0.));
#2802 = DEFINITIONAL_REPRESENTATION('',(#2803),#2806);
#2803 = B_SPLINE_CURVE_WITH_KNOTS('',1,(#2804,#2805),.UNSPECIFIED.,.F.,
  .F.,(2,2),(-19.62,24.98),.PIECEWISE_BEZIER_KNOTS.);
#2804 = CARTESIAN_POINT('',(44.6,-6.05));
#2805 = CARTESIAN_POINT('',(0.,-6.05));
#2806 = ( GEOMETRIC_REPRESENTATION_CONTEXT(2) 
PARAMETRIC_REPRESENTATION_CONTEXT() REPRESENTATION_CONTEXT('2D SPACE',''
  ) );
#2807 = ORIENTED_EDGE('',*,*,#2808,.T.);
#2808 = EDGE_CURVE('',#2783,#2606,#2809,.T.);
#2809 = SURFACE_CURVE('',#2810,(#2815,#2826),.PCURVE_S1.);
#2810 = CIRCLE('',#2811,1.);
#2811 = AXIS2_PLACEMENT_3D('',#2812,#2813,#2814);
#2812 = CARTESIAN_POINT('',(8.74,-41.9,14.01));
#2813 = DIRECTION('',(0.,0.,-1.));
#2814 = DIRECTION('',(1.,0.,0.));
#2815 = PCURVE('',#72,#2816);
#2816 = DEFINITIONAL_REPRESENTATION('',(#2817),#2825);
#2817 = ( BOUNDED_CURVE() B_SPLINE_CURVE(2,(#2818,#2819,#2820,#2821,
#2822,#2823,#2824),.UNSPECIFIED.,.T.,.F.) B_SPLINE_CURVE_WITH_KNOTS((1,2
    ,2,2,2,1),(-2.094395102393,0.,2.094395102393,4.188790204786,
6.28318530718,8.377580409573),.UNSPECIFIED.) CURVE() 
GEOMETRIC_REPRESENTATION_ITEM() RATIONAL_B_SPLINE_CURVE((1.,0.5,1.,0.5,
1.,0.5,1.)) REPRESENTATION_ITEM('') );
#2818 = CARTESIAN_POINT('',(-48.96,-8.899999996756));
#2819 = CARTESIAN_POINT('',(-48.96,-10.63205080432));
#2820 = CARTESIAN_POINT('',(-50.46,-9.76602540054));
#2821 = CARTESIAN_POINT('',(-51.96,-8.899999996756));
#2822 = CARTESIAN_POINT('',(-50.46,-8.033974592971));
#2823 = CARTESIAN_POINT('',(-48.96,-7.167949189187));
#2824 = CARTESIAN_POINT('',(-48.96,-8.899999996756));
#2825 = ( GEOMETRIC_REPRESENTATION_CONTEXT(2) 
PARAMETRIC_REPRESENTATION_CONTEXT() REPRESENTATION_CONTEXT('2D SPACE',''
  ) );
#2826 = PCURVE('',#2827,#2832);
#2827 = CYLINDRICAL_SURFACE('',#2828,1.);
#2828 = AXIS2_PLACEMENT_3D('',#2829,#2830,#2831);
#2829 = CARTESIAN_POINT('',(8.74,-41.9,7.96));
#2830 = DIRECTION('',(-0.,-0.,-1.));
#2831 = DIRECTION('',(1.,0.,0.));
#2832 = DEFINITIONAL_REPRESENTATION('',(#2833),#2837);
#2833 = LINE('',#2834,#2835);
#2834 = CARTESIAN_POINT('',(-6.28318530718,-6.05));
#2835 = VECTOR('',#2836,1.);
#2836 = DIRECTION('',(1.,-0.));
#2837 = ( GEOMETRIC_REPRESENTATION_CONTEXT(2) 
PARAMETRIC_REPRESENTATION_CONTEXT() REPRESENTATION_CONTEXT('2D SPACE',''
  ) );
#2838 = FACE_BOUND('',#2839,.T.);
#2839 = EDGE_LOOP('',(#2840));
#2840 = ORIENTED_EDGE('',*,*,#2841,.F.);
#2841 = EDGE_CURVE('',#2842,#2842,#2844,.T.);
#2842 = VERTEX_POINT('',#2843);
#2843 = CARTESIAN_POINT('',(5.7,5.,14.01));
#2844 = SURFACE_CURVE('',#2845,(#2850,#2857),.PCURVE_S1.);
#2845 = CIRCLE('',#2846,3.3);
#2846 = AXIS2_PLACEMENT_3D('',#2847,#2848,#2849);
#2847 = CARTESIAN_POINT('',(2.4,5.,14.01));
#2848 = DIRECTION('',(0.,0.,1.));
#2849 = DIRECTION('',(1.,0.,-0.));
#2850 = PCURVE('',#72,#2851);
#2851 = DEFINITIONAL_REPRESENTATION('',(#2852),#2856);
#2852 = CIRCLE('',#2853,3.3);
#2853 = AXIS2_PLACEMENT_2D('',#2854,#2855);
#2854 = CARTESIAN_POINT('',(-56.3,38.000000003246));
#2855 = DIRECTION('',(1.,0.));
#2856 = ( GEOMETRIC_REPRESENTATION_CONTEXT(2) 
PARAMETRIC_REPRESENTATION_CONTEXT() REPRESENTATION_CONTEXT('2D SPACE',''
  ) );
#2857 = PCURVE('',#2858,#2863);
#2858 = CONICAL_SURFACE('',#2859,1.7,0.755104403479);
#2859 = AXIS2_PLACEMENT_3D('',#2860,#2861,#2862);
#2860 = CARTESIAN_POINT('',(2.4,5.,12.31));
#2861 = DIRECTION('',(0.,0.,1.));
#2862 = DIRECTION('',(1.,0.,-0.));
#2863 = DEFINITIONAL_REPRESENTATION('',(#2864),#2868);
#2864 = LINE('',#2865,#2866);
#2865 = CARTESIAN_POINT('',(0.,1.7));
#2866 = VECTOR('',#2867,1.);
#2867 = DIRECTION('',(1.,0.));
#2868 = ( GEOMETRIC_REPRESENTATION_CONTEXT(2) 
PARAMETRIC_REPRESENTATION_CONTEXT() REPRESENTATION_CONTEXT('2D SPACE',''
  ) );
#2869 = FACE_BOUND('',#2870,.T.);
#2870 = EDGE_LOOP('',(#2871));
#2871 = ORIENTED_EDGE('',*,*,#2872,.F.);
#2872 = EDGE_CURVE('',#2873,#2873,#2875,.T.);
#2873 = VERTEX_POINT('',#2874);
#2874 = CARTESIAN_POINT('',(64.8,-13.8,14.01));
#2875 = SURFACE_CURVE('',#2876,(#2881,#2888),.PCURVE_S1.);
#2876 = CIRCLE('',#2877,1.);
#2877 = AXIS2_PLACEMENT_3D('',#2878,#2879,#2880);
#2878 = CARTESIAN_POINT('',(63.8,-13.8,14.01));
#2879 = DIRECTION('',(0.,0.,1.));
#2880 = DIRECTION('',(1.,0.,-0.));
#2881 = PCURVE('',#72,#2882);
#2882 = DEFINITIONAL_REPRESENTATION('',(#2883),#2887);
#2883 = CIRCLE('',#2884,1.);
#2884 = AXIS2_PLACEMENT_2D('',#2885,#2886);
#2885 = CARTESIAN_POINT('',(5.1,19.200000003246));
#2886 = DIRECTION('',(1.,0.));
#2887 = ( GEOMETRIC_REPRESENTATION_CONTEXT(2) 
PARAMETRIC_REPRESENTATION_CONTEXT() REPRESENTATION_CONTEXT('2D SPACE',''
  ) );
#2888 = PCURVE('',#1637,#2889);
#2889 = DEFINITIONAL_REPRESENTATION('',(#2890),#2894);
#2890 = LINE('',#2891,#2892);
#2891 = CARTESIAN_POINT('',(0.,2.6));
#2892 = VECTOR('',#2893,1.);
#2893 = DIRECTION('',(1.,0.));
#2894 = ( GEOMETRIC_REPRESENTATION_CONTEXT(2) 
PARAMETRIC_REPRESENTATION_CONTEXT() REPRESENTATION_CONTEXT('2D SPACE',''
  ) );
#2895 = FACE_BOUND('',#2896,.T.);
#2896 = EDGE_LOOP('',(#2897));
#2897 = ORIENTED_EDGE('',*,*,#2898,.F.);
#2898 = EDGE_CURVE('',#2899,#2899,#2901,.T.);
#2899 = VERTEX_POINT('',#2900);
#2900 = CARTESIAN_POINT('',(118.8,-18.,14.01));
#2901 = SURFACE_CURVE('',#2902,(#2907,#2914),.PCURVE_S1.);
#2902 = CIRCLE('',#2903,3.3);
#2903 = AXIS2_PLACEMENT_3D('',#2904,#2905,#2906);
#2904 = CARTESIAN_POINT('',(115.5,-18.,14.01));
#2905 = DIRECTION('',(0.,0.,1.));
#2906 = DIRECTION('',(1.,0.,-0.));
#2907 = PCURVE('',#72,#2908);
#2908 = DEFINITIONAL_REPRESENTATION('',(#2909),#2913);
#2909 = CIRCLE('',#2910,3.3);
#2910 = AXIS2_PLACEMENT_2D('',#2911,#2912);
#2911 = CARTESIAN_POINT('',(56.8,15.000000003246));
#2912 = DIRECTION('',(1.,0.));
#2913 = ( GEOMETRIC_REPRESENTATION_CONTEXT(2) 
PARAMETRIC_REPRESENTATION_CONTEXT() REPRESENTATION_CONTEXT('2D SPACE',''
  ) );
#2914 = PCURVE('',#2915,#2920);
#2915 = CONICAL_SURFACE('',#2916,1.7,0.755104403479);
#2916 = AXIS2_PLACEMENT_3D('',#2917,#2918,#2919);
#2917 = CARTESIAN_POINT('',(115.5,-18.,12.31));
#2918 = DIRECTION('',(0.,0.,1.));
#2919 = DIRECTION('',(1.,0.,-0.));
#2920 = DEFINITIONAL_REPRESENTATION('',(#2921),#2925);
#2921 = LINE('',#2922,#2923);
#2922 = CARTESIAN_POINT('',(0.,1.7));
#2923 = VECTOR('',#2924,1.);
#2924 = DIRECTION('',(1.,0.));
#2925 = ( GEOMETRIC_REPRESENTATION_CONTEXT(2) 
PARAMETRIC_REPRESENTATION_CONTEXT() REPRESENTATION_CONTEXT('2D SPACE',''
  ) );
#2926 = FACE_BOUND('',#2927,.T.);
#2927 = EDGE_LOOP('',(#2928));
#2928 = ORIENTED_EDGE('',*,*,#2929,.F.);
#2929 = EDGE_CURVE('',#2930,#2930,#2932,.T.);
#2930 = VERTEX_POINT('',#2931);
#2931 = CARTESIAN_POINT('',(64.8,-10.8,14.01));
#2932 = SURFACE_CURVE('',#2933,(#2938,#2945),.PCURVE_S1.);
#2933 = CIRCLE('',#2934,1.);
#2934 = AXIS2_PLACEMENT_3D('',#2935,#2936,#2937);
#2935 = CARTESIAN_POINT('',(63.8,-10.8,14.01));
#2936 = DIRECTION('',(0.,0.,1.));
#2937 = DIRECTION('',(1.,0.,-0.));
#2938 = PCURVE('',#72,#2939);
#2939 = DEFINITIONAL_REPRESENTATION('',(#2940),#2944);
#2940 = CIRCLE('',#2941,1.);
#2941 = AXIS2_PLACEMENT_2D('',#2942,#2943);
#2942 = CARTESIAN_POINT('',(5.1,22.200000003246));
#2943 = DIRECTION('',(1.,0.));
#2944 = ( GEOMETRIC_REPRESENTATION_CONTEXT(2) 
PARAMETRIC_REPRESENTATION_CONTEXT() REPRESENTATION_CONTEXT('2D SPACE',''
  ) );
#2945 = PCURVE('',#1699,#2946);
#2946 = DEFINITIONAL_REPRESENTATION('',(#2947),#2951);
#2947 = LINE('',#2948,#2949);
#2948 = CARTESIAN_POINT('',(0.,2.6));
#2949 = VECTOR('',#2950,1.);
#2950 = DIRECTION('',(1.,0.));
#2951 = ( GEOMETRIC_REPRESENTATION_CONTEXT(2) 
PARAMETRIC_REPRESENTATION_CONTEXT() REPRESENTATION_CONTEXT('2D SPACE',''
  ) );
#2952 = FACE_BOUND('',#2953,.T.);
#2953 = EDGE_LOOP('',(#2954));
#2954 = ORIENTED_EDGE('',*,*,#2955,.F.);
#2955 = EDGE_CURVE('',#2956,#2956,#2958,.T.);
#2956 = VERTEX_POINT('',#2957);
#2957 = CARTESIAN_POINT('',(64.8,-7.8,14.01));
#2958 = SURFACE_CURVE('',#2959,(#2964,#2971),.PCURVE_S1.);
#2959 = CIRCLE('',#2960,1.);
#2960 = AXIS2_PLACEMENT_3D('',#2961,#2962,#2963);
#2961 = CARTESIAN_POINT('',(63.8,-7.8,14.01));
#2962 = DIRECTION('',(0.,0.,1.));
#2963 = DIRECTION('',(1.,0.,-0.));
#2964 = PCURVE('',#72,#2965);
#2965 = DEFINITIONAL_REPRESENTATION('',(#2966),#2970);
#2966 = CIRCLE('',#2967,1.);
#2967 = AXIS2_PLACEMENT_2D('',#2968,#2969);
#2968 = CARTESIAN_POINT('',(5.1,25.200000003246));
#2969 = DIRECTION('',(1.,0.));
#2970 = ( GEOMETRIC_REPRESENTATION_CONTEXT(2) 
PARAMETRIC_REPRESENTATION_CONTEXT() REPRESENTATION_CONTEXT('2D SPACE',''
  ) );
#2971 = PCURVE('',#1730,#2972);
#2972 = DEFINITIONAL_REPRESENTATION('',(#2973),#2977);
#2973 = LINE('',#2974,#2975);
#2974 = CARTESIAN_POINT('',(0.,2.6));
#2975 = VECTOR('',#2976,1.);
#2976 = DIRECTION('',(1.,0.));
#2977 = ( GEOMETRIC_REPRESENTATION_CONTEXT(2) 
PARAMETRIC_REPRESENTATION_CONTEXT() REPRESENTATION_CONTEXT('2D SPACE',''
  ) );
#2978 = ADVANCED_FACE('',(#2979),#182,.F.);
#2979 = FACE_BOUND('',#2980,.F.);
#2980 = EDGE_LOOP('',(#2981,#2982,#2983,#3004));
#2981 = ORIENTED_EDGE('',*,*,#166,.T.);
#2982 = ORIENTED_EDGE('',*,*,#1979,.T.);
#2983 = ORIENTED_EDGE('',*,*,#2984,.F.);
#2984 = EDGE_CURVE('',#300,#1980,#2985,.T.);
#2985 = SURFACE_CURVE('',#2986,(#2990,#2997),.PCURVE_S1.);
#2986 = LINE('',#2987,#2988);
#2987 = CARTESIAN_POINT('',(117.,-76.,11.51));
#2988 = VECTOR('',#2989,1.);
#2989 = DIRECTION('',(0.,0.,1.));
#2990 = PCURVE('',#182,#2991);
#2991 = DEFINITIONAL_REPRESENTATION('',(#2992),#2996);
#2992 = LINE('',#2993,#2994);
#2993 = CARTESIAN_POINT('',(116.6,0.));
#2994 = VECTOR('',#2995,1.);
#2995 = DIRECTION('',(0.,-1.));
#2996 = ( GEOMETRIC_REPRESENTATION_CONTEXT(2) 
PARAMETRIC_REPRESENTATION_CONTEXT() REPRESENTATION_CONTEXT('2D SPACE',''
  ) );
#2997 = PCURVE('',#339,#2998);
#2998 = DEFINITIONAL_REPRESENTATION('',(#2999),#3003);
#2999 = LINE('',#3000,#3001);
#3000 = CARTESIAN_POINT('',(-4.712388980385,0.));
#3001 = VECTOR('',#3002,1.);
#3002 = DIRECTION('',(-0.,-1.));
#3003 = ( GEOMETRIC_REPRESENTATION_CONTEXT(2) 
PARAMETRIC_REPRESENTATION_CONTEXT() REPRESENTATION_CONTEXT('2D SPACE',''
  ) );
#3004 = ORIENTED_EDGE('',*,*,#299,.F.);
#3005 = ADVANCED_FACE('',(#3006),#237,.T.);
#3006 = FACE_BOUND('',#3007,.T.);
#3007 = EDGE_LOOP('',(#3008,#3009,#3010,#3031));
#3008 = ORIENTED_EDGE('',*,*,#219,.T.);
#3009 = ORIENTED_EDGE('',*,*,#2393,.T.);
#3010 = ORIENTED_EDGE('',*,*,#3011,.F.);
#3011 = EDGE_CURVE('',#380,#2370,#3012,.T.);
#3012 = SURFACE_CURVE('',#3013,(#3017,#3024),.PCURVE_S1.);
#3013 = LINE('',#3014,#3015);
#3014 = CARTESIAN_POINT('',(117.,9.999999992516,11.51));
#3015 = VECTOR('',#3016,1.);
#3016 = DIRECTION('',(0.,0.,1.));
#3017 = PCURVE('',#237,#3018);
#3018 = DEFINITIONAL_REPRESENTATION('',(#3019),#3023);
#3019 = LINE('',#3020,#3021);
#3020 = CARTESIAN_POINT('',(116.6,0.));
#3021 = VECTOR('',#3022,1.);
#3022 = DIRECTION('',(0.,-1.));
#3023 = ( GEOMETRIC_REPRESENTATION_CONTEXT(2) 
PARAMETRIC_REPRESENTATION_CONTEXT() REPRESENTATION_CONTEXT('2D SPACE',''
  ) );
#3024 = PCURVE('',#396,#3025);
#3025 = DEFINITIONAL_REPRESENTATION('',(#3026),#3030);
#3026 = LINE('',#3027,#3028);
#3027 = CARTESIAN_POINT('',(-1.570796326795,0.));
#3028 = VECTOR('',#3029,1.);
#3029 = DIRECTION('',(-0.,-1.));
#3030 = ( GEOMETRIC_REPRESENTATION_CONTEXT(2) 
PARAMETRIC_REPRESENTATION_CONTEXT() REPRESENTATION_CONTEXT('2D SPACE',''
  ) );
#3031 = ORIENTED_EDGE('',*,*,#408,.F.);
#3032 = ADVANCED_FACE('',(#3033),#339,.T.);
#3033 = FACE_BOUND('',#3034,.F.);
#3034 = EDGE_LOOP('',(#3035,#3036,#3037,#3058));
#3035 = ORIENTED_EDGE('',*,*,#2984,.T.);
#3036 = ORIENTED_EDGE('',*,*,#2002,.T.);
#3037 = ORIENTED_EDGE('',*,*,#3038,.F.);
#3038 = EDGE_CURVE('',#323,#2003,#3039,.T.);
#3039 = SURFACE_CURVE('',#3040,(#3044,#3051),.PCURVE_S1.);
#3040 = LINE('',#3041,#3042);
#3041 = CARTESIAN_POINT('',(120.,-73.,11.51));
#3042 = VECTOR('',#3043,1.);
#3043 = DIRECTION('',(0.,0.,1.));
#3044 = PCURVE('',#339,#3045);
#3045 = DEFINITIONAL_REPRESENTATION('',(#3046),#3050);
#3046 = LINE('',#3047,#3048);
#3047 = CARTESIAN_POINT('',(-6.28318530718,0.));
#3048 = VECTOR('',#3049,1.);
#3049 = DIRECTION('',(-0.,-1.));
#3050 = ( GEOMETRIC_REPRESENTATION_CONTEXT(2) 
PARAMETRIC_REPRESENTATION_CONTEXT() REPRESENTATION_CONTEXT('2D SPACE',''
  ) );
#3051 = PCURVE('',#367,#3052);
#3052 = DEFINITIONAL_REPRESENTATION('',(#3053),#3057);
#3053 = LINE('',#3054,#3055);
#3054 = CARTESIAN_POINT('',(0.,0.));
#3055 = VECTOR('',#3056,1.);
#3056 = DIRECTION('',(0.,-1.));
#3057 = ( GEOMETRIC_REPRESENTATION_CONTEXT(2) 
PARAMETRIC_REPRESENTATION_CONTEXT() REPRESENTATION_CONTEXT('2D SPACE',''
  ) );
#3058 = ORIENTED_EDGE('',*,*,#322,.F.);
#3059 = ADVANCED_FACE('',(#3060),#396,.T.);
#3060 = FACE_BOUND('',#3061,.F.);
#3061 = EDGE_LOOP('',(#3062,#3083,#3084,#3085));
#3062 = ORIENTED_EDGE('',*,*,#3063,.T.);
#3063 = EDGE_CURVE('',#352,#2347,#3064,.T.);
#3064 = SURFACE_CURVE('',#3065,(#3069,#3076),.PCURVE_S1.);
#3065 = LINE('',#3066,#3067);
#3066 = CARTESIAN_POINT('',(120.,6.999999985028,11.51));
#3067 = VECTOR('',#3068,1.);
#3068 = DIRECTION('',(0.,0.,1.));
#3069 = PCURVE('',#396,#3070);
#3070 = DEFINITIONAL_REPRESENTATION('',(#3071),#3075);
#3071 = LINE('',#3072,#3073);
#3072 = CARTESIAN_POINT('',(-0.,0.));
#3073 = VECTOR('',#3074,1.);
#3074 = DIRECTION('',(-0.,-1.));
#3075 = ( GEOMETRIC_REPRESENTATION_CONTEXT(2) 
PARAMETRIC_REPRESENTATION_CONTEXT() REPRESENTATION_CONTEXT('2D SPACE',''
  ) );
#3076 = PCURVE('',#367,#3077);
#3077 = DEFINITIONAL_REPRESENTATION('',(#3078),#3082);
#3078 = LINE('',#3079,#3080);
#3079 = CARTESIAN_POINT('',(79.999999985031,0.));
#3080 = VECTOR('',#3081,1.);
#3081 = DIRECTION('',(0.,-1.));
#3082 = ( GEOMETRIC_REPRESENTATION_CONTEXT(2) 
PARAMETRIC_REPRESENTATION_CONTEXT() REPRESENTATION_CONTEXT('2D SPACE',''
  ) );
#3083 = ORIENTED_EDGE('',*,*,#2369,.T.);
#3084 = ORIENTED_EDGE('',*,*,#3011,.F.);
#3085 = ORIENTED_EDGE('',*,*,#379,.F.);
#3086 = ADVANCED_FACE('',(#3087),#367,.F.);
#3087 = FACE_BOUND('',#3088,.F.);
#3088 = EDGE_LOOP('',(#3089,#3090,#3091,#3092,#3093,#3116,#3144,#3165));
#3089 = ORIENTED_EDGE('',*,*,#3063,.F.);
#3090 = ORIENTED_EDGE('',*,*,#351,.T.);
#3091 = ORIENTED_EDGE('',*,*,#3038,.T.);
#3092 = ORIENTED_EDGE('',*,*,#2026,.T.);
#3093 = ORIENTED_EDGE('',*,*,#3094,.T.);
#3094 = EDGE_CURVE('',#2027,#3095,#3097,.T.);
#3095 = VERTEX_POINT('',#3096);
#3096 = CARTESIAN_POINT('',(119.99999999906,-65.,22.41));
#3097 = SURFACE_CURVE('',#3098,(#3102,#3109),.PCURVE_S1.);
#3098 = LINE('',#3099,#3100);
#3099 = CARTESIAN_POINT('',(120.,-65.,11.51));
#3100 = VECTOR('',#3101,1.);
#3101 = DIRECTION('',(0.,0.,1.));
#3102 = PCURVE('',#367,#3103);
#3103 = DEFINITIONAL_REPRESENTATION('',(#3104),#3108);
#3104 = LINE('',#3105,#3106);
#3105 = CARTESIAN_POINT('',(8.000000000003,0.));
#3106 = VECTOR('',#3107,1.);
#3107 = DIRECTION('',(0.,-1.));
#3108 = ( GEOMETRIC_REPRESENTATION_CONTEXT(2) 
PARAMETRIC_REPRESENTATION_CONTEXT() REPRESENTATION_CONTEXT('2D SPACE',''
  ) );
#3109 = PCURVE('',#2070,#3110);
#3110 = DEFINITIONAL_REPRESENTATION('',(#3111),#3115);
#3111 = LINE('',#3112,#3113);
#3112 = CARTESIAN_POINT('',(-6.28318530718,0.));
#3113 = VECTOR('',#3114,1.);
#3114 = DIRECTION('',(-0.,-1.));
#3115 = ( GEOMETRIC_REPRESENTATION_CONTEXT(2) 
PARAMETRIC_REPRESENTATION_CONTEXT() REPRESENTATION_CONTEXT('2D SPACE',''
  ) );
#3116 = ORIENTED_EDGE('',*,*,#3117,.F.);
#3117 = EDGE_CURVE('',#3118,#3095,#3120,.T.);
#3118 = VERTEX_POINT('',#3119);
#3119 = CARTESIAN_POINT('',(119.9999999986,-30.,22.41));
#3120 = SURFACE_CURVE('',#3121,(#3125,#3132),.PCURVE_S1.);
#3121 = LINE('',#3122,#3123);
#3122 = CARTESIAN_POINT('',(119.9999999986,-30.,22.41));
#3123 = VECTOR('',#3124,1.);
#3124 = DIRECTION('',(1.332409738097E-11,-1.,1.015061051086E-16));
#3125 = PCURVE('',#367,#3126);
#3126 = DEFINITIONAL_REPRESENTATION('',(#3127),#3131);
#3127 = LINE('',#3128,#3129);
#3128 = CARTESIAN_POINT('',(43.000000000003,-10.9));
#3129 = VECTOR('',#3130,1.);
#3130 = DIRECTION('',(-1.,-1.015061051086E-16));
#3131 = ( GEOMETRIC_REPRESENTATION_CONTEXT(2) 
PARAMETRIC_REPRESENTATION_CONTEXT() REPRESENTATION_CONTEXT('2D SPACE',''
  ) );
#3132 = PCURVE('',#3133,#3138);
#3133 = PLANE('',#3134);
#3134 = AXIS2_PLACEMENT_3D('',#3135,#3136,#3137);
#3135 = CARTESIAN_POINT('',(104.99999999933,-47.5,22.41));
#3136 = DIRECTION('',(0.,0.,1.));
#3137 = DIRECTION('',(1.,0.,-0.));
#3138 = DEFINITIONAL_REPRESENTATION('',(#3139),#3143);
#3139 = LINE('',#3140,#3141);
#3140 = CARTESIAN_POINT('',(14.999999999271,17.5));
#3141 = VECTOR('',#3142,1.);
#3142 = DIRECTION('',(1.332409738097E-11,-1.));
#3143 = ( GEOMETRIC_REPRESENTATION_CONTEXT(2) 
PARAMETRIC_REPRESENTATION_CONTEXT() REPRESENTATION_CONTEXT('2D SPACE',''
  ) );
#3144 = ORIENTED_EDGE('',*,*,#3145,.F.);
#3145 = EDGE_CURVE('',#2314,#3118,#3146,.T.);
#3146 = SURFACE_CURVE('',#3147,(#3151,#3158),.PCURVE_S1.);
#3147 = LINE('',#3148,#3149);
#3148 = CARTESIAN_POINT('',(119.9999999986,-30.,11.51));
#3149 = VECTOR('',#3150,1.);
#3150 = DIRECTION('',(0.,0.,1.));
#3151 = PCURVE('',#367,#3152);
#3152 = DEFINITIONAL_REPRESENTATION('',(#3153),#3157);
#3153 = LINE('',#3154,#3155);
#3154 = CARTESIAN_POINT('',(43.000000000003,0.));
#3155 = VECTOR('',#3156,1.);
#3156 = DIRECTION('',(0.,-1.));
#3157 = ( GEOMETRIC_REPRESENTATION_CONTEXT(2) 
PARAMETRIC_REPRESENTATION_CONTEXT() REPRESENTATION_CONTEXT('2D SPACE',''
  ) );
#3158 = PCURVE('',#2334,#3159);
#3159 = DEFINITIONAL_REPRESENTATION('',(#3160),#3164);
#3160 = LINE('',#3161,#3162);
#3161 = CARTESIAN_POINT('',(3.14159265359,0.));
#3162 = VECTOR('',#3163,1.);
#3163 = DIRECTION('',(0.,-1.));
#3164 = ( GEOMETRIC_REPRESENTATION_CONTEXT(2) 
PARAMETRIC_REPRESENTATION_CONTEXT() REPRESENTATION_CONTEXT('2D SPACE',''
  ) );
#3165 = ORIENTED_EDGE('',*,*,#2346,.T.);
#3166 = ADVANCED_FACE('',(#3167),#449,.F.);
#3167 = FACE_BOUND('',#3168,.F.);
#3168 = EDGE_LOOP('',(#3169,#3193,#3214,#3215));
#3169 = ORIENTED_EDGE('',*,*,#3170,.F.);
#3170 = EDGE_CURVE('',#3171,#3171,#3173,.T.);
#3171 = VERTEX_POINT('',#3172);
#3172 = CARTESIAN_POINT('',(4.1,-71.,12.31));
#3173 = SURFACE_CURVE('',#3174,(#3179,#3186),.PCURVE_S1.);
#3174 = CIRCLE('',#3175,1.7);
#3175 = AXIS2_PLACEMENT_3D('',#3176,#3177,#3178);
#3176 = CARTESIAN_POINT('',(2.4,-71.,12.31));
#3177 = DIRECTION('',(0.,0.,1.));
#3178 = DIRECTION('',(1.,0.,-0.));
#3179 = PCURVE('',#449,#3180);
#3180 = DEFINITIONAL_REPRESENTATION('',(#3181),#3185);
#3181 = LINE('',#3182,#3183);
#3182 = CARTESIAN_POINT('',(0.,1.));
#3183 = VECTOR('',#3184,1.);
#3184 = DIRECTION('',(1.,0.));
#3185 = ( GEOMETRIC_REPRESENTATION_CONTEXT(2) 
PARAMETRIC_REPRESENTATION_CONTEXT() REPRESENTATION_CONTEXT('2D SPACE',''
  ) );
#3186 = PCURVE('',#2434,#3187);
#3187 = DEFINITIONAL_REPRESENTATION('',(#3188),#3192);
#3188 = LINE('',#3189,#3190);
#3189 = CARTESIAN_POINT('',(0.,0.));
#3190 = VECTOR('',#3191,1.);
#3191 = DIRECTION('',(1.,0.));
#3192 = ( GEOMETRIC_REPRESENTATION_CONTEXT(2) 
PARAMETRIC_REPRESENTATION_CONTEXT() REPRESENTATION_CONTEXT('2D SPACE',''
  ) );
#3193 = ORIENTED_EDGE('',*,*,#3194,.F.);
#3194 = EDGE_CURVE('',#433,#3171,#3195,.T.);
#3195 = SEAM_CURVE('',#3196,(#3200,#3207),.PCURVE_S1.);
#3196 = LINE('',#3197,#3198);
#3197 = CARTESIAN_POINT('',(4.1,-71.,11.31));
#3198 = VECTOR('',#3199,1.);
#3199 = DIRECTION('',(0.,0.,1.));
#3200 = PCURVE('',#449,#3201);
#3201 = DEFINITIONAL_REPRESENTATION('',(#3202),#3206);
#3202 = LINE('',#3203,#3204);
#3203 = CARTESIAN_POINT('',(6.28318530718,-0.));
#3204 = VECTOR('',#3205,1.);
#3205 = DIRECTION('',(0.,1.));
#3206 = ( GEOMETRIC_REPRESENTATION_CONTEXT(2) 
PARAMETRIC_REPRESENTATION_CONTEXT() REPRESENTATION_CONTEXT('2D SPACE',''
  ) );
#3207 = PCURVE('',#449,#3208);
#3208 = DEFINITIONAL_REPRESENTATION('',(#3209),#3213);
#3209 = LINE('',#3210,#3211);
#3210 = CARTESIAN_POINT('',(0.,-0.));
#3211 = VECTOR('',#3212,1.);
#3212 = DIRECTION('',(0.,1.));
#3213 = ( GEOMETRIC_REPRESENTATION_CONTEXT(2) 
PARAMETRIC_REPRESENTATION_CONTEXT() REPRESENTATION_CONTEXT('2D SPACE',''
  ) );
#3214 = ORIENTED_EDGE('',*,*,#432,.T.);
#3215 = ORIENTED_EDGE('',*,*,#3194,.T.);
#3216 = ADVANCED_FACE('',(#3217),#481,.F.);
#3217 = FACE_BOUND('',#3218,.F.);
#3218 = EDGE_LOOP('',(#3219,#3249,#3268,#3269));
#3219 = ORIENTED_EDGE('',*,*,#3220,.F.);
#3220 = EDGE_CURVE('',#3221,#3223,#3225,.T.);
#3221 = VERTEX_POINT('',#3222);
#3222 = CARTESIAN_POINT('',(5.961951712199,-73.74999999999,8.51));
#3223 = VERTEX_POINT('',#3224);
#3224 = CARTESIAN_POINT('',(111.4380482878,-73.74999999999,8.51));
#3225 = SURFACE_CURVE('',#3226,(#3230,#3237),.PCURVE_S1.);
#3226 = LINE('',#3227,#3228);
#3227 = CARTESIAN_POINT('',(58.7,-73.74999999999,8.51));
#3228 = VECTOR('',#3229,1.);
#3229 = DIRECTION('',(1.,0.,0.));
#3230 = PCURVE('',#481,#3231);
#3231 = DEFINITIONAL_REPRESENTATION('',(#3232),#3236);
#3232 = LINE('',#3233,#3234);
#3233 = CARTESIAN_POINT('',(57.25,0.));
#3234 = VECTOR('',#3235,1.);
#3235 = DIRECTION('',(1.,0.));
#3236 = ( GEOMETRIC_REPRESENTATION_CONTEXT(2) 
PARAMETRIC_REPRESENTATION_CONTEXT() REPRESENTATION_CONTEXT('2D SPACE',''
  ) );
#3237 = PCURVE('',#3238,#3243);
#3238 = PLANE('',#3239);
#3239 = AXIS2_PLACEMENT_3D('',#3240,#3241,#3242);
#3240 = CARTESIAN_POINT('',(58.7,-33.00000000326,8.51));
#3241 = DIRECTION('',(0.,0.,1.));
#3242 = DIRECTION('',(1.,0.,-0.));
#3243 = DEFINITIONAL_REPRESENTATION('',(#3244),#3248);
#3244 = LINE('',#3245,#3246);
#3245 = CARTESIAN_POINT('',(-3.319614119182E-16,-40.74999999672));
#3246 = VECTOR('',#3247,1.);
#3247 = DIRECTION('',(1.,0.));
#3248 = ( GEOMETRIC_REPRESENTATION_CONTEXT(2) 
PARAMETRIC_REPRESENTATION_CONTEXT() REPRESENTATION_CONTEXT('2D SPACE',''
  ) );
#3249 = ORIENTED_EDGE('',*,*,#3250,.T.);
#3250 = EDGE_CURVE('',#3221,#464,#3251,.T.);
#3251 = SURFACE_CURVE('',#3252,(#3256,#3262),.PCURVE_S1.);
#3252 = LINE('',#3253,#3254);
#3253 = CARTESIAN_POINT('',(5.961951712199,-73.74999999999,8.31));
#3254 = VECTOR('',#3255,1.);
#3255 = DIRECTION('',(0.,0.,1.));
#3256 = PCURVE('',#481,#3257);
#3257 = DEFINITIONAL_REPRESENTATION('',(#3258),#3261);
#3258 = B_SPLINE_CURVE_WITH_KNOTS('',1,(#3259,#3260),.UNSPECIFIED.,.F.,
  .F.,(2,2),(-5.999999999062E-07,3.3000006),.PIECEWISE_BEZIER_KNOTS.);
#3259 = CARTESIAN_POINT('',(4.511951712199,0.2000006));
#3260 = CARTESIAN_POINT('',(4.511951712199,-3.1000006));
#3261 = ( GEOMETRIC_REPRESENTATION_CONTEXT(2) 
PARAMETRIC_REPRESENTATION_CONTEXT() REPRESENTATION_CONTEXT('2D SPACE',''
  ) );
#3262 = PCURVE('',#510,#3263);
#3263 = DEFINITIONAL_REPRESENTATION('',(#3264),#3267);
#3264 = B_SPLINE_CURVE_WITH_KNOTS('',1,(#3265,#3266),.UNSPECIFIED.,.F.,
  .F.,(2,2),(-5.999999999062E-07,3.3000006),.PIECEWISE_BEZIER_KNOTS.);
#3265 = CARTESIAN_POINT('',(5.6257217508,-5.999999999062E-07));
#3266 = CARTESIAN_POINT('',(5.6257217508,3.3000006));
#3267 = ( GEOMETRIC_REPRESENTATION_CONTEXT(2) 
PARAMETRIC_REPRESENTATION_CONTEXT() REPRESENTATION_CONTEXT('2D SPACE',''
  ) );
#3268 = ORIENTED_EDGE('',*,*,#463,.T.);
#3269 = ORIENTED_EDGE('',*,*,#3270,.F.);
#3270 = EDGE_CURVE('',#3223,#466,#3271,.T.);
#3271 = SURFACE_CURVE('',#3272,(#3276,#3282),.PCURVE_S1.);
#3272 = LINE('',#3273,#3274);
#3273 = CARTESIAN_POINT('',(111.4380482878,-73.74999999999,8.31));
#3274 = VECTOR('',#3275,1.);
#3275 = DIRECTION('',(0.,0.,1.));
#3276 = PCURVE('',#481,#3277);
#3277 = DEFINITIONAL_REPRESENTATION('',(#3278),#3281);
#3278 = B_SPLINE_CURVE_WITH_KNOTS('',1,(#3279,#3280),.UNSPECIFIED.,.F.,
  .F.,(2,2),(-5.999999999062E-07,3.3000006),.PIECEWISE_BEZIER_KNOTS.);
#3279 = CARTESIAN_POINT('',(109.9880482878,0.2000006));
#3280 = CARTESIAN_POINT('',(109.9880482878,-3.1000006));
#3281 = ( GEOMETRIC_REPRESENTATION_CONTEXT(2) 
PARAMETRIC_REPRESENTATION_CONTEXT() REPRESENTATION_CONTEXT('2D SPACE',''
  ) );
#3282 = PCURVE('',#564,#3283);
#3283 = DEFINITIONAL_REPRESENTATION('',(#3284),#3287);
#3284 = B_SPLINE_CURVE_WITH_KNOTS('',1,(#3285,#3286),.UNSPECIFIED.,.F.,
  .F.,(2,2),(-5.999999999062E-07,3.3000006),.PIECEWISE_BEZIER_KNOTS.);
#3285 = CARTESIAN_POINT('',(3.799056209969,-5.999999999062E-07));
#3286 = CARTESIAN_POINT('',(3.799056209969,3.3000006));
#3287 = ( GEOMETRIC_REPRESENTATION_CONTEXT(2) 
PARAMETRIC_REPRESENTATION_CONTEXT() REPRESENTATION_CONTEXT('2D SPACE',''
  ) );
#3288 = ADVANCED_FACE('',(#3289),#510,.F.);
#3289 = FACE_BOUND('',#3290,.F.);
#3290 = EDGE_LOOP('',(#3291,#3292,#3316,#3335));
#3291 = ORIENTED_EDGE('',*,*,#3250,.F.);
#3292 = ORIENTED_EDGE('',*,*,#3293,.T.);
#3293 = EDGE_CURVE('',#3221,#3294,#3296,.T.);
#3294 = VERTEX_POINT('',#3295);
#3295 = CARTESIAN_POINT('',(6.624630161339,-72.54999999997,8.51));
#3296 = SURFACE_CURVE('',#3297,(#3302,#3309),.PCURVE_S1.);
#3297 = CIRCLE('',#3298,4.5);
#3298 = AXIS2_PLACEMENT_3D('',#3299,#3300,#3301);
#3299 = CARTESIAN_POINT('',(2.4,-71.,8.51));
#3300 = DIRECTION('',(0.,0.,1.));
#3301 = DIRECTION('',(1.,0.,-0.));
#3302 = PCURVE('',#510,#3303);
#3303 = DEFINITIONAL_REPRESENTATION('',(#3304),#3308);
#3304 = LINE('',#3305,#3306);
#3305 = CARTESIAN_POINT('',(0.,0.2));
#3306 = VECTOR('',#3307,1.);
#3307 = DIRECTION('',(1.,0.));
#3308 = ( GEOMETRIC_REPRESENTATION_CONTEXT(2) 
PARAMETRIC_REPRESENTATION_CONTEXT() REPRESENTATION_CONTEXT('2D SPACE',''
  ) );
#3309 = PCURVE('',#3238,#3310);
#3310 = DEFINITIONAL_REPRESENTATION('',(#3311),#3315);
#3311 = CIRCLE('',#3312,4.5);
#3312 = AXIS2_PLACEMENT_2D('',#3313,#3314);
#3313 = CARTESIAN_POINT('',(-56.3,-37.99999999673));
#3314 = DIRECTION('',(1.,0.));
#3315 = ( GEOMETRIC_REPRESENTATION_CONTEXT(2) 
PARAMETRIC_REPRESENTATION_CONTEXT() REPRESENTATION_CONTEXT('2D SPACE',''
  ) );
#3316 = ORIENTED_EDGE('',*,*,#3317,.T.);
#3317 = EDGE_CURVE('',#3294,#494,#3318,.T.);
#3318 = SURFACE_CURVE('',#3319,(#3323,#3329),.PCURVE_S1.);
#3319 = LINE('',#3320,#3321);
#3320 = CARTESIAN_POINT('',(6.624630161339,-72.54999999997,8.31));
#3321 = VECTOR('',#3322,1.);
#3322 = DIRECTION('',(0.,0.,1.));
#3323 = PCURVE('',#510,#3324);
#3324 = DEFINITIONAL_REPRESENTATION('',(#3325),#3328);
#3325 = B_SPLINE_CURVE_WITH_KNOTS('',1,(#3326,#3327),.UNSPECIFIED.,.F.,
  .F.,(2,2),(-5.999999999062E-07,3.3000006),.PIECEWISE_BEZIER_KNOTS.);
#3326 = CARTESIAN_POINT('',(5.931538354157,-5.999999999062E-07));
#3327 = CARTESIAN_POINT('',(5.931538354157,3.3000006));
#3328 = ( GEOMETRIC_REPRESENTATION_CONTEXT(2) 
PARAMETRIC_REPRESENTATION_CONTEXT() REPRESENTATION_CONTEXT('2D SPACE',''
  ) );
#3329 = PCURVE('',#538,#3330);
#3330 = DEFINITIONAL_REPRESENTATION('',(#3331),#3334);
#3331 = B_SPLINE_CURVE_WITH_KNOTS('',1,(#3332,#3333),.UNSPECIFIED.,.F.,
  .F.,(2,2),(-5.999999999062E-07,3.3000006),.PIECEWISE_BEZIER_KNOTS.);
#3332 = CARTESIAN_POINT('',(4.574630161339,0.1000006));
#3333 = CARTESIAN_POINT('',(4.574630161339,-3.2000006));
#3334 = ( GEOMETRIC_REPRESENTATION_CONTEXT(2) 
PARAMETRIC_REPRESENTATION_CONTEXT() REPRESENTATION_CONTEXT('2D SPACE',''
  ) );
#3335 = ORIENTED_EDGE('',*,*,#493,.F.);
#3336 = ADVANCED_FACE('',(#3337),#564,.F.);
#3337 = FACE_BOUND('',#3338,.F.);
#3338 = EDGE_LOOP('',(#3339,#3360,#3382,#3383));
#3339 = ORIENTED_EDGE('',*,*,#3340,.F.);
#3340 = EDGE_CURVE('',#3341,#523,#3343,.T.);
#3341 = VERTEX_POINT('',#3342);
#3342 = CARTESIAN_POINT('',(110.77536983866,-72.54999999997,8.51));
#3343 = SURFACE_CURVE('',#3344,(#3348,#3354),.PCURVE_S1.);
#3344 = LINE('',#3345,#3346);
#3345 = CARTESIAN_POINT('',(110.77536983866,-72.54999999997,8.31));
#3346 = VECTOR('',#3347,1.);
#3347 = DIRECTION('',(0.,0.,1.));
#3348 = PCURVE('',#564,#3349);
#3349 = DEFINITIONAL_REPRESENTATION('',(#3350),#3353);
#3350 = B_SPLINE_CURVE_WITH_KNOTS('',1,(#3351,#3352),.UNSPECIFIED.,.F.,
  .F.,(2,2),(-5.999999999062E-07,3.3000006),.PIECEWISE_BEZIER_KNOTS.);
#3351 = CARTESIAN_POINT('',(3.493239606613,-5.999999999062E-07));
#3352 = CARTESIAN_POINT('',(3.493239606613,3.3000006));
#3353 = ( GEOMETRIC_REPRESENTATION_CONTEXT(2) 
PARAMETRIC_REPRESENTATION_CONTEXT() REPRESENTATION_CONTEXT('2D SPACE',''
  ) );
#3354 = PCURVE('',#538,#3355);
#3355 = DEFINITIONAL_REPRESENTATION('',(#3356),#3359);
#3356 = B_SPLINE_CURVE_WITH_KNOTS('',1,(#3357,#3358),.UNSPECIFIED.,.F.,
  .F.,(2,2),(-5.999999999062E-07,3.3000006),.PIECEWISE_BEZIER_KNOTS.);
#3357 = CARTESIAN_POINT('',(108.72536983866,0.1000006));
#3358 = CARTESIAN_POINT('',(108.72536983866,-3.2000006));
#3359 = ( GEOMETRIC_REPRESENTATION_CONTEXT(2) 
PARAMETRIC_REPRESENTATION_CONTEXT() REPRESENTATION_CONTEXT('2D SPACE',''
  ) );
#3360 = ORIENTED_EDGE('',*,*,#3361,.T.);
#3361 = EDGE_CURVE('',#3341,#3223,#3362,.T.);
#3362 = SURFACE_CURVE('',#3363,(#3368,#3375),.PCURVE_S1.);
#3363 = CIRCLE('',#3364,4.5);
#3364 = AXIS2_PLACEMENT_3D('',#3365,#3366,#3367);
#3365 = CARTESIAN_POINT('',(115.,-71.,8.51));
#3366 = DIRECTION('',(0.,0.,1.));
#3367 = DIRECTION('',(1.,0.,-0.));
#3368 = PCURVE('',#564,#3369);
#3369 = DEFINITIONAL_REPRESENTATION('',(#3370),#3374);
#3370 = LINE('',#3371,#3372);
#3371 = CARTESIAN_POINT('',(0.,0.2));
#3372 = VECTOR('',#3373,1.);
#3373 = DIRECTION('',(1.,0.));
#3374 = ( GEOMETRIC_REPRESENTATION_CONTEXT(2) 
PARAMETRIC_REPRESENTATION_CONTEXT() REPRESENTATION_CONTEXT('2D SPACE',''
  ) );
#3375 = PCURVE('',#3238,#3376);
#3376 = DEFINITIONAL_REPRESENTATION('',(#3377),#3381);
#3377 = CIRCLE('',#3378,4.5);
#3378 = AXIS2_PLACEMENT_2D('',#3379,#3380);
#3379 = CARTESIAN_POINT('',(56.3,-37.99999999673));
#3380 = DIRECTION('',(1.,0.));
#3381 = ( GEOMETRIC_REPRESENTATION_CONTEXT(2) 
PARAMETRIC_REPRESENTATION_CONTEXT() REPRESENTATION_CONTEXT('2D SPACE',''
  ) );
#3382 = ORIENTED_EDGE('',*,*,#3270,.T.);
#3383 = ORIENTED_EDGE('',*,*,#549,.F.);
#3384 = ADVANCED_FACE('',(#3385),#538,.T.);
#3385 = FACE_BOUND('',#3386,.T.);
#3386 = EDGE_LOOP('',(#3387,#3388,#3407,#3408));
#3387 = ORIENTED_EDGE('',*,*,#3340,.F.);
#3388 = ORIENTED_EDGE('',*,*,#3389,.T.);
#3389 = EDGE_CURVE('',#3341,#3294,#3390,.T.);
#3390 = SURFACE_CURVE('',#3391,(#3395,#3401),.PCURVE_S1.);
#3391 = LINE('',#3392,#3393);
#3392 = CARTESIAN_POINT('',(30.375,-72.54999999997,8.51));
#3393 = VECTOR('',#3394,1.);
#3394 = DIRECTION('',(-1.,0.,0.));
#3395 = PCURVE('',#538,#3396);
#3396 = DEFINITIONAL_REPRESENTATION('',(#3397),#3400);
#3397 = B_SPLINE_CURVE_WITH_KNOTS('',1,(#3398,#3399),.UNSPECIFIED.,.F.,
  .F.,(2,2),(-84.975,28.325),.PIECEWISE_BEZIER_KNOTS.);
#3398 = CARTESIAN_POINT('',(113.3,-1.E-01));
#3399 = CARTESIAN_POINT('',(0.,-1.E-01));
#3400 = ( GEOMETRIC_REPRESENTATION_CONTEXT(2) 
PARAMETRIC_REPRESENTATION_CONTEXT() REPRESENTATION_CONTEXT('2D SPACE',''
  ) );
#3401 = PCURVE('',#3238,#3402);
#3402 = DEFINITIONAL_REPRESENTATION('',(#3403),#3406);
#3403 = B_SPLINE_CURVE_WITH_KNOTS('',1,(#3404,#3405),.UNSPECIFIED.,.F.,
  .F.,(2,2),(-84.975,28.325),.PIECEWISE_BEZIER_KNOTS.);
#3404 = CARTESIAN_POINT('',(56.65,-39.5499999967));
#3405 = CARTESIAN_POINT('',(-56.65,-39.5499999967));
#3406 = ( GEOMETRIC_REPRESENTATION_CONTEXT(2) 
PARAMETRIC_REPRESENTATION_CONTEXT() REPRESENTATION_CONTEXT('2D SPACE',''
  ) );
#3407 = ORIENTED_EDGE('',*,*,#3317,.T.);
#3408 = ORIENTED_EDGE('',*,*,#522,.F.);
#3409 = ADVANCED_FACE('',(#3410),#595,.F.);
#3410 = FACE_BOUND('',#3411,.F.);
#3411 = EDGE_LOOP('',(#3412,#3435,#3462,#3463));
#3412 = ORIENTED_EDGE('',*,*,#3413,.T.);
#3413 = EDGE_CURVE('',#579,#3414,#3416,.T.);
#3414 = VERTEX_POINT('',#3415);
#3415 = CARTESIAN_POINT('',(20.,-52.,12.91));
#3416 = SEAM_CURVE('',#3417,(#3421,#3428),.PCURVE_S1.);
#3417 = LINE('',#3418,#3419);
#3418 = CARTESIAN_POINT('',(20.,-52.,11.41));
#3419 = VECTOR('',#3420,1.);
#3420 = DIRECTION('',(0.,0.,1.));
#3421 = PCURVE('',#595,#3422);
#3422 = DEFINITIONAL_REPRESENTATION('',(#3423),#3427);
#3423 = LINE('',#3424,#3425);
#3424 = CARTESIAN_POINT('',(6.28318530718,-0.));
#3425 = VECTOR('',#3426,1.);
#3426 = DIRECTION('',(0.,1.));
#3427 = ( GEOMETRIC_REPRESENTATION_CONTEXT(2) 
PARAMETRIC_REPRESENTATION_CONTEXT() REPRESENTATION_CONTEXT('2D SPACE',''
  ) );
#3428 = PCURVE('',#595,#3429);
#3429 = DEFINITIONAL_REPRESENTATION('',(#3430),#3434);
#3430 = LINE('',#3431,#3432);
#3431 = CARTESIAN_POINT('',(0.,-0.));
#3432 = VECTOR('',#3433,1.);
#3433 = DIRECTION('',(0.,1.));
#3434 = ( GEOMETRIC_REPRESENTATION_CONTEXT(2) 
PARAMETRIC_REPRESENTATION_CONTEXT() REPRESENTATION_CONTEXT('2D SPACE',''
  ) );
#3435 = ORIENTED_EDGE('',*,*,#3436,.F.);
#3436 = EDGE_CURVE('',#3414,#3414,#3437,.T.);
#3437 = SURFACE_CURVE('',#3438,(#3443,#3450),.PCURVE_S1.);
#3438 = CIRCLE('',#3439,5.5);
#3439 = AXIS2_PLACEMENT_3D('',#3440,#3441,#3442);
#3440 = CARTESIAN_POINT('',(14.5,-52.,12.91));
#3441 = DIRECTION('',(0.,0.,1.));
#3442 = DIRECTION('',(1.,0.,-0.));
#3443 = PCURVE('',#595,#3444);
#3444 = DEFINITIONAL_REPRESENTATION('',(#3445),#3449);
#3445 = LINE('',#3446,#3447);
#3446 = CARTESIAN_POINT('',(0.,1.5));
#3447 = VECTOR('',#3448,1.);
#3448 = DIRECTION('',(1.,0.));
#3449 = ( GEOMETRIC_REPRESENTATION_CONTEXT(2) 
PARAMETRIC_REPRESENTATION_CONTEXT() REPRESENTATION_CONTEXT('2D SPACE',''
  ) );
#3450 = PCURVE('',#3451,#3456);
#3451 = PLANE('',#3452);
#3452 = AXIS2_PLACEMENT_3D('',#3453,#3454,#3455);
#3453 = CARTESIAN_POINT('',(14.5,-52.,12.91));
#3454 = DIRECTION('',(0.,0.,1.));
#3455 = DIRECTION('',(1.,0.,-0.));
#3456 = DEFINITIONAL_REPRESENTATION('',(#3457),#3461);
#3457 = CIRCLE('',#3458,5.5);
#3458 = AXIS2_PLACEMENT_2D('',#3459,#3460);
#3459 = CARTESIAN_POINT('',(0.,0.));
#3460 = DIRECTION('',(1.,0.));
#3461 = ( GEOMETRIC_REPRESENTATION_CONTEXT(2) 
PARAMETRIC_REPRESENTATION_CONTEXT() REPRESENTATION_CONTEXT('2D SPACE',''
  ) );
#3462 = ORIENTED_EDGE('',*,*,#3413,.F.);
#3463 = ORIENTED_EDGE('',*,*,#578,.T.);
#3464 = ADVANCED_FACE('',(#3465),#626,.F.);
#3465 = FACE_BOUND('',#3466,.F.);
#3466 = EDGE_LOOP('',(#3467,#3490,#3517,#3518));
#3467 = ORIENTED_EDGE('',*,*,#3468,.T.);
#3468 = EDGE_CURVE('',#610,#3469,#3471,.T.);
#3469 = VERTEX_POINT('',#3470);
#3470 = CARTESIAN_POINT('',(33.,-52.,12.91));
#3471 = SEAM_CURVE('',#3472,(#3476,#3483),.PCURVE_S1.);
#3472 = LINE('',#3473,#3474);
#3473 = CARTESIAN_POINT('',(33.,-52.,11.41));
#3474 = VECTOR('',#3475,1.);
#3475 = DIRECTION('',(0.,0.,1.));
#3476 = PCURVE('',#626,#3477);
#3477 = DEFINITIONAL_REPRESENTATION('',(#3478),#3482);
#3478 = LINE('',#3479,#3480);
#3479 = CARTESIAN_POINT('',(6.28318530718,-0.));
#3480 = VECTOR('',#3481,1.);
#3481 = DIRECTION('',(0.,1.));
#3482 = ( GEOMETRIC_REPRESENTATION_CONTEXT(2) 
PARAMETRIC_REPRESENTATION_CONTEXT() REPRESENTATION_CONTEXT('2D SPACE',''
  ) );
#3483 = PCURVE('',#626,#3484);
#3484 = DEFINITIONAL_REPRESENTATION('',(#3485),#3489);
#3485 = LINE('',#3486,#3487);
#3486 = CARTESIAN_POINT('',(0.,-0.));
#3487 = VECTOR('',#3488,1.);
#3488 = DIRECTION('',(0.,1.));
#3489 = ( GEOMETRIC_REPRESENTATION_CONTEXT(2) 
PARAMETRIC_REPRESENTATION_CONTEXT() REPRESENTATION_CONTEXT('2D SPACE',''
  ) );
#3490 = ORIENTED_EDGE('',*,*,#3491,.F.);
#3491 = EDGE_CURVE('',#3469,#3469,#3492,.T.);
#3492 = SURFACE_CURVE('',#3493,(#3498,#3505),.PCURVE_S1.);
#3493 = CIRCLE('',#3494,5.5);
#3494 = AXIS2_PLACEMENT_3D('',#3495,#3496,#3497);
#3495 = CARTESIAN_POINT('',(27.5,-52.,12.91));
#3496 = DIRECTION('',(0.,0.,1.));
#3497 = DIRECTION('',(1.,0.,-0.));
#3498 = PCURVE('',#626,#3499);
#3499 = DEFINITIONAL_REPRESENTATION('',(#3500),#3504);
#3500 = LINE('',#3501,#3502);
#3501 = CARTESIAN_POINT('',(0.,1.5));
#3502 = VECTOR('',#3503,1.);
#3503 = DIRECTION('',(1.,0.));
#3504 = ( GEOMETRIC_REPRESENTATION_CONTEXT(2) 
PARAMETRIC_REPRESENTATION_CONTEXT() REPRESENTATION_CONTEXT('2D SPACE',''
  ) );
#3505 = PCURVE('',#3506,#3511);
#3506 = PLANE('',#3507);
#3507 = AXIS2_PLACEMENT_3D('',#3508,#3509,#3510);
#3508 = CARTESIAN_POINT('',(27.5,-52.,12.91));
#3509 = DIRECTION('',(0.,0.,1.));
#3510 = DIRECTION('',(1.,0.,-0.));
#3511 = DEFINITIONAL_REPRESENTATION('',(#3512),#3516);
#3512 = CIRCLE('',#3513,5.5);
#3513 = AXIS2_PLACEMENT_2D('',#3514,#3515);
#3514 = CARTESIAN_POINT('',(0.,0.));
#3515 = DIRECTION('',(1.,0.));
#3516 = ( GEOMETRIC_REPRESENTATION_CONTEXT(2) 
PARAMETRIC_REPRESENTATION_CONTEXT() REPRESENTATION_CONTEXT('2D SPACE',''
  ) );
#3517 = ORIENTED_EDGE('',*,*,#3468,.F.);
#3518 = ORIENTED_EDGE('',*,*,#609,.T.);
#3519 = ADVANCED_FACE('',(#3520),#659,.F.);
#3520 = FACE_BOUND('',#3521,.F.);
#3521 = EDGE_LOOP('',(#3522,#3553,#3572,#3573));
#3522 = ORIENTED_EDGE('',*,*,#3523,.T.);
#3523 = EDGE_CURVE('',#3524,#3526,#3528,.T.);
#3524 = VERTEX_POINT('',#3525);
#3525 = CARTESIAN_POINT('',(0.85,-66.77536983867,8.51));
#3526 = VERTEX_POINT('',#3527);
#3527 = CARTESIAN_POINT('',(-0.35,-67.4380482878,8.51));
#3528 = SURFACE_CURVE('',#3529,(#3534,#3541),.PCURVE_S1.);
#3529 = CIRCLE('',#3530,4.5);
#3530 = AXIS2_PLACEMENT_3D('',#3531,#3532,#3533);
#3531 = CARTESIAN_POINT('',(2.4,-71.,8.51));
#3532 = DIRECTION('',(0.,0.,1.));
#3533 = DIRECTION('',(1.,0.,-0.));
#3534 = PCURVE('',#659,#3535);
#3535 = DEFINITIONAL_REPRESENTATION('',(#3536),#3540);
#3536 = LINE('',#3537,#3538);
#3537 = CARTESIAN_POINT('',(0.,0.2));
#3538 = VECTOR('',#3539,1.);
#3539 = DIRECTION('',(1.,0.));
#3540 = ( GEOMETRIC_REPRESENTATION_CONTEXT(2) 
PARAMETRIC_REPRESENTATION_CONTEXT() REPRESENTATION_CONTEXT('2D SPACE',''
  ) );
#3541 = PCURVE('',#3542,#3547);
#3542 = PLANE('',#3543);
#3543 = AXIS2_PLACEMENT_3D('',#3544,#3545,#3546);
#3544 = CARTESIAN_POINT('',(58.7,-33.00000000326,8.51));
#3545 = DIRECTION('',(0.,0.,1.));
#3546 = DIRECTION('',(1.,0.,-0.));
#3547 = DEFINITIONAL_REPRESENTATION('',(#3548),#3552);
#3548 = CIRCLE('',#3549,4.5);
#3549 = AXIS2_PLACEMENT_2D('',#3550,#3551);
#3550 = CARTESIAN_POINT('',(-56.3,-37.99999999673));
#3551 = DIRECTION('',(1.,0.));
#3552 = ( GEOMETRIC_REPRESENTATION_CONTEXT(2) 
PARAMETRIC_REPRESENTATION_CONTEXT() REPRESENTATION_CONTEXT('2D SPACE',''
  ) );
#3553 = ORIENTED_EDGE('',*,*,#3554,.T.);
#3554 = EDGE_CURVE('',#3526,#643,#3555,.T.);
#3555 = SURFACE_CURVE('',#3556,(#3560,#3566),.PCURVE_S1.);
#3556 = LINE('',#3557,#3558);
#3557 = CARTESIAN_POINT('',(-0.35,-67.4380482878,8.31));
#3558 = VECTOR('',#3559,1.);
#3559 = DIRECTION('',(0.,0.,1.));
#3560 = PCURVE('',#659,#3561);
#3561 = DEFINITIONAL_REPRESENTATION('',(#3562),#3565);
#3562 = B_SPLINE_CURVE_WITH_KNOTS('',1,(#3563,#3564),.UNSPECIFIED.,.F.,
  .F.,(2,2),(-5.999999999062E-07,3.3000006),.PIECEWISE_BEZIER_KNOTS.);
#3563 = CARTESIAN_POINT('',(2.228259883177,-5.999999999062E-07));
#3564 = CARTESIAN_POINT('',(2.228259883177,3.3000006));
#3565 = ( GEOMETRIC_REPRESENTATION_CONTEXT(2) 
PARAMETRIC_REPRESENTATION_CONTEXT() REPRESENTATION_CONTEXT('2D SPACE',''
  ) );
#3566 = PCURVE('',#687,#3567);
#3567 = DEFINITIONAL_REPRESENTATION('',(#3568),#3571);
#3568 = B_SPLINE_CURVE_WITH_KNOTS('',1,(#3569,#3570),.UNSPECIFIED.,.F.,
  .F.,(2,2),(-5.999999999062E-07,3.3000006),.PIECEWISE_BEZIER_KNOTS.);
#3569 = CARTESIAN_POINT('',(4.511951712201,0.2000006));
#3570 = CARTESIAN_POINT('',(4.511951712201,-3.1000006));
#3571 = ( GEOMETRIC_REPRESENTATION_CONTEXT(2) 
PARAMETRIC_REPRESENTATION_CONTEXT() REPRESENTATION_CONTEXT('2D SPACE',''
  ) );
#3572 = ORIENTED_EDGE('',*,*,#640,.F.);
#3573 = ORIENTED_EDGE('',*,*,#3574,.F.);
#3574 = EDGE_CURVE('',#3524,#641,#3575,.T.);
#3575 = SURFACE_CURVE('',#3576,(#3580,#3586),.PCURVE_S1.);
#3576 = LINE('',#3577,#3578);
#3577 = CARTESIAN_POINT('',(0.85,-66.77536983867,8.31));
#3578 = VECTOR('',#3579,1.);
#3579 = DIRECTION('',(0.,0.,1.));
#3580 = PCURVE('',#659,#3581);
#3581 = DEFINITIONAL_REPRESENTATION('',(#3582),#3585);
#3582 = B_SPLINE_CURVE_WITH_KNOTS('',1,(#3583,#3584),.UNSPECIFIED.,.F.,
  .F.,(2,2),(-5.999999999062E-07,3.3000006),.PIECEWISE_BEZIER_KNOTS.);
#3583 = CARTESIAN_POINT('',(1.922443279825,-5.999999999062E-07));
#3584 = CARTESIAN_POINT('',(1.922443279825,3.3000006));
#3585 = ( GEOMETRIC_REPRESENTATION_CONTEXT(2) 
PARAMETRIC_REPRESENTATION_CONTEXT() REPRESENTATION_CONTEXT('2D SPACE',''
  ) );
#3586 = PCURVE('',#742,#3587);
#3587 = DEFINITIONAL_REPRESENTATION('',(#3588),#3591);
#3588 = B_SPLINE_CURVE_WITH_KNOTS('',1,(#3589,#3590),.UNSPECIFIED.,.F.,
  .F.,(2,2),(-5.999999999062E-07,3.3000006),.PIECEWISE_BEZIER_KNOTS.);
#3589 = CARTESIAN_POINT('',(4.574630161358,0.1000006));
#3590 = CARTESIAN_POINT('',(4.574630161358,-3.2000006));
#3591 = ( GEOMETRIC_REPRESENTATION_CONTEXT(2) 
PARAMETRIC_REPRESENTATION_CONTEXT() REPRESENTATION_CONTEXT('2D SPACE',''
  ) );
#3592 = ADVANCED_FACE('',(#3593),#742,.F.);
#3593 = FACE_BOUND('',#3594,.F.);
#3594 = EDGE_LOOP('',(#3595,#3616,#3635,#3636));
#3595 = ORIENTED_EDGE('',*,*,#3596,.F.);
#3596 = EDGE_CURVE('',#3597,#700,#3599,.T.);
#3597 = VERTEX_POINT('',#3598);
#3598 = CARTESIAN_POINT('',(0.85,0.775369838672,8.51));
#3599 = SURFACE_CURVE('',#3600,(#3604,#3610),.PCURVE_S1.);
#3600 = LINE('',#3601,#3602);
#3601 = CARTESIAN_POINT('',(0.85,0.775369838672,8.31));
#3602 = VECTOR('',#3603,1.);
#3603 = DIRECTION('',(0.,0.,1.));
#3604 = PCURVE('',#742,#3605);
#3605 = DEFINITIONAL_REPRESENTATION('',(#3606),#3609);
#3606 = B_SPLINE_CURVE_WITH_KNOTS('',1,(#3607,#3608),.UNSPECIFIED.,.F.,
  .F.,(2,2),(-5.999999999062E-07,3.3000006),.PIECEWISE_BEZIER_KNOTS.);
#3607 = CARTESIAN_POINT('',(72.125369838702,0.1000006));
#3608 = CARTESIAN_POINT('',(72.125369838702,-3.2000006));
#3609 = ( GEOMETRIC_REPRESENTATION_CONTEXT(2) 
PARAMETRIC_REPRESENTATION_CONTEXT() REPRESENTATION_CONTEXT('2D SPACE',''
  ) );
#3610 = PCURVE('',#716,#3611);
#3611 = DEFINITIONAL_REPRESENTATION('',(#3612),#3615);
#3612 = B_SPLINE_CURVE_WITH_KNOTS('',1,(#3613,#3614),.UNSPECIFIED.,.F.,
  .F.,(2,2),(-5.999999999062E-07,3.3000006),.PIECEWISE_BEZIER_KNOTS.);
#3613 = CARTESIAN_POINT('',(4.360742027355,-5.999999999062E-07));
#3614 = CARTESIAN_POINT('',(4.360742027355,3.3000006));
#3615 = ( GEOMETRIC_REPRESENTATION_CONTEXT(2) 
PARAMETRIC_REPRESENTATION_CONTEXT() REPRESENTATION_CONTEXT('2D SPACE',''
  ) );
#3616 = ORIENTED_EDGE('',*,*,#3617,.T.);
#3617 = EDGE_CURVE('',#3597,#3524,#3618,.T.);
#3618 = SURFACE_CURVE('',#3619,(#3623,#3629),.PCURVE_S1.);
#3619 = LINE('',#3620,#3621);
#3620 = CARTESIAN_POINT('',(0.85,-52.17500000164,8.51));
#3621 = VECTOR('',#3622,1.);
#3622 = DIRECTION('',(0.,-1.,0.));
#3623 = PCURVE('',#742,#3624);
#3624 = DEFINITIONAL_REPRESENTATION('',(#3625),#3628);
#3625 = B_SPLINE_CURVE_WITH_KNOTS('',1,(#3626,#3627),.UNSPECIFIED.,.F.,
  .F.,(2,2),(-57.52499997948,19.174999998381),.PIECEWISE_BEZIER_KNOTS.);
#3626 = CARTESIAN_POINT('',(76.699999977862,-1.E-01));
#3627 = CARTESIAN_POINT('',(-7.105427357601E-15,-1.E-01));
#3628 = ( GEOMETRIC_REPRESENTATION_CONTEXT(2) 
PARAMETRIC_REPRESENTATION_CONTEXT() REPRESENTATION_CONTEXT('2D SPACE',''
  ) );
#3629 = PCURVE('',#3542,#3630);
#3630 = DEFINITIONAL_REPRESENTATION('',(#3631),#3634);
#3631 = B_SPLINE_CURVE_WITH_KNOTS('',1,(#3632,#3633),.UNSPECIFIED.,.F.,
  .F.,(2,2),(-57.52499997948,19.174999998381),.PIECEWISE_BEZIER_KNOTS.);
#3632 = CARTESIAN_POINT('',(-57.85,38.349999981099));
#3633 = CARTESIAN_POINT('',(-57.85,-38.34999999676));
#3634 = ( GEOMETRIC_REPRESENTATION_CONTEXT(2) 
PARAMETRIC_REPRESENTATION_CONTEXT() REPRESENTATION_CONTEXT('2D SPACE',''
  ) );
#3635 = ORIENTED_EDGE('',*,*,#3574,.T.);
#3636 = ORIENTED_EDGE('',*,*,#728,.F.);
#3637 = ADVANCED_FACE('',(#3638),#687,.T.);
#3638 = FACE_BOUND('',#3639,.T.);
#3639 = EDGE_LOOP('',(#3640,#3663,#3664,#3665));
#3640 = ORIENTED_EDGE('',*,*,#3641,.F.);
#3641 = EDGE_CURVE('',#3526,#3642,#3644,.T.);
#3642 = VERTEX_POINT('',#3643);
#3643 = CARTESIAN_POINT('',(-0.35,1.438048287806,8.51));
#3644 = SURFACE_CURVE('',#3645,(#3649,#3656),.PCURVE_S1.);
#3645 = LINE('',#3646,#3647);
#3646 = CARTESIAN_POINT('',(-0.35,-32.99999999999,8.51));
#3647 = VECTOR('',#3648,1.);
#3648 = DIRECTION('',(0.,1.,0.));
#3649 = PCURVE('',#687,#3650);
#3650 = DEFINITIONAL_REPRESENTATION('',(#3651),#3655);
#3651 = LINE('',#3652,#3653);
#3652 = CARTESIAN_POINT('',(38.950000000014,0.));
#3653 = VECTOR('',#3654,1.);
#3654 = DIRECTION('',(1.,0.));
#3655 = ( GEOMETRIC_REPRESENTATION_CONTEXT(2) 
PARAMETRIC_REPRESENTATION_CONTEXT() REPRESENTATION_CONTEXT('2D SPACE',''
  ) );
#3656 = PCURVE('',#3542,#3657);
#3657 = DEFINITIONAL_REPRESENTATION('',(#3658),#3662);
#3658 = LINE('',#3659,#3660);
#3659 = CARTESIAN_POINT('',(-59.05,3.274426347497E-09));
#3660 = VECTOR('',#3661,1.);
#3661 = DIRECTION('',(0.,1.));
#3662 = ( GEOMETRIC_REPRESENTATION_CONTEXT(2) 
PARAMETRIC_REPRESENTATION_CONTEXT() REPRESENTATION_CONTEXT('2D SPACE',''
  ) );
#3663 = ORIENTED_EDGE('',*,*,#3554,.T.);
#3664 = ORIENTED_EDGE('',*,*,#671,.T.);
#3665 = ORIENTED_EDGE('',*,*,#3666,.F.);
#3666 = EDGE_CURVE('',#3642,#672,#3667,.T.);
#3667 = SURFACE_CURVE('',#3668,(#3672,#3678),.PCURVE_S1.);
#3668 = LINE('',#3669,#3670);
#3669 = CARTESIAN_POINT('',(-0.35,1.438048287806,8.31));
#3670 = VECTOR('',#3671,1.);
#3671 = DIRECTION('',(0.,0.,1.));
#3672 = PCURVE('',#687,#3673);
#3673 = DEFINITIONAL_REPRESENTATION('',(#3674),#3677);
#3674 = B_SPLINE_CURVE_WITH_KNOTS('',1,(#3675,#3676),.UNSPECIFIED.,.F.,
  .F.,(2,2),(-5.999999999062E-07,3.3000006),.PIECEWISE_BEZIER_KNOTS.);
#3675 = CARTESIAN_POINT('',(73.388048287813,0.2000006));
#3676 = CARTESIAN_POINT('',(73.388048287813,-3.1000006));
#3677 = ( GEOMETRIC_REPRESENTATION_CONTEXT(2) 
PARAMETRIC_REPRESENTATION_CONTEXT() REPRESENTATION_CONTEXT('2D SPACE',''
  ) );
#3678 = PCURVE('',#716,#3679);
#3679 = DEFINITIONAL_REPRESENTATION('',(#3680),#3683);
#3680 = B_SPLINE_CURVE_WITH_KNOTS('',1,(#3681,#3682),.UNSPECIFIED.,.F.,
  .F.,(2,2),(-5.999999999062E-07,3.3000006),.PIECEWISE_BEZIER_KNOTS.);
#3681 = CARTESIAN_POINT('',(4.054925424003,-5.999999999062E-07));
#3682 = CARTESIAN_POINT('',(4.054925424003,3.3000006));
#3683 = ( GEOMETRIC_REPRESENTATION_CONTEXT(2) 
PARAMETRIC_REPRESENTATION_CONTEXT() REPRESENTATION_CONTEXT('2D SPACE',''
  ) );
#3684 = ADVANCED_FACE('',(#3685),#716,.F.);
#3685 = FACE_BOUND('',#3686,.F.);
#3686 = EDGE_LOOP('',(#3687,#3688,#3710,#3711));
#3687 = ORIENTED_EDGE('',*,*,#3666,.F.);
#3688 = ORIENTED_EDGE('',*,*,#3689,.T.);
#3689 = EDGE_CURVE('',#3642,#3597,#3690,.T.);
#3690 = SURFACE_CURVE('',#3691,(#3696,#3703),.PCURVE_S1.);
#3691 = CIRCLE('',#3692,4.5);
#3692 = AXIS2_PLACEMENT_3D('',#3693,#3694,#3695);
#3693 = CARTESIAN_POINT('',(2.4,5.,8.51));
#3694 = DIRECTION('',(0.,0.,1.));
#3695 = DIRECTION('',(1.,0.,-0.));
#3696 = PCURVE('',#716,#3697);
#3697 = DEFINITIONAL_REPRESENTATION('',(#3698),#3702);
#3698 = LINE('',#3699,#3700);
#3699 = CARTESIAN_POINT('',(0.,0.2));
#3700 = VECTOR('',#3701,1.);
#3701 = DIRECTION('',(1.,0.));
#3702 = ( GEOMETRIC_REPRESENTATION_CONTEXT(2) 
PARAMETRIC_REPRESENTATION_CONTEXT() REPRESENTATION_CONTEXT('2D SPACE',''
  ) );
#3703 = PCURVE('',#3542,#3704);
#3704 = DEFINITIONAL_REPRESENTATION('',(#3705),#3709);
#3705 = CIRCLE('',#3706,4.5);
#3706 = AXIS2_PLACEMENT_2D('',#3707,#3708);
#3707 = CARTESIAN_POINT('',(-56.3,38.000000003267));
#3708 = DIRECTION('',(1.,0.));
#3709 = ( GEOMETRIC_REPRESENTATION_CONTEXT(2) 
PARAMETRIC_REPRESENTATION_CONTEXT() REPRESENTATION_CONTEXT('2D SPACE',''
  ) );
#3710 = ORIENTED_EDGE('',*,*,#3596,.T.);
#3711 = ORIENTED_EDGE('',*,*,#699,.F.);
#3712 = ADVANCED_FACE('',(#3713),#772,.F.);
#3713 = FACE_BOUND('',#3714,.F.);
#3714 = EDGE_LOOP('',(#3715,#3738,#3765,#3766));
#3715 = ORIENTED_EDGE('',*,*,#3716,.T.);
#3716 = EDGE_CURVE('',#756,#3717,#3719,.T.);
#3717 = VERTEX_POINT('',#3718);
#3718 = CARTESIAN_POINT('',(46.,-52.,12.91));
#3719 = SEAM_CURVE('',#3720,(#3724,#3731),.PCURVE_S1.);
#3720 = LINE('',#3721,#3722);
#3721 = CARTESIAN_POINT('',(46.,-52.,11.41));
#3722 = VECTOR('',#3723,1.);
#3723 = DIRECTION('',(0.,0.,1.));
#3724 = PCURVE('',#772,#3725);
#3725 = DEFINITIONAL_REPRESENTATION('',(#3726),#3730);
#3726 = LINE('',#3727,#3728);
#3727 = CARTESIAN_POINT('',(6.28318530718,-0.));
#3728 = VECTOR('',#3729,1.);
#3729 = DIRECTION('',(0.,1.));
#3730 = ( GEOMETRIC_REPRESENTATION_CONTEXT(2) 
PARAMETRIC_REPRESENTATION_CONTEXT() REPRESENTATION_CONTEXT('2D SPACE',''
  ) );
#3731 = PCURVE('',#772,#3732);
#3732 = DEFINITIONAL_REPRESENTATION('',(#3733),#3737);
#3733 = LINE('',#3734,#3735);
#3734 = CARTESIAN_POINT('',(0.,-0.));
#3735 = VECTOR('',#3736,1.);
#3736 = DIRECTION('',(0.,1.));
#3737 = ( GEOMETRIC_REPRESENTATION_CONTEXT(2) 
PARAMETRIC_REPRESENTATION_CONTEXT() REPRESENTATION_CONTEXT('2D SPACE',''
  ) );
#3738 = ORIENTED_EDGE('',*,*,#3739,.F.);
#3739 = EDGE_CURVE('',#3717,#3717,#3740,.T.);
#3740 = SURFACE_CURVE('',#3741,(#3746,#3753),.PCURVE_S1.);
#3741 = CIRCLE('',#3742,5.5);
#3742 = AXIS2_PLACEMENT_3D('',#3743,#3744,#3745);
#3743 = CARTESIAN_POINT('',(40.5,-52.,12.91));
#3744 = DIRECTION('',(0.,0.,1.));
#3745 = DIRECTION('',(1.,0.,-0.));
#3746 = PCURVE('',#772,#3747);
#3747 = DEFINITIONAL_REPRESENTATION('',(#3748),#3752);
#3748 = LINE('',#3749,#3750);
#3749 = CARTESIAN_POINT('',(0.,1.5));
#3750 = VECTOR('',#3751,1.);
#3751 = DIRECTION('',(1.,0.));
#3752 = ( GEOMETRIC_REPRESENTATION_CONTEXT(2) 
PARAMETRIC_REPRESENTATION_CONTEXT() REPRESENTATION_CONTEXT('2D SPACE',''
  ) );
#3753 = PCURVE('',#3754,#3759);
#3754 = PLANE('',#3755);
#3755 = AXIS2_PLACEMENT_3D('',#3756,#3757,#3758);
#3756 = CARTESIAN_POINT('',(40.5,-52.,12.91));
#3757 = DIRECTION('',(0.,0.,1.));
#3758 = DIRECTION('',(1.,0.,-0.));
#3759 = DEFINITIONAL_REPRESENTATION('',(#3760),#3764);
#3760 = CIRCLE('',#3761,5.5);
#3761 = AXIS2_PLACEMENT_2D('',#3762,#3763);
#3762 = CARTESIAN_POINT('',(0.,0.));
#3763 = DIRECTION('',(1.,0.));
#3764 = ( GEOMETRIC_REPRESENTATION_CONTEXT(2) 
PARAMETRIC_REPRESENTATION_CONTEXT() REPRESENTATION_CONTEXT('2D SPACE',''
  ) );
#3765 = ORIENTED_EDGE('',*,*,#3716,.F.);
#3766 = ORIENTED_EDGE('',*,*,#755,.T.);
#3767 = ADVANCED_FACE('',(#3768),#803,.F.);
#3768 = FACE_BOUND('',#3769,.F.);
#3769 = EDGE_LOOP('',(#3770,#3793,#3820,#3821));
#3770 = ORIENTED_EDGE('',*,*,#3771,.T.);
#3771 = EDGE_CURVE('',#787,#3772,#3774,.T.);
#3772 = VERTEX_POINT('',#3773);
#3773 = CARTESIAN_POINT('',(59.,-52.,12.91));
#3774 = SEAM_CURVE('',#3775,(#3779,#3786),.PCURVE_S1.);
#3775 = LINE('',#3776,#3777);
#3776 = CARTESIAN_POINT('',(59.,-52.,11.41));
#3777 = VECTOR('',#3778,1.);
#3778 = DIRECTION('',(0.,0.,1.));
#3779 = PCURVE('',#803,#3780);
#3780 = DEFINITIONAL_REPRESENTATION('',(#3781),#3785);
#3781 = LINE('',#3782,#3783);
#3782 = CARTESIAN_POINT('',(6.28318530718,-0.));
#3783 = VECTOR('',#3784,1.);
#3784 = DIRECTION('',(0.,1.));
#3785 = ( GEOMETRIC_REPRESENTATION_CONTEXT(2) 
PARAMETRIC_REPRESENTATION_CONTEXT() REPRESENTATION_CONTEXT('2D SPACE',''
  ) );
#3786 = PCURVE('',#803,#3787);
#3787 = DEFINITIONAL_REPRESENTATION('',(#3788),#3792);
#3788 = LINE('',#3789,#3790);
#3789 = CARTESIAN_POINT('',(0.,-0.));
#3790 = VECTOR('',#3791,1.);
#3791 = DIRECTION('',(0.,1.));
#3792 = ( GEOMETRIC_REPRESENTATION_CONTEXT(2) 
PARAMETRIC_REPRESENTATION_CONTEXT() REPRESENTATION_CONTEXT('2D SPACE',''
  ) );
#3793 = ORIENTED_EDGE('',*,*,#3794,.F.);
#3794 = EDGE_CURVE('',#3772,#3772,#3795,.T.);
#3795 = SURFACE_CURVE('',#3796,(#3801,#3808),.PCURVE_S1.);
#3796 = CIRCLE('',#3797,5.5);
#3797 = AXIS2_PLACEMENT_3D('',#3798,#3799,#3800);
#3798 = CARTESIAN_POINT('',(53.5,-52.,12.91));
#3799 = DIRECTION('',(0.,0.,1.));
#3800 = DIRECTION('',(1.,0.,-0.));
#3801 = PCURVE('',#803,#3802);
#3802 = DEFINITIONAL_REPRESENTATION('',(#3803),#3807);
#3803 = LINE('',#3804,#3805);
#3804 = CARTESIAN_POINT('',(0.,1.5));
#3805 = VECTOR('',#3806,1.);
#3806 = DIRECTION('',(1.,0.));
#3807 = ( GEOMETRIC_REPRESENTATION_CONTEXT(2) 
PARAMETRIC_REPRESENTATION_CONTEXT() REPRESENTATION_CONTEXT('2D SPACE',''
  ) );
#3808 = PCURVE('',#3809,#3814);
#3809 = PLANE('',#3810);
#3810 = AXIS2_PLACEMENT_3D('',#3811,#3812,#3813);
#3811 = CARTESIAN_POINT('',(53.5,-52.,12.91));
#3812 = DIRECTION('',(0.,0.,1.));
#3813 = DIRECTION('',(1.,0.,-0.));
#3814 = DEFINITIONAL_REPRESENTATION('',(#3815),#3819);
#3815 = CIRCLE('',#3816,5.5);
#3816 = AXIS2_PLACEMENT_2D('',#3817,#3818);
#3817 = CARTESIAN_POINT('',(0.,0.));
#3818 = DIRECTION('',(1.,0.));
#3819 = ( GEOMETRIC_REPRESENTATION_CONTEXT(2) 
PARAMETRIC_REPRESENTATION_CONTEXT() REPRESENTATION_CONTEXT('2D SPACE',''
  ) );
#3820 = ORIENTED_EDGE('',*,*,#3771,.F.);
#3821 = ORIENTED_EDGE('',*,*,#786,.T.);
#3822 = ADVANCED_FACE('',(#3823),#834,.F.);
#3823 = FACE_BOUND('',#3824,.F.);
#3824 = EDGE_LOOP('',(#3825,#3849,#3870,#3871));
#3825 = ORIENTED_EDGE('',*,*,#3826,.F.);
#3826 = EDGE_CURVE('',#3827,#3827,#3829,.T.);
#3827 = VERTEX_POINT('',#3828);
#3828 = CARTESIAN_POINT('',(116.7,-71.,12.31));
#3829 = SURFACE_CURVE('',#3830,(#3835,#3842),.PCURVE_S1.);
#3830 = CIRCLE('',#3831,1.7);
#3831 = AXIS2_PLACEMENT_3D('',#3832,#3833,#3834);
#3832 = CARTESIAN_POINT('',(115.,-71.,12.31));
#3833 = DIRECTION('',(0.,0.,1.));
#3834 = DIRECTION('',(1.,0.,-0.));
#3835 = PCURVE('',#834,#3836);
#3836 = DEFINITIONAL_REPRESENTATION('',(#3837),#3841);
#3837 = LINE('',#3838,#3839);
#3838 = CARTESIAN_POINT('',(0.,1.));
#3839 = VECTOR('',#3840,1.);
#3840 = DIRECTION('',(1.,0.));
#3841 = ( GEOMETRIC_REPRESENTATION_CONTEXT(2) 
PARAMETRIC_REPRESENTATION_CONTEXT() REPRESENTATION_CONTEXT('2D SPACE',''
  ) );
#3842 = PCURVE('',#2589,#3843);
#3843 = DEFINITIONAL_REPRESENTATION('',(#3844),#3848);
#3844 = LINE('',#3845,#3846);
#3845 = CARTESIAN_POINT('',(0.,0.));
#3846 = VECTOR('',#3847,1.);
#3847 = DIRECTION('',(1.,0.));
#3848 = ( GEOMETRIC_REPRESENTATION_CONTEXT(2) 
PARAMETRIC_REPRESENTATION_CONTEXT() REPRESENTATION_CONTEXT('2D SPACE',''
  ) );
#3849 = ORIENTED_EDGE('',*,*,#3850,.F.);
#3850 = EDGE_CURVE('',#818,#3827,#3851,.T.);
#3851 = SEAM_CURVE('',#3852,(#3856,#3863),.PCURVE_S1.);
#3852 = LINE('',#3853,#3854);
#3853 = CARTESIAN_POINT('',(116.7,-71.,11.31));
#3854 = VECTOR('',#3855,1.);
#3855 = DIRECTION('',(0.,0.,1.));
#3856 = PCURVE('',#834,#3857);
#3857 = DEFINITIONAL_REPRESENTATION('',(#3858),#3862);
#3858 = LINE('',#3859,#3860);
#3859 = CARTESIAN_POINT('',(6.28318530718,-0.));
#3860 = VECTOR('',#3861,1.);
#3861 = DIRECTION('',(0.,1.));
#3862 = ( GEOMETRIC_REPRESENTATION_CONTEXT(2) 
PARAMETRIC_REPRESENTATION_CONTEXT() REPRESENTATION_CONTEXT('2D SPACE',''
  ) );
#3863 = PCURVE('',#834,#3864);
#3864 = DEFINITIONAL_REPRESENTATION('',(#3865),#3869);
#3865 = LINE('',#3866,#3867);
#3866 = CARTESIAN_POINT('',(0.,-0.));
#3867 = VECTOR('',#3868,1.);
#3868 = DIRECTION('',(0.,1.));
#3869 = ( GEOMETRIC_REPRESENTATION_CONTEXT(2) 
PARAMETRIC_REPRESENTATION_CONTEXT() REPRESENTATION_CONTEXT('2D SPACE',''
  ) );
#3870 = ORIENTED_EDGE('',*,*,#817,.T.);
#3871 = ORIENTED_EDGE('',*,*,#3850,.T.);
#3872 = ADVANCED_FACE('',(#3873),#865,.F.);
#3873 = FACE_BOUND('',#3874,.F.);
#3874 = EDGE_LOOP('',(#3875,#3876,#3899,#3927));
#3875 = ORIENTED_EDGE('',*,*,#848,.T.);
#3876 = ORIENTED_EDGE('',*,*,#3877,.T.);
#3877 = EDGE_CURVE('',#851,#3878,#3880,.T.);
#3878 = VERTEX_POINT('',#3879);
#3879 = CARTESIAN_POINT('',(72.,-64.,20.41));
#3880 = SURFACE_CURVE('',#3881,(#3885,#3892),.PCURVE_S1.);
#3881 = LINE('',#3882,#3883);
#3882 = CARTESIAN_POINT('',(72.,-64.,11.41));
#3883 = VECTOR('',#3884,1.);
#3884 = DIRECTION('',(0.,0.,1.));
#3885 = PCURVE('',#865,#3886);
#3886 = DEFINITIONAL_REPRESENTATION('',(#3887),#3891);
#3887 = LINE('',#3888,#3889);
#3888 = CARTESIAN_POINT('',(0.,0.));
#3889 = VECTOR('',#3890,1.);
#3890 = DIRECTION('',(0.,-1.));
#3891 = ( GEOMETRIC_REPRESENTATION_CONTEXT(2) 
PARAMETRIC_REPRESENTATION_CONTEXT() REPRESENTATION_CONTEXT('2D SPACE',''
  ) );
#3892 = PCURVE('',#1329,#3893);
#3893 = DEFINITIONAL_REPRESENTATION('',(#3894),#3898);
#3894 = LINE('',#3895,#3896);
#3895 = CARTESIAN_POINT('',(6.28318530718,0.));
#3896 = VECTOR('',#3897,1.);
#3897 = DIRECTION('',(0.,-1.));
#3898 = ( GEOMETRIC_REPRESENTATION_CONTEXT(2) 
PARAMETRIC_REPRESENTATION_CONTEXT() REPRESENTATION_CONTEXT('2D SPACE',''
  ) );
#3899 = ORIENTED_EDGE('',*,*,#3900,.T.);
#3900 = EDGE_CURVE('',#3878,#3901,#3903,.T.);
#3901 = VERTEX_POINT('',#3902);
#3902 = CARTESIAN_POINT('',(72.,-51.00000000139,20.41));
#3903 = SURFACE_CURVE('',#3904,(#3908,#3915),.PCURVE_S1.);
#3904 = LINE('',#3905,#3906);
#3905 = CARTESIAN_POINT('',(72.,-57.5,20.41));
#3906 = VECTOR('',#3907,1.);
#3907 = DIRECTION('',(0.,1.,0.));
#3908 = PCURVE('',#865,#3909);
#3909 = DEFINITIONAL_REPRESENTATION('',(#3910),#3914);
#3910 = LINE('',#3911,#3912);
#3911 = CARTESIAN_POINT('',(6.5,-9.));
#3912 = VECTOR('',#3913,1.);
#3913 = DIRECTION('',(1.,0.));
#3914 = ( GEOMETRIC_REPRESENTATION_CONTEXT(2) 
PARAMETRIC_REPRESENTATION_CONTEXT() REPRESENTATION_CONTEXT('2D SPACE',''
  ) );
#3915 = PCURVE('',#3916,#3921);
#3916 = PLANE('',#3917);
#3917 = AXIS2_PLACEMENT_3D('',#3918,#3919,#3920);
#3918 = CARTESIAN_POINT('',(95.,-57.50000000018,20.41));
#3919 = DIRECTION('',(0.,0.,1.));
#3920 = DIRECTION('',(1.,0.,-0.));
#3921 = DEFINITIONAL_REPRESENTATION('',(#3922),#3926);
#3922 = LINE('',#3923,#3924);
#3923 = CARTESIAN_POINT('',(-23.,1.875051225397E-10));
#3924 = VECTOR('',#3925,1.);
#3925 = DIRECTION('',(0.,1.));
#3926 = ( GEOMETRIC_REPRESENTATION_CONTEXT(2) 
PARAMETRIC_REPRESENTATION_CONTEXT() REPRESENTATION_CONTEXT('2D SPACE',''
  ) );
#3927 = ORIENTED_EDGE('',*,*,#3928,.F.);
#3928 = EDGE_CURVE('',#849,#3901,#3929,.T.);
#3929 = SURFACE_CURVE('',#3930,(#3934,#3941),.PCURVE_S1.);
#3930 = LINE('',#3931,#3932);
#3931 = CARTESIAN_POINT('',(72.,-51.00000000139,11.41));
#3932 = VECTOR('',#3933,1.);
#3933 = DIRECTION('',(0.,0.,1.));
#3934 = PCURVE('',#865,#3935);
#3935 = DEFINITIONAL_REPRESENTATION('',(#3936),#3940);
#3936 = LINE('',#3937,#3938);
#3937 = CARTESIAN_POINT('',(12.999999998601,0.));
#3938 = VECTOR('',#3939,1.);
#3939 = DIRECTION('',(0.,-1.));
#3940 = ( GEOMETRIC_REPRESENTATION_CONTEXT(2) 
PARAMETRIC_REPRESENTATION_CONTEXT() REPRESENTATION_CONTEXT('2D SPACE',''
  ) );
#3941 = PCURVE('',#897,#3942);
#3942 = DEFINITIONAL_REPRESENTATION('',(#3943),#3947);
#3943 = LINE('',#3944,#3945);
#3944 = CARTESIAN_POINT('',(0.,0.));
#3945 = VECTOR('',#3946,1.);
#3946 = DIRECTION('',(0.,-1.));
#3947 = ( GEOMETRIC_REPRESENTATION_CONTEXT(2) 
PARAMETRIC_REPRESENTATION_CONTEXT() REPRESENTATION_CONTEXT('2D SPACE',''
  ) );
#3948 = ADVANCED_FACE('',(#3949),#897,.F.);
#3949 = FACE_BOUND('',#3950,.F.);
#3950 = EDGE_LOOP('',(#3951,#3952,#3953,#3981));
#3951 = ORIENTED_EDGE('',*,*,#876,.F.);
#3952 = ORIENTED_EDGE('',*,*,#3928,.T.);
#3953 = ORIENTED_EDGE('',*,*,#3954,.T.);
#3954 = EDGE_CURVE('',#3901,#3955,#3957,.T.);
#3955 = VERTEX_POINT('',#3956);
#3956 = CARTESIAN_POINT('',(73.,-50.00000000069,20.41));
#3957 = SURFACE_CURVE('',#3958,(#3963,#3970),.PCURVE_S1.);
#3958 = CIRCLE('',#3959,1.);
#3959 = AXIS2_PLACEMENT_3D('',#3960,#3961,#3962);
#3960 = CARTESIAN_POINT('',(73.,-51.00000000139,20.41));
#3961 = DIRECTION('',(0.,0.,-1.));
#3962 = DIRECTION('',(-1.,0.,0.));
#3963 = PCURVE('',#897,#3964);
#3964 = DEFINITIONAL_REPRESENTATION('',(#3965),#3969);
#3965 = LINE('',#3966,#3967);
#3966 = CARTESIAN_POINT('',(0.,-9.));
#3967 = VECTOR('',#3968,1.);
#3968 = DIRECTION('',(1.,0.));
#3969 = ( GEOMETRIC_REPRESENTATION_CONTEXT(2) 
PARAMETRIC_REPRESENTATION_CONTEXT() REPRESENTATION_CONTEXT('2D SPACE',''
  ) );
#3970 = PCURVE('',#3916,#3971);
#3971 = DEFINITIONAL_REPRESENTATION('',(#3972),#3980);
#3972 = ( BOUNDED_CURVE() B_SPLINE_CURVE(2,(#3973,#3974,#3975,#3976,
#3977,#3978,#3979),.UNSPECIFIED.,.T.,.F.) B_SPLINE_CURVE_WITH_KNOTS((1,2
    ,2,2,2,1),(-2.094395102393,0.,2.094395102393,4.188790204786,
6.28318530718,8.377580409573),.UNSPECIFIED.) CURVE() 
GEOMETRIC_REPRESENTATION_ITEM() RATIONAL_B_SPLINE_CURVE((1.,0.5,1.,0.5,
1.,0.5,1.)) REPRESENTATION_ITEM('') );
#3973 = CARTESIAN_POINT('',(-23.,6.499999998788));
#3974 = CARTESIAN_POINT('',(-23.,8.232050806357));
#3975 = CARTESIAN_POINT('',(-21.5,7.366025402573));
#3976 = CARTESIAN_POINT('',(-20.,6.499999998788));
#3977 = CARTESIAN_POINT('',(-21.5,5.633974595004));
#3978 = CARTESIAN_POINT('',(-23.,4.767949191219));
#3979 = CARTESIAN_POINT('',(-23.,6.499999998788));
#3980 = ( GEOMETRIC_REPRESENTATION_CONTEXT(2) 
PARAMETRIC_REPRESENTATION_CONTEXT() REPRESENTATION_CONTEXT('2D SPACE',''
  ) );
#3981 = ORIENTED_EDGE('',*,*,#3982,.F.);
#3982 = EDGE_CURVE('',#877,#3955,#3983,.T.);
#3983 = SURFACE_CURVE('',#3984,(#3988,#3995),.PCURVE_S1.);
#3984 = LINE('',#3985,#3986);
#3985 = CARTESIAN_POINT('',(73.,-50.00000000069,11.41));
#3986 = VECTOR('',#3987,1.);
#3987 = DIRECTION('',(0.,0.,1.));
#3988 = PCURVE('',#897,#3989);
#3989 = DEFINITIONAL_REPRESENTATION('',(#3990),#3994);
#3990 = LINE('',#3991,#3992);
#3991 = CARTESIAN_POINT('',(1.570796326795,0.));
#3992 = VECTOR('',#3993,1.);
#3993 = DIRECTION('',(0.,-1.));
#3994 = ( GEOMETRIC_REPRESENTATION_CONTEXT(2) 
PARAMETRIC_REPRESENTATION_CONTEXT() REPRESENTATION_CONTEXT('2D SPACE',''
  ) );
#3995 = PCURVE('',#924,#3996);
#3996 = DEFINITIONAL_REPRESENTATION('',(#3997),#4001);
#3997 = LINE('',#3998,#3999);
#3998 = CARTESIAN_POINT('',(0.,0.));
#3999 = VECTOR('',#4000,1.);
#4000 = DIRECTION('',(0.,-1.));
#4001 = ( GEOMETRIC_REPRESENTATION_CONTEXT(2) 
PARAMETRIC_REPRESENTATION_CONTEXT() REPRESENTATION_CONTEXT('2D SPACE',''
  ) );
#4002 = ADVANCED_FACE('',(#4003),#1329,.F.);
#4003 = FACE_BOUND('',#4004,.F.);
#4004 = EDGE_LOOP('',(#4005,#4006,#4029,#4055));
#4005 = ORIENTED_EDGE('',*,*,#1310,.F.);
#4006 = ORIENTED_EDGE('',*,*,#4007,.T.);
#4007 = EDGE_CURVE('',#1283,#4008,#4010,.T.);
#4008 = VERTEX_POINT('',#4009);
#4009 = CARTESIAN_POINT('',(73.,-65.,20.41));
#4010 = SURFACE_CURVE('',#4011,(#4015,#4022),.PCURVE_S1.);
#4011 = LINE('',#4012,#4013);
#4012 = CARTESIAN_POINT('',(73.,-65.,11.41));
#4013 = VECTOR('',#4014,1.);
#4014 = DIRECTION('',(0.,0.,1.));
#4015 = PCURVE('',#1329,#4016);
#4016 = DEFINITIONAL_REPRESENTATION('',(#4017),#4021);
#4017 = LINE('',#4018,#4019);
#4018 = CARTESIAN_POINT('',(4.712388980385,0.));
#4019 = VECTOR('',#4020,1.);
#4020 = DIRECTION('',(0.,-1.));
#4021 = ( GEOMETRIC_REPRESENTATION_CONTEXT(2) 
PARAMETRIC_REPRESENTATION_CONTEXT() REPRESENTATION_CONTEXT('2D SPACE',''
  ) );
#4022 = PCURVE('',#1298,#4023);
#4023 = DEFINITIONAL_REPRESENTATION('',(#4024),#4028);
#4024 = LINE('',#4025,#4026);
#4025 = CARTESIAN_POINT('',(0.,0.));
#4026 = VECTOR('',#4027,1.);
#4027 = DIRECTION('',(0.,-1.));
#4028 = ( GEOMETRIC_REPRESENTATION_CONTEXT(2) 
PARAMETRIC_REPRESENTATION_CONTEXT() REPRESENTATION_CONTEXT('2D SPACE',''
  ) );
#4029 = ORIENTED_EDGE('',*,*,#4030,.T.);
#4030 = EDGE_CURVE('',#4008,#3878,#4031,.T.);
#4031 = SURFACE_CURVE('',#4032,(#4037,#4044),.PCURVE_S1.);
#4032 = CIRCLE('',#4033,1.);
#4033 = AXIS2_PLACEMENT_3D('',#4034,#4035,#4036);
#4034 = CARTESIAN_POINT('',(73.,-64.,20.41));
#4035 = DIRECTION('',(0.,0.,-1.));
#4036 = DIRECTION('',(-1.,0.,0.));
#4037 = PCURVE('',#1329,#4038);
#4038 = DEFINITIONAL_REPRESENTATION('',(#4039),#4043);
#4039 = LINE('',#4040,#4041);
#4040 = CARTESIAN_POINT('',(0.,-9.));
#4041 = VECTOR('',#4042,1.);
#4042 = DIRECTION('',(1.,0.));
#4043 = ( GEOMETRIC_REPRESENTATION_CONTEXT(2) 
PARAMETRIC_REPRESENTATION_CONTEXT() REPRESENTATION_CONTEXT('2D SPACE',''
  ) );
#4044 = PCURVE('',#3916,#4045);
#4045 = DEFINITIONAL_REPRESENTATION('',(#4046),#4054);
#4046 = ( BOUNDED_CURVE() B_SPLINE_CURVE(2,(#4047,#4048,#4049,#4050,
#4051,#4052,#4053),.UNSPECIFIED.,.T.,.F.) B_SPLINE_CURVE_WITH_KNOTS((1,2
    ,2,2,2,1),(-2.094395102393,0.,2.094395102393,4.188790204786,
6.28318530718,8.377580409573),.UNSPECIFIED.) CURVE() 
GEOMETRIC_REPRESENTATION_ITEM() RATIONAL_B_SPLINE_CURVE((1.,0.5,1.,0.5,
1.,0.5,1.)) REPRESENTATION_ITEM('') );
#4047 = CARTESIAN_POINT('',(-23.,-6.499999999813));
#4048 = CARTESIAN_POINT('',(-23.,-4.767949192244));
#4049 = CARTESIAN_POINT('',(-21.5,-5.633974596028));
#4050 = CARTESIAN_POINT('',(-20.,-6.499999999813));
#4051 = CARTESIAN_POINT('',(-21.5,-7.366025403597));
#4052 = CARTESIAN_POINT('',(-23.,-8.232050807382));
#4053 = CARTESIAN_POINT('',(-23.,-6.499999999813));
#4054 = ( GEOMETRIC_REPRESENTATION_CONTEXT(2) 
PARAMETRIC_REPRESENTATION_CONTEXT() REPRESENTATION_CONTEXT('2D SPACE',''
  ) );
#4055 = ORIENTED_EDGE('',*,*,#3877,.F.);
#4056 = ADVANCED_FACE('',(#4057),#924,.F.);
#4057 = FACE_BOUND('',#4058,.F.);
#4058 = EDGE_LOOP('',(#4059,#4080,#4081,#4082));
#4059 = ORIENTED_EDGE('',*,*,#4060,.F.);
#4060 = EDGE_CURVE('',#910,#4061,#4063,.T.);
#4061 = VERTEX_POINT('',#4062);
#4062 = CARTESIAN_POINT('',(92.000000000001,-50.,20.41));
#4063 = SURFACE_CURVE('',#4064,(#4068,#4074),.PCURVE_S1.);
#4064 = LINE('',#4065,#4066);
#4065 = CARTESIAN_POINT('',(92.000000000001,-50.,11.41));
#4066 = VECTOR('',#4067,1.);
#4067 = DIRECTION('',(0.,-0.,1.));
#4068 = PCURVE('',#924,#4069);
#4069 = DEFINITIONAL_REPRESENTATION('',(#4070),#4073);
#4070 = B_SPLINE_CURVE_WITH_KNOTS('',1,(#4071,#4072),.UNSPECIFIED.,.F.,
  .F.,(2,2),(1.E-01,9.),.PIECEWISE_BEZIER_KNOTS.);
#4071 = CARTESIAN_POINT('',(19.000000000001,-1.E-01));
#4072 = CARTESIAN_POINT('',(19.000000000001,-9.));
#4073 = ( GEOMETRIC_REPRESENTATION_CONTEXT(2) 
PARAMETRIC_REPRESENTATION_CONTEXT() REPRESENTATION_CONTEXT('2D SPACE',''
  ) );
#4074 = PCURVE('',#950,#4075);
#4075 = DEFINITIONAL_REPRESENTATION('',(#4076),#4079);
#4076 = B_SPLINE_CURVE_WITH_KNOTS('',1,(#4077,#4078),.UNSPECIFIED.,.F.,
  .F.,(2,2),(1.E-01,9.),.PIECEWISE_BEZIER_KNOTS.);
#4077 = CARTESIAN_POINT('',(14.,-1.E-01));
#4078 = CARTESIAN_POINT('',(14.,-9.));
#4079 = ( GEOMETRIC_REPRESENTATION_CONTEXT(2) 
PARAMETRIC_REPRESENTATION_CONTEXT() REPRESENTATION_CONTEXT('2D SPACE',''
  ) );
#4080 = ORIENTED_EDGE('',*,*,#909,.T.);
#4081 = ORIENTED_EDGE('',*,*,#3982,.T.);
#4082 = ORIENTED_EDGE('',*,*,#4083,.T.);
#4083 = EDGE_CURVE('',#3955,#4061,#4084,.T.);
#4084 = SURFACE_CURVE('',#4085,(#4089,#4096),.PCURVE_S1.);
#4085 = LINE('',#4086,#4087);
#4086 = CARTESIAN_POINT('',(95.,-50.,20.41));
#4087 = VECTOR('',#4088,1.);
#4088 = DIRECTION('',(1.,0.,0.));
#4089 = PCURVE('',#924,#4090);
#4090 = DEFINITIONAL_REPRESENTATION('',(#4091),#4095);
#4091 = LINE('',#4092,#4093);
#4092 = CARTESIAN_POINT('',(22.,-9.));
#4093 = VECTOR('',#4094,1.);
#4094 = DIRECTION('',(1.,0.));
#4095 = ( GEOMETRIC_REPRESENTATION_CONTEXT(2) 
PARAMETRIC_REPRESENTATION_CONTEXT() REPRESENTATION_CONTEXT('2D SPACE',''
  ) );
#4096 = PCURVE('',#3916,#4097);
#4097 = DEFINITIONAL_REPRESENTATION('',(#4098),#4102);
#4098 = LINE('',#4099,#4100);
#4099 = CARTESIAN_POINT('',(0.,7.500000000188));
#4100 = VECTOR('',#4101,1.);
#4101 = DIRECTION('',(1.,0.));
#4102 = ( GEOMETRIC_REPRESENTATION_CONTEXT(2) 
PARAMETRIC_REPRESENTATION_CONTEXT() REPRESENTATION_CONTEXT('2D SPACE',''
  ) );
#4103 = ADVANCED_FACE('',(#4104),#1298,.T.);
#4104 = FACE_BOUND('',#4105,.T.);
#4105 = EDGE_LOOP('',(#4106,#4129,#4152,#4178,#4179));
#4106 = ORIENTED_EDGE('',*,*,#4107,.T.);
#4107 = EDGE_CURVE('',#4008,#4108,#4110,.T.);
#4108 = VERTEX_POINT('',#4109);
#4109 = CARTESIAN_POINT('',(116.99999999799,-65.,20.41));
#4110 = SURFACE_CURVE('',#4111,(#4115,#4122),.PCURVE_S1.);
#4111 = LINE('',#4112,#4113);
#4112 = CARTESIAN_POINT('',(73.,-65.,20.41));
#4113 = VECTOR('',#4114,1.);
#4114 = DIRECTION('',(1.,0.,0.));
#4115 = PCURVE('',#1298,#4116);
#4116 = DEFINITIONAL_REPRESENTATION('',(#4117),#4121);
#4117 = LINE('',#4118,#4119);
#4118 = CARTESIAN_POINT('',(0.,-9.));
#4119 = VECTOR('',#4120,1.);
#4120 = DIRECTION('',(1.,0.));
#4121 = ( GEOMETRIC_REPRESENTATION_CONTEXT(2) 
PARAMETRIC_REPRESENTATION_CONTEXT() REPRESENTATION_CONTEXT('2D SPACE',''
  ) );
#4122 = PCURVE('',#3916,#4123);
#4123 = DEFINITIONAL_REPRESENTATION('',(#4124),#4128);
#4124 = LINE('',#4125,#4126);
#4125 = CARTESIAN_POINT('',(-22.,-7.499999999813));
#4126 = VECTOR('',#4127,1.);
#4127 = DIRECTION('',(1.,0.));
#4128 = ( GEOMETRIC_REPRESENTATION_CONTEXT(2) 
PARAMETRIC_REPRESENTATION_CONTEXT() REPRESENTATION_CONTEXT('2D SPACE',''
  ) );
#4129 = ORIENTED_EDGE('',*,*,#4130,.F.);
#4130 = EDGE_CURVE('',#4131,#4108,#4133,.T.);
#4131 = VERTEX_POINT('',#4132);
#4132 = CARTESIAN_POINT('',(117.,-65.,11.51));
#4133 = SURFACE_CURVE('',#4134,(#4138,#4145),.PCURVE_S1.);
#4134 = LINE('',#4135,#4136);
#4135 = CARTESIAN_POINT('',(117.,-65.,11.41));
#4136 = VECTOR('',#4137,1.);
#4137 = DIRECTION('',(0.,0.,1.));
#4138 = PCURVE('',#1298,#4139);
#4139 = DEFINITIONAL_REPRESENTATION('',(#4140),#4144);
#4140 = LINE('',#4141,#4142);
#4141 = CARTESIAN_POINT('',(44.,0.));
#4142 = VECTOR('',#4143,1.);
#4143 = DIRECTION('',(0.,-1.));
#4144 = ( GEOMETRIC_REPRESENTATION_CONTEXT(2) 
PARAMETRIC_REPRESENTATION_CONTEXT() REPRESENTATION_CONTEXT('2D SPACE',''
  ) );
#4145 = PCURVE('',#1186,#4146);
#4146 = DEFINITIONAL_REPRESENTATION('',(#4147),#4151);
#4147 = LINE('',#4148,#4149);
#4148 = CARTESIAN_POINT('',(4.712388980385,0.));
#4149 = VECTOR('',#4150,1.);
#4150 = DIRECTION('',(0.,-1.));
#4151 = ( GEOMETRIC_REPRESENTATION_CONTEXT(2) 
PARAMETRIC_REPRESENTATION_CONTEXT() REPRESENTATION_CONTEXT('2D SPACE',''
  ) );
#4152 = ORIENTED_EDGE('',*,*,#4153,.F.);
#4153 = EDGE_CURVE('',#1256,#4131,#4154,.T.);
#4154 = SURFACE_CURVE('',#4155,(#4159,#4166),.PCURVE_S1.);
#4155 = LINE('',#4156,#4157);
#4156 = CARTESIAN_POINT('',(73.,-65.,11.51));
#4157 = VECTOR('',#4158,1.);
#4158 = DIRECTION('',(1.,0.,0.));
#4159 = PCURVE('',#1298,#4160);
#4160 = DEFINITIONAL_REPRESENTATION('',(#4161),#4165);
#4161 = LINE('',#4162,#4163);
#4162 = CARTESIAN_POINT('',(0.,-1.E-01));
#4163 = VECTOR('',#4164,1.);
#4164 = DIRECTION('',(1.,0.));
#4165 = ( GEOMETRIC_REPRESENTATION_CONTEXT(2) 
PARAMETRIC_REPRESENTATION_CONTEXT() REPRESENTATION_CONTEXT('2D SPACE',''
  ) );
#4166 = PCURVE('',#4167,#4172);
#4167 = PLANE('',#4168);
#4168 = AXIS2_PLACEMENT_3D('',#4169,#4170,#4171);
#4169 = CARTESIAN_POINT('',(58.7,-33.00000000326,11.51));
#4170 = DIRECTION('',(0.,0.,1.));
#4171 = DIRECTION('',(1.,0.,-0.));
#4172 = DEFINITIONAL_REPRESENTATION('',(#4173),#4177);
#4173 = LINE('',#4174,#4175);
#4174 = CARTESIAN_POINT('',(14.3,-31.99999999673));
#4175 = VECTOR('',#4176,1.);
#4176 = DIRECTION('',(1.,0.));
#4177 = ( GEOMETRIC_REPRESENTATION_CONTEXT(2) 
PARAMETRIC_REPRESENTATION_CONTEXT() REPRESENTATION_CONTEXT('2D SPACE',''
  ) );
#4178 = ORIENTED_EDGE('',*,*,#1282,.F.);
#4179 = ORIENTED_EDGE('',*,*,#4007,.T.);
#4180 = ADVANCED_FACE('',(#4181),#950,.F.);
#4181 = FACE_BOUND('',#4182,.F.);
#4182 = EDGE_LOOP('',(#4183,#4184,#4207,#4228));
#4183 = ORIENTED_EDGE('',*,*,#4060,.T.);
#4184 = ORIENTED_EDGE('',*,*,#4185,.T.);
#4185 = EDGE_CURVE('',#4061,#4186,#4188,.T.);
#4186 = VERTEX_POINT('',#4187);
#4187 = CARTESIAN_POINT('',(92.,-31.,20.41));
#4188 = SURFACE_CURVE('',#4189,(#4193,#4200),.PCURVE_S1.);
#4189 = LINE('',#4190,#4191);
#4190 = CARTESIAN_POINT('',(92.000000000001,-47.5,20.41));
#4191 = VECTOR('',#4192,1.);
#4192 = DIRECTION('',(0.,1.,0.));
#4193 = PCURVE('',#950,#4194);
#4194 = DEFINITIONAL_REPRESENTATION('',(#4195),#4199);
#4195 = LINE('',#4196,#4197);
#4196 = CARTESIAN_POINT('',(16.5,-9.));
#4197 = VECTOR('',#4198,1.);
#4198 = DIRECTION('',(1.,0.));
#4199 = ( GEOMETRIC_REPRESENTATION_CONTEXT(2) 
PARAMETRIC_REPRESENTATION_CONTEXT() REPRESENTATION_CONTEXT('2D SPACE',''
  ) );
#4200 = PCURVE('',#3916,#4201);
#4201 = DEFINITIONAL_REPRESENTATION('',(#4202),#4206);
#4202 = LINE('',#4203,#4204);
#4203 = CARTESIAN_POINT('',(-2.999999999999,10.000000000187));
#4204 = VECTOR('',#4205,1.);
#4205 = DIRECTION('',(0.,1.));
#4206 = ( GEOMETRIC_REPRESENTATION_CONTEXT(2) 
PARAMETRIC_REPRESENTATION_CONTEXT() REPRESENTATION_CONTEXT('2D SPACE',''
  ) );
#4207 = ORIENTED_EDGE('',*,*,#4208,.F.);
#4208 = EDGE_CURVE('',#936,#4186,#4209,.T.);
#4209 = SURFACE_CURVE('',#4210,(#4214,#4221),.PCURVE_S1.);
#4210 = LINE('',#4211,#4212);
#4211 = CARTESIAN_POINT('',(92.,-31.,11.41));
#4212 = VECTOR('',#4213,1.);
#4213 = DIRECTION('',(0.,0.,1.));
#4214 = PCURVE('',#950,#4215);
#4215 = DEFINITIONAL_REPRESENTATION('',(#4216),#4220);
#4216 = LINE('',#4217,#4218);
#4217 = CARTESIAN_POINT('',(33.,0.));
#4218 = VECTOR('',#4219,1.);
#4219 = DIRECTION('',(0.,-1.));
#4220 = ( GEOMETRIC_REPRESENTATION_CONTEXT(2) 
PARAMETRIC_REPRESENTATION_CONTEXT() REPRESENTATION_CONTEXT('2D SPACE',''
  ) );
#4221 = PCURVE('',#982,#4222);
#4222 = DEFINITIONAL_REPRESENTATION('',(#4223),#4227);
#4223 = LINE('',#4224,#4225);
#4224 = CARTESIAN_POINT('',(-3.14159265359,0.));
#4225 = VECTOR('',#4226,1.);
#4226 = DIRECTION('',(-0.,-1.));
#4227 = ( GEOMETRIC_REPRESENTATION_CONTEXT(2) 
PARAMETRIC_REPRESENTATION_CONTEXT() REPRESENTATION_CONTEXT('2D SPACE',''
  ) );
#4228 = ORIENTED_EDGE('',*,*,#935,.T.);
#4229 = ADVANCED_FACE('',(#4230),#1271,.T.);
#4230 = FACE_BOUND('',#4231,.T.);
#4231 = EDGE_LOOP('',(#4232,#4260,#4286,#4305,#4306));
#4232 = ORIENTED_EDGE('',*,*,#4233,.T.);
#4233 = EDGE_CURVE('',#4234,#4236,#4238,.T.);
#4234 = VERTEX_POINT('',#4235);
#4235 = CARTESIAN_POINT('',(116.55,-56.,11.51));
#4236 = VERTEX_POINT('',#4237);
#4237 = CARTESIAN_POINT('',(116.55,-56.,8.51));
#4238 = SURFACE_CURVE('',#4239,(#4243,#4249),.PCURVE_S1.);
#4239 = LINE('',#4240,#4241);
#4240 = CARTESIAN_POINT('',(116.55,-56.,8.36));
#4241 = VECTOR('',#4242,1.);
#4242 = DIRECTION('',(0.,0.,-1.));
#4243 = PCURVE('',#1271,#4244);
#4244 = DEFINITIONAL_REPRESENTATION('',(#4245),#4248);
#4245 = B_SPLINE_CURVE_WITH_KNOTS('',1,(#4246,#4247),.UNSPECIFIED.,.F.,
  .F.,(2,2),(-3.15,-0.15),.PIECEWISE_BEZIER_KNOTS.);
#4246 = CARTESIAN_POINT('',(15.35000000003,-3.1));
#4247 = CARTESIAN_POINT('',(15.35000000003,-1.E-01));
#4248 = ( GEOMETRIC_REPRESENTATION_CONTEXT(2) 
PARAMETRIC_REPRESENTATION_CONTEXT() REPRESENTATION_CONTEXT('2D SPACE',''
  ) );
#4249 = PCURVE('',#4250,#4255);
#4250 = PLANE('',#4251);
#4251 = AXIS2_PLACEMENT_3D('',#4252,#4253,#4254);
#4252 = CARTESIAN_POINT('',(114.,-56.,8.31));
#4253 = DIRECTION('',(-0.,1.,0.));
#4254 = DIRECTION('',(1.,0.,-0.));
#4255 = DEFINITIONAL_REPRESENTATION('',(#4256),#4259);
#4256 = B_SPLINE_CURVE_WITH_KNOTS('',1,(#4257,#4258),.UNSPECIFIED.,.F.,
  .F.,(2,2),(-3.15,-0.15),.PIECEWISE_BEZIER_KNOTS.);
#4257 = CARTESIAN_POINT('',(2.55,-3.2));
#4258 = CARTESIAN_POINT('',(2.55,-0.2));
#4259 = ( GEOMETRIC_REPRESENTATION_CONTEXT(2) 
PARAMETRIC_REPRESENTATION_CONTEXT() REPRESENTATION_CONTEXT('2D SPACE',''
  ) );
#4260 = ORIENTED_EDGE('',*,*,#4261,.T.);
#4261 = EDGE_CURVE('',#4236,#4262,#4264,.T.);
#4262 = VERTEX_POINT('',#4263);
#4263 = CARTESIAN_POINT('',(116.55,-66.77536983867,8.51));
#4264 = SURFACE_CURVE('',#4265,(#4269,#4275),.PCURVE_S1.);
#4265 = LINE('',#4266,#4267);
#4266 = CARTESIAN_POINT('',(116.55,-52.17500000164,8.51));
#4267 = VECTOR('',#4268,1.);
#4268 = DIRECTION('',(0.,-1.,0.));
#4269 = PCURVE('',#1271,#4270);
#4270 = DEFINITIONAL_REPRESENTATION('',(#4271),#4274);
#4271 = B_SPLINE_CURVE_WITH_KNOTS('',1,(#4272,#4273),.UNSPECIFIED.,.F.,
  .F.,(2,2),(-57.52499997948,19.174999998381),.PIECEWISE_BEZIER_KNOTS.);
#4272 = CARTESIAN_POINT('',(76.699999977862,-1.E-01));
#4273 = CARTESIAN_POINT('',(-7.105427357601E-15,-1.E-01));
#4274 = ( GEOMETRIC_REPRESENTATION_CONTEXT(2) 
PARAMETRIC_REPRESENTATION_CONTEXT() REPRESENTATION_CONTEXT('2D SPACE',''
  ) );
#4275 = PCURVE('',#4276,#4281);
#4276 = PLANE('',#4277);
#4277 = AXIS2_PLACEMENT_3D('',#4278,#4279,#4280);
#4278 = CARTESIAN_POINT('',(58.7,-33.00000000326,8.51));
#4279 = DIRECTION('',(0.,0.,1.));
#4280 = DIRECTION('',(1.,0.,-0.));
#4281 = DEFINITIONAL_REPRESENTATION('',(#4282),#4285);
#4282 = B_SPLINE_CURVE_WITH_KNOTS('',1,(#4283,#4284),.UNSPECIFIED.,.F.,
  .F.,(2,2),(-57.52499997948,19.174999998381),.PIECEWISE_BEZIER_KNOTS.);
#4283 = CARTESIAN_POINT('',(57.85,38.349999981099));
#4284 = CARTESIAN_POINT('',(57.85,-38.34999999676));
#4285 = ( GEOMETRIC_REPRESENTATION_CONTEXT(2) 
PARAMETRIC_REPRESENTATION_CONTEXT() REPRESENTATION_CONTEXT('2D SPACE',''
  ) );
#4286 = ORIENTED_EDGE('',*,*,#4287,.T.);
#4287 = EDGE_CURVE('',#4262,#1227,#4288,.T.);
#4288 = SURFACE_CURVE('',#4289,(#4293,#4299),.PCURVE_S1.);
#4289 = LINE('',#4290,#4291);
#4290 = CARTESIAN_POINT('',(116.55,-66.77536983867,8.31));
#4291 = VECTOR('',#4292,1.);
#4292 = DIRECTION('',(0.,0.,1.));
#4293 = PCURVE('',#1271,#4294);
#4294 = DEFINITIONAL_REPRESENTATION('',(#4295),#4298);
#4295 = B_SPLINE_CURVE_WITH_KNOTS('',1,(#4296,#4297),.UNSPECIFIED.,.F.,
  .F.,(2,2),(-5.999999999062E-07,3.3000006),.PIECEWISE_BEZIER_KNOTS.);
#4296 = CARTESIAN_POINT('',(4.574630161358,0.1000006));
#4297 = CARTESIAN_POINT('',(4.574630161358,-3.2000006));
#4298 = ( GEOMETRIC_REPRESENTATION_CONTEXT(2) 
PARAMETRIC_REPRESENTATION_CONTEXT() REPRESENTATION_CONTEXT('2D SPACE',''
  ) );
#4299 = PCURVE('',#1243,#4300);
#4300 = DEFINITIONAL_REPRESENTATION('',(#4301),#4304);
#4301 = B_SPLINE_CURVE_WITH_KNOTS('',1,(#4302,#4303),.UNSPECIFIED.,.F.,
  .F.,(2,2),(-5.999999999062E-07,3.3000006),.PIECEWISE_BEZIER_KNOTS.);
#4302 = CARTESIAN_POINT('',(1.219149373765,-5.999999999062E-07));
#4303 = CARTESIAN_POINT('',(1.219149373765,3.3000006));
#4304 = ( GEOMETRIC_REPRESENTATION_CONTEXT(2) 
PARAMETRIC_REPRESENTATION_CONTEXT() REPRESENTATION_CONTEXT('2D SPACE',''
  ) );
#4305 = ORIENTED_EDGE('',*,*,#1255,.F.);
#4306 = ORIENTED_EDGE('',*,*,#4307,.F.);
#4307 = EDGE_CURVE('',#4234,#1256,#4308,.T.);
#4308 = SURFACE_CURVE('',#4309,(#4313,#4319),.PCURVE_S1.);
#4309 = LINE('',#4310,#4311);
#4310 = CARTESIAN_POINT('',(116.55,-52.17500000164,11.51));
#4311 = VECTOR('',#4312,1.);
#4312 = DIRECTION('',(0.,-1.,0.));
#4313 = PCURVE('',#1271,#4314);
#4314 = DEFINITIONAL_REPRESENTATION('',(#4315),#4318);
#4315 = B_SPLINE_CURVE_WITH_KNOTS('',1,(#4316,#4317),.UNSPECIFIED.,.F.,
  .F.,(2,2),(-57.52499997948,19.174999998381),.PIECEWISE_BEZIER_KNOTS.);
#4316 = CARTESIAN_POINT('',(76.699999977862,-3.1));
#4317 = CARTESIAN_POINT('',(-7.105427357601E-15,-3.1));
#4318 = ( GEOMETRIC_REPRESENTATION_CONTEXT(2) 
PARAMETRIC_REPRESENTATION_CONTEXT() REPRESENTATION_CONTEXT('2D SPACE',''
  ) );
#4319 = PCURVE('',#4167,#4320);
#4320 = DEFINITIONAL_REPRESENTATION('',(#4321),#4324);
#4321 = B_SPLINE_CURVE_WITH_KNOTS('',1,(#4322,#4323),.UNSPECIFIED.,.F.,
  .F.,(2,2),(-57.52499997948,19.174999998381),.PIECEWISE_BEZIER_KNOTS.);
#4322 = CARTESIAN_POINT('',(57.85,38.349999981099));
#4323 = CARTESIAN_POINT('',(57.85,-38.34999999676));
#4324 = ( GEOMETRIC_REPRESENTATION_CONTEXT(2) 
PARAMETRIC_REPRESENTATION_CONTEXT() REPRESENTATION_CONTEXT('2D SPACE',''
  ) );
#4325 = ADVANCED_FACE('',(#4326),#982,.F.);
#4326 = FACE_BOUND('',#4327,.T.);
#4327 = EDGE_LOOP('',(#4328,#4329,#4352,#4374));
#4328 = ORIENTED_EDGE('',*,*,#961,.T.);
#4329 = ORIENTED_EDGE('',*,*,#4330,.T.);
#4330 = EDGE_CURVE('',#962,#4331,#4333,.T.);
#4331 = VERTEX_POINT('',#4332);
#4332 = CARTESIAN_POINT('',(92.999999999999,-30.,20.41));
#4333 = SURFACE_CURVE('',#4334,(#4338,#4345),.PCURVE_S1.);
#4334 = LINE('',#4335,#4336);
#4335 = CARTESIAN_POINT('',(92.999999999999,-30.,11.41));
#4336 = VECTOR('',#4337,1.);
#4337 = DIRECTION('',(0.,0.,1.));
#4338 = PCURVE('',#982,#4339);
#4339 = DEFINITIONAL_REPRESENTATION('',(#4340),#4344);
#4340 = LINE('',#4341,#4342);
#4341 = CARTESIAN_POINT('',(-1.570796326795,0.));
#4342 = VECTOR('',#4343,1.);
#4343 = DIRECTION('',(-0.,-1.));
#4344 = ( GEOMETRIC_REPRESENTATION_CONTEXT(2) 
PARAMETRIC_REPRESENTATION_CONTEXT() REPRESENTATION_CONTEXT('2D SPACE',''
  ) );
#4345 = PCURVE('',#1009,#4346);
#4346 = DEFINITIONAL_REPRESENTATION('',(#4347),#4351);
#4347 = LINE('',#4348,#4349);
#4348 = CARTESIAN_POINT('',(0.,0.));
#4349 = VECTOR('',#4350,1.);
#4350 = DIRECTION('',(0.,-1.));
#4351 = ( GEOMETRIC_REPRESENTATION_CONTEXT(2) 
PARAMETRIC_REPRESENTATION_CONTEXT() REPRESENTATION_CONTEXT('2D SPACE',''
  ) );
#4352 = ORIENTED_EDGE('',*,*,#4353,.T.);
#4353 = EDGE_CURVE('',#4331,#4186,#4354,.T.);
#4354 = SURFACE_CURVE('',#4355,(#4360,#4367),.PCURVE_S1.);
#4355 = CIRCLE('',#4356,1.);
#4356 = AXIS2_PLACEMENT_3D('',#4357,#4358,#4359);
#4357 = CARTESIAN_POINT('',(92.999999999999,-31.,20.41));
#4358 = DIRECTION('',(0.,0.,1.));
#4359 = DIRECTION('',(1.,0.,0.));
#4360 = PCURVE('',#982,#4361);
#4361 = DEFINITIONAL_REPRESENTATION('',(#4362),#4366);
#4362 = LINE('',#4363,#4364);
#4363 = CARTESIAN_POINT('',(-0.,-9.));
#4364 = VECTOR('',#4365,1.);
#4365 = DIRECTION('',(-1.,0.));
#4366 = ( GEOMETRIC_REPRESENTATION_CONTEXT(2) 
PARAMETRIC_REPRESENTATION_CONTEXT() REPRESENTATION_CONTEXT('2D SPACE',''
  ) );
#4367 = PCURVE('',#3916,#4368);
#4368 = DEFINITIONAL_REPRESENTATION('',(#4369),#4373);
#4369 = CIRCLE('',#4370,1.);
#4370 = AXIS2_PLACEMENT_2D('',#4371,#4372);
#4371 = CARTESIAN_POINT('',(-2.000000000001,26.500000000187));
#4372 = DIRECTION('',(1.,0.));
#4373 = ( GEOMETRIC_REPRESENTATION_CONTEXT(2) 
PARAMETRIC_REPRESENTATION_CONTEXT() REPRESENTATION_CONTEXT('2D SPACE',''
  ) );
#4374 = ORIENTED_EDGE('',*,*,#4208,.F.);
#4375 = ADVANCED_FACE('',(#4376),#1243,.F.);
#4376 = FACE_BOUND('',#4377,.F.);
#4377 = EDGE_LOOP('',(#4378,#4399,#4421,#4422));
#4378 = ORIENTED_EDGE('',*,*,#4379,.F.);
#4379 = EDGE_CURVE('',#4380,#1199,#4382,.T.);
#4380 = VERTEX_POINT('',#4381);
#4381 = CARTESIAN_POINT('',(117.75,-67.4380482878,8.51));
#4382 = SURFACE_CURVE('',#4383,(#4387,#4393),.PCURVE_S1.);
#4383 = LINE('',#4384,#4385);
#4384 = CARTESIAN_POINT('',(117.75,-67.4380482878,8.31));
#4385 = VECTOR('',#4386,1.);
#4386 = DIRECTION('',(0.,0.,1.));
#4387 = PCURVE('',#1243,#4388);
#4388 = DEFINITIONAL_REPRESENTATION('',(#4389),#4392);
#4389 = B_SPLINE_CURVE_WITH_KNOTS('',1,(#4390,#4391),.UNSPECIFIED.,.F.,
  .F.,(2,2),(-5.999999999062E-07,3.3000006),.PIECEWISE_BEZIER_KNOTS.);
#4390 = CARTESIAN_POINT('',(0.913332770413,-5.999999999062E-07));
#4391 = CARTESIAN_POINT('',(0.913332770413,3.3000006));
#4392 = ( GEOMETRIC_REPRESENTATION_CONTEXT(2) 
PARAMETRIC_REPRESENTATION_CONTEXT() REPRESENTATION_CONTEXT('2D SPACE',''
  ) );
#4393 = PCURVE('',#1214,#4394);
#4394 = DEFINITIONAL_REPRESENTATION('',(#4395),#4398);
#4395 = B_SPLINE_CURVE_WITH_KNOTS('',1,(#4396,#4397),.UNSPECIFIED.,.F.,
  .F.,(2,2),(-5.999999999062E-07,3.3000006),.PIECEWISE_BEZIER_KNOTS.);
#4396 = CARTESIAN_POINT('',(4.511951712201,0.2000006));
#4397 = CARTESIAN_POINT('',(4.511951712201,-3.1000006));
#4398 = ( GEOMETRIC_REPRESENTATION_CONTEXT(2) 
PARAMETRIC_REPRESENTATION_CONTEXT() REPRESENTATION_CONTEXT('2D SPACE',''
  ) );
#4399 = ORIENTED_EDGE('',*,*,#4400,.T.);
#4400 = EDGE_CURVE('',#4380,#4262,#4401,.T.);
#4401 = SURFACE_CURVE('',#4402,(#4407,#4414),.PCURVE_S1.);
#4402 = CIRCLE('',#4403,4.5);
#4403 = AXIS2_PLACEMENT_3D('',#4404,#4405,#4406);
#4404 = CARTESIAN_POINT('',(115.,-71.,8.51));
#4405 = DIRECTION('',(0.,0.,1.));
#4406 = DIRECTION('',(1.,0.,-0.));
#4407 = PCURVE('',#1243,#4408);
#4408 = DEFINITIONAL_REPRESENTATION('',(#4409),#4413);
#4409 = LINE('',#4410,#4411);
#4410 = CARTESIAN_POINT('',(0.,0.2));
#4411 = VECTOR('',#4412,1.);
#4412 = DIRECTION('',(1.,0.));
#4413 = ( GEOMETRIC_REPRESENTATION_CONTEXT(2) 
PARAMETRIC_REPRESENTATION_CONTEXT() REPRESENTATION_CONTEXT('2D SPACE',''
  ) );
#4414 = PCURVE('',#4276,#4415);
#4415 = DEFINITIONAL_REPRESENTATION('',(#4416),#4420);
#4416 = CIRCLE('',#4417,4.5);
#4417 = AXIS2_PLACEMENT_2D('',#4418,#4419);
#4418 = CARTESIAN_POINT('',(56.3,-37.99999999673));
#4419 = DIRECTION('',(1.,0.));
#4420 = ( GEOMETRIC_REPRESENTATION_CONTEXT(2) 
PARAMETRIC_REPRESENTATION_CONTEXT() REPRESENTATION_CONTEXT('2D SPACE',''
  ) );
#4421 = ORIENTED_EDGE('',*,*,#4287,.T.);
#4422 = ORIENTED_EDGE('',*,*,#1226,.F.);
#4423 = ADVANCED_FACE('',(#4424),#1009,.F.);
#4424 = FACE_BOUND('',#4425,.F.);
#4425 = EDGE_LOOP('',(#4426,#4453,#4454,#4455,#4478));
#4426 = ORIENTED_EDGE('',*,*,#4427,.T.);
#4427 = EDGE_CURVE('',#4428,#995,#4430,.T.);
#4428 = VERTEX_POINT('',#4429);
#4429 = CARTESIAN_POINT('',(116.99999999599,-30.,11.51));
#4430 = SURFACE_CURVE('',#4431,(#4435,#4441),.PCURVE_S1.);
#4431 = LINE('',#4432,#4433);
#4432 = CARTESIAN_POINT('',(75.85,-30.,11.51));
#4433 = VECTOR('',#4434,1.);
#4434 = DIRECTION('',(-1.,0.,0.));
#4435 = PCURVE('',#1009,#4436);
#4436 = DEFINITIONAL_REPRESENTATION('',(#4437),#4440);
#4437 = B_SPLINE_CURVE_WITH_KNOTS('',1,(#4438,#4439),.UNSPECIFIED.,.F.,
  .F.,(2,2),(-41.14999999599,-17.15),.PIECEWISE_BEZIER_KNOTS.);
#4438 = CARTESIAN_POINT('',(23.999999996,-1.E-01));
#4439 = CARTESIAN_POINT('',(0.,-1.E-01));
#4440 = ( GEOMETRIC_REPRESENTATION_CONTEXT(2) 
PARAMETRIC_REPRESENTATION_CONTEXT() REPRESENTATION_CONTEXT('2D SPACE',''
  ) );
#4441 = PCURVE('',#4442,#4447);
#4442 = PLANE('',#4443);
#4443 = AXIS2_PLACEMENT_3D('',#4444,#4445,#4446);
#4444 = CARTESIAN_POINT('',(58.7,-33.00000000326,11.51));
#4445 = DIRECTION('',(0.,0.,1.));
#4446 = DIRECTION('',(1.,0.,-0.));
#4447 = DEFINITIONAL_REPRESENTATION('',(#4448),#4452);
#4448 = LINE('',#4449,#4450);
#4449 = CARTESIAN_POINT('',(17.15,3.000000003267));
#4450 = VECTOR('',#4451,1.);
#4451 = DIRECTION('',(-1.,0.));
#4452 = ( GEOMETRIC_REPRESENTATION_CONTEXT(2) 
PARAMETRIC_REPRESENTATION_CONTEXT() REPRESENTATION_CONTEXT('2D SPACE',''
  ) );
#4453 = ORIENTED_EDGE('',*,*,#994,.T.);
#4454 = ORIENTED_EDGE('',*,*,#4330,.T.);
#4455 = ORIENTED_EDGE('',*,*,#4456,.T.);
#4456 = EDGE_CURVE('',#4331,#4457,#4459,.T.);
#4457 = VERTEX_POINT('',#4458);
#4458 = CARTESIAN_POINT('',(116.99999999599,-30.,20.41));
#4459 = SURFACE_CURVE('',#4460,(#4464,#4471),.PCURVE_S1.);
#4460 = LINE('',#4461,#4462);
#4461 = CARTESIAN_POINT('',(105.,-30.,20.41));
#4462 = VECTOR('',#4463,1.);
#4463 = DIRECTION('',(1.,0.,0.));
#4464 = PCURVE('',#1009,#4465);
#4465 = DEFINITIONAL_REPRESENTATION('',(#4466),#4470);
#4466 = LINE('',#4467,#4468);
#4467 = CARTESIAN_POINT('',(12.000000000002,-9.));
#4468 = VECTOR('',#4469,1.);
#4469 = DIRECTION('',(1.,0.));
#4470 = ( GEOMETRIC_REPRESENTATION_CONTEXT(2) 
PARAMETRIC_REPRESENTATION_CONTEXT() REPRESENTATION_CONTEXT('2D SPACE',''
  ) );
#4471 = PCURVE('',#3916,#4472);
#4472 = DEFINITIONAL_REPRESENTATION('',(#4473),#4477);
#4473 = LINE('',#4474,#4475);
#4474 = CARTESIAN_POINT('',(10.000000000001,27.500000000187));
#4475 = VECTOR('',#4476,1.);
#4476 = DIRECTION('',(1.,0.));
#4477 = ( GEOMETRIC_REPRESENTATION_CONTEXT(2) 
PARAMETRIC_REPRESENTATION_CONTEXT() REPRESENTATION_CONTEXT('2D SPACE',''
  ) );
#4478 = ORIENTED_EDGE('',*,*,#4479,.F.);
#4479 = EDGE_CURVE('',#4428,#4457,#4480,.T.);
#4480 = SURFACE_CURVE('',#4481,(#4485,#4492),.PCURVE_S1.);
#4481 = LINE('',#4482,#4483);
#4482 = CARTESIAN_POINT('',(116.99999999599,-30.,11.41));
#4483 = VECTOR('',#4484,1.);
#4484 = DIRECTION('',(0.,0.,1.));
#4485 = PCURVE('',#1009,#4486);
#4486 = DEFINITIONAL_REPRESENTATION('',(#4487),#4491);
#4487 = LINE('',#4488,#4489);
#4488 = CARTESIAN_POINT('',(23.999999996,0.));
#4489 = VECTOR('',#4490,1.);
#4490 = DIRECTION('',(0.,-1.));
#4491 = ( GEOMETRIC_REPRESENTATION_CONTEXT(2) 
PARAMETRIC_REPRESENTATION_CONTEXT() REPRESENTATION_CONTEXT('2D SPACE',''
  ) );
#4492 = PCURVE('',#1125,#4493);
#4493 = DEFINITIONAL_REPRESENTATION('',(#4494),#4498);
#4494 = LINE('',#4495,#4496);
#4495 = CARTESIAN_POINT('',(-1.570796326795,0.));
#4496 = VECTOR('',#4497,1.);
#4497 = DIRECTION('',(-0.,-1.));
#4498 = ( GEOMETRIC_REPRESENTATION_CONTEXT(2) 
PARAMETRIC_REPRESENTATION_CONTEXT() REPRESENTATION_CONTEXT('2D SPACE',''
  ) );
#4499 = ADVANCED_FACE('',(#4500),#1214,.F.);
#4500 = FACE_BOUND('',#4501,.F.);
#4501 = EDGE_LOOP('',(#4502,#4525,#4526,#4527,#4550));
#4502 = ORIENTED_EDGE('',*,*,#4503,.F.);
#4503 = EDGE_CURVE('',#4380,#4504,#4506,.T.);
#4504 = VERTEX_POINT('',#4505);
#4505 = CARTESIAN_POINT('',(117.75,-56.,8.51));
#4506 = SURFACE_CURVE('',#4507,(#4511,#4518),.PCURVE_S1.);
#4507 = LINE('',#4508,#4509);
#4508 = CARTESIAN_POINT('',(117.75,-32.99999999999,8.51));
#4509 = VECTOR('',#4510,1.);
#4510 = DIRECTION('',(0.,1.,0.));
#4511 = PCURVE('',#1214,#4512);
#4512 = DEFINITIONAL_REPRESENTATION('',(#4513),#4517);
#4513 = LINE('',#4514,#4515);
#4514 = CARTESIAN_POINT('',(38.950000000014,0.));
#4515 = VECTOR('',#4516,1.);
#4516 = DIRECTION('',(1.,0.));
#4517 = ( GEOMETRIC_REPRESENTATION_CONTEXT(2) 
PARAMETRIC_REPRESENTATION_CONTEXT() REPRESENTATION_CONTEXT('2D SPACE',''
  ) );
#4518 = PCURVE('',#4276,#4519);
#4519 = DEFINITIONAL_REPRESENTATION('',(#4520),#4524);
#4520 = LINE('',#4521,#4522);
#4521 = CARTESIAN_POINT('',(59.05,3.274426347497E-09));
#4522 = VECTOR('',#4523,1.);
#4523 = DIRECTION('',(0.,1.));
#4524 = ( GEOMETRIC_REPRESENTATION_CONTEXT(2) 
PARAMETRIC_REPRESENTATION_CONTEXT() REPRESENTATION_CONTEXT('2D SPACE',''
  ) );
#4525 = ORIENTED_EDGE('',*,*,#4379,.T.);
#4526 = ORIENTED_EDGE('',*,*,#1198,.T.);
#4527 = ORIENTED_EDGE('',*,*,#4528,.T.);
#4528 = EDGE_CURVE('',#1166,#4529,#4531,.T.);
#4529 = VERTEX_POINT('',#4530);
#4530 = CARTESIAN_POINT('',(117.75,-56.,11.51));
#4531 = SURFACE_CURVE('',#4532,(#4536,#4543),.PCURVE_S1.);
#4532 = LINE('',#4533,#4534);
#4533 = CARTESIAN_POINT('',(117.75,-32.99999999999,11.51));
#4534 = VECTOR('',#4535,1.);
#4535 = DIRECTION('',(0.,1.,0.));
#4536 = PCURVE('',#1214,#4537);
#4537 = DEFINITIONAL_REPRESENTATION('',(#4538),#4542);
#4538 = LINE('',#4539,#4540);
#4539 = CARTESIAN_POINT('',(38.950000000014,-3.));
#4540 = VECTOR('',#4541,1.);
#4541 = DIRECTION('',(1.,0.));
#4542 = ( GEOMETRIC_REPRESENTATION_CONTEXT(2) 
PARAMETRIC_REPRESENTATION_CONTEXT() REPRESENTATION_CONTEXT('2D SPACE',''
  ) );
#4543 = PCURVE('',#4167,#4544);
#4544 = DEFINITIONAL_REPRESENTATION('',(#4545),#4549);
#4545 = LINE('',#4546,#4547);
#4546 = CARTESIAN_POINT('',(59.05,3.274426347497E-09));
#4547 = VECTOR('',#4548,1.);
#4548 = DIRECTION('',(0.,1.));
#4549 = ( GEOMETRIC_REPRESENTATION_CONTEXT(2) 
PARAMETRIC_REPRESENTATION_CONTEXT() REPRESENTATION_CONTEXT('2D SPACE',''
  ) );
#4550 = ORIENTED_EDGE('',*,*,#4551,.T.);
#4551 = EDGE_CURVE('',#4529,#4504,#4552,.T.);
#4552 = SURFACE_CURVE('',#4553,(#4557,#4563),.PCURVE_S1.);
#4553 = LINE('',#4554,#4555);
#4554 = CARTESIAN_POINT('',(117.75,-56.,8.41));
#4555 = VECTOR('',#4556,1.);
#4556 = DIRECTION('',(0.,0.,-1.));
#4557 = PCURVE('',#1214,#4558);
#4558 = DEFINITIONAL_REPRESENTATION('',(#4559),#4562);
#4559 = B_SPLINE_CURVE_WITH_KNOTS('',1,(#4560,#4561),.UNSPECIFIED.,.F.,
  .F.,(2,2),(-3.1,-1.E-01),.PIECEWISE_BEZIER_KNOTS.);
#4560 = CARTESIAN_POINT('',(15.950000000007,-3.));
#4561 = CARTESIAN_POINT('',(15.950000000007,0.));
#4562 = ( GEOMETRIC_REPRESENTATION_CONTEXT(2) 
PARAMETRIC_REPRESENTATION_CONTEXT() REPRESENTATION_CONTEXT('2D SPACE',''
  ) );
#4563 = PCURVE('',#4250,#4564);
#4564 = DEFINITIONAL_REPRESENTATION('',(#4565),#4568);
#4565 = B_SPLINE_CURVE_WITH_KNOTS('',1,(#4566,#4567),.UNSPECIFIED.,.F.,
  .F.,(2,2),(-3.1,-1.E-01),.PIECEWISE_BEZIER_KNOTS.);
#4566 = CARTESIAN_POINT('',(3.75,-3.2));
#4567 = CARTESIAN_POINT('',(3.75,-0.2));
#4568 = ( GEOMETRIC_REPRESENTATION_CONTEXT(2) 
PARAMETRIC_REPRESENTATION_CONTEXT() REPRESENTATION_CONTEXT('2D SPACE',''
  ) );
#4569 = ADVANCED_FACE('',(#4570),#1036,.T.);
#4570 = FACE_BOUND('',#4571,.T.);
#4571 = EDGE_LOOP('',(#4572,#4593,#4619,#4645,#4664));
#4572 = ORIENTED_EDGE('',*,*,#4573,.F.);
#4573 = EDGE_CURVE('',#4574,#1021,#4576,.T.);
#4574 = VERTEX_POINT('',#4575);
#4575 = CARTESIAN_POINT('',(116.55,-22.37578564374,8.51));
#4576 = SURFACE_CURVE('',#4577,(#4581,#4587),.PCURVE_S1.);
#4577 = LINE('',#4578,#4579);
#4578 = CARTESIAN_POINT('',(116.55,-22.37578564374,8.31));
#4579 = VECTOR('',#4580,1.);
#4580 = DIRECTION('',(0.,0.,1.));
#4581 = PCURVE('',#1036,#4582);
#4582 = DEFINITIONAL_REPRESENTATION('',(#4583),#4586);
#4583 = B_SPLINE_CURVE_WITH_KNOTS('',1,(#4584,#4585),.UNSPECIFIED.,.F.,
  .F.,(2,2),(-5.999999999062E-07,3.3000006),.PIECEWISE_BEZIER_KNOTS.);
#4584 = CARTESIAN_POINT('',(48.974214356286,0.1000006));
#4585 = CARTESIAN_POINT('',(48.974214356286,-3.2000006));
#4586 = ( GEOMETRIC_REPRESENTATION_CONTEXT(2) 
PARAMETRIC_REPRESENTATION_CONTEXT() REPRESENTATION_CONTEXT('2D SPACE',''
  ) );
#4587 = PCURVE('',#1064,#4588);
#4588 = DEFINITIONAL_REPRESENTATION('',(#4589),#4592);
#4589 = B_SPLINE_CURVE_WITH_KNOTS('',1,(#4590,#4591),.UNSPECIFIED.,.F.,
  .F.,(2,2),(-5.999999999062E-07,3.3000006),.PIECEWISE_BEZIER_KNOTS.);
#4590 = CARTESIAN_POINT('',(4.947893217105,-5.999999999062E-07));
#4591 = CARTESIAN_POINT('',(4.947893217105,3.3000006));
#4592 = ( GEOMETRIC_REPRESENTATION_CONTEXT(2) 
PARAMETRIC_REPRESENTATION_CONTEXT() REPRESENTATION_CONTEXT('2D SPACE',''
  ) );
#4593 = ORIENTED_EDGE('',*,*,#4594,.T.);
#4594 = EDGE_CURVE('',#4574,#4595,#4597,.T.);
#4595 = VERTEX_POINT('',#4596);
#4596 = CARTESIAN_POINT('',(116.55,-42.,8.51));
#4597 = SURFACE_CURVE('',#4598,(#4602,#4608),.PCURVE_S1.);
#4598 = LINE('',#4599,#4600);
#4599 = CARTESIAN_POINT('',(116.55,-52.17500000164,8.51));
#4600 = VECTOR('',#4601,1.);
#4601 = DIRECTION('',(0.,-1.,0.));
#4602 = PCURVE('',#1036,#4603);
#4603 = DEFINITIONAL_REPRESENTATION('',(#4604),#4607);
#4604 = B_SPLINE_CURVE_WITH_KNOTS('',1,(#4605,#4606),.UNSPECIFIED.,.F.,
  .F.,(2,2),(-57.52499997948,19.174999998381),.PIECEWISE_BEZIER_KNOTS.);
#4605 = CARTESIAN_POINT('',(76.699999977862,-1.E-01));
#4606 = CARTESIAN_POINT('',(-7.105427357601E-15,-1.E-01));
#4607 = ( GEOMETRIC_REPRESENTATION_CONTEXT(2) 
PARAMETRIC_REPRESENTATION_CONTEXT() REPRESENTATION_CONTEXT('2D SPACE',''
  ) );
#4608 = PCURVE('',#4609,#4614);
#4609 = PLANE('',#4610);
#4610 = AXIS2_PLACEMENT_3D('',#4611,#4612,#4613);
#4611 = CARTESIAN_POINT('',(58.7,-33.00000000326,8.51));
#4612 = DIRECTION('',(0.,0.,1.));
#4613 = DIRECTION('',(1.,0.,-0.));
#4614 = DEFINITIONAL_REPRESENTATION('',(#4615),#4618);
#4615 = B_SPLINE_CURVE_WITH_KNOTS('',1,(#4616,#4617),.UNSPECIFIED.,.F.,
  .F.,(2,2),(-57.52499997948,19.174999998381),.PIECEWISE_BEZIER_KNOTS.);
#4616 = CARTESIAN_POINT('',(57.85,38.349999981099));
#4617 = CARTESIAN_POINT('',(57.85,-38.34999999676));
#4618 = ( GEOMETRIC_REPRESENTATION_CONTEXT(2) 
PARAMETRIC_REPRESENTATION_CONTEXT() REPRESENTATION_CONTEXT('2D SPACE',''
  ) );
#4619 = ORIENTED_EDGE('',*,*,#4620,.F.);
#4620 = EDGE_CURVE('',#4621,#4595,#4623,.T.);
#4621 = VERTEX_POINT('',#4622);
#4622 = CARTESIAN_POINT('',(116.55,-42.,11.51));
#4623 = SURFACE_CURVE('',#4624,(#4628,#4634),.PCURVE_S1.);
#4624 = LINE('',#4625,#4626);
#4625 = CARTESIAN_POINT('',(116.55,-42.,8.36));
#4626 = VECTOR('',#4627,1.);
#4627 = DIRECTION('',(0.,0.,-1.));
#4628 = PCURVE('',#1036,#4629);
#4629 = DEFINITIONAL_REPRESENTATION('',(#4630),#4633);
#4630 = B_SPLINE_CURVE_WITH_KNOTS('',1,(#4631,#4632),.UNSPECIFIED.,.F.,
  .F.,(2,2),(-3.15,-0.15),.PIECEWISE_BEZIER_KNOTS.);
#4631 = CARTESIAN_POINT('',(29.35000000003,-3.1));
#4632 = CARTESIAN_POINT('',(29.35000000003,-1.E-01));
#4633 = ( GEOMETRIC_REPRESENTATION_CONTEXT(2) 
PARAMETRIC_REPRESENTATION_CONTEXT() REPRESENTATION_CONTEXT('2D SPACE',''
  ) );
#4634 = PCURVE('',#4635,#4640);
#4635 = PLANE('',#4636);
#4636 = AXIS2_PLACEMENT_3D('',#4637,#4638,#4639);
#4637 = CARTESIAN_POINT('',(114.,-42.,8.31));
#4638 = DIRECTION('',(-0.,1.,0.));
#4639 = DIRECTION('',(1.,0.,-0.));
#4640 = DEFINITIONAL_REPRESENTATION('',(#4641),#4644);
#4641 = B_SPLINE_CURVE_WITH_KNOTS('',1,(#4642,#4643),.UNSPECIFIED.,.F.,
  .F.,(2,2),(-3.15,-0.15),.PIECEWISE_BEZIER_KNOTS.);
#4642 = CARTESIAN_POINT('',(2.55,-3.2));
#4643 = CARTESIAN_POINT('',(2.55,-0.2));
#4644 = ( GEOMETRIC_REPRESENTATION_CONTEXT(2) 
PARAMETRIC_REPRESENTATION_CONTEXT() REPRESENTATION_CONTEXT('2D SPACE',''
  ) );
#4645 = ORIENTED_EDGE('',*,*,#4646,.F.);
#4646 = EDGE_CURVE('',#995,#4621,#4647,.T.);
#4647 = SURFACE_CURVE('',#4648,(#4652,#4658),.PCURVE_S1.);
#4648 = LINE('',#4649,#4650);
#4649 = CARTESIAN_POINT('',(116.55,-52.17500000164,11.51));
#4650 = VECTOR('',#4651,1.);
#4651 = DIRECTION('',(0.,-1.,0.));
#4652 = PCURVE('',#1036,#4653);
#4653 = DEFINITIONAL_REPRESENTATION('',(#4654),#4657);
#4654 = B_SPLINE_CURVE_WITH_KNOTS('',1,(#4655,#4656),.UNSPECIFIED.,.F.,
  .F.,(2,2),(-57.52499997948,19.174999998381),.PIECEWISE_BEZIER_KNOTS.);
#4655 = CARTESIAN_POINT('',(76.699999977862,-3.1));
#4656 = CARTESIAN_POINT('',(-7.105427357601E-15,-3.1));
#4657 = ( GEOMETRIC_REPRESENTATION_CONTEXT(2) 
PARAMETRIC_REPRESENTATION_CONTEXT() REPRESENTATION_CONTEXT('2D SPACE',''
  ) );
#4658 = PCURVE('',#4442,#4659);
#4659 = DEFINITIONAL_REPRESENTATION('',(#4660),#4663);
#4660 = B_SPLINE_CURVE_WITH_KNOTS('',1,(#4661,#4662),.UNSPECIFIED.,.F.,
  .F.,(2,2),(-57.52499997948,19.174999998381),.PIECEWISE_BEZIER_KNOTS.);
#4661 = CARTESIAN_POINT('',(57.85,38.349999981099));
#4662 = CARTESIAN_POINT('',(57.85,-38.34999999676));
#4663 = ( GEOMETRIC_REPRESENTATION_CONTEXT(2) 
PARAMETRIC_REPRESENTATION_CONTEXT() REPRESENTATION_CONTEXT('2D SPACE',''
  ) );
#4664 = ORIENTED_EDGE('',*,*,#1020,.F.);
#4665 = ADVANCED_FACE('',(#4666),#1186,.F.);
#4666 = FACE_BOUND('',#4667,.F.);
#4667 = EDGE_LOOP('',(#4668,#4669,#4692,#4718,#4719));
#4668 = ORIENTED_EDGE('',*,*,#1165,.F.);
#4669 = ORIENTED_EDGE('',*,*,#4670,.T.);
#4670 = EDGE_CURVE('',#1138,#4671,#4673,.T.);
#4671 = VERTEX_POINT('',#4672);
#4672 = CARTESIAN_POINT('',(117.99999999866,-64.,20.41));
#4673 = SURFACE_CURVE('',#4674,(#4678,#4685),.PCURVE_S1.);
#4674 = LINE('',#4675,#4676);
#4675 = CARTESIAN_POINT('',(118.,-64.,11.41));
#4676 = VECTOR('',#4677,1.);
#4677 = DIRECTION('',(0.,0.,1.));
#4678 = PCURVE('',#1186,#4679);
#4679 = DEFINITIONAL_REPRESENTATION('',(#4680),#4684);
#4680 = LINE('',#4681,#4682);
#4681 = CARTESIAN_POINT('',(3.14159265359,0.));
#4682 = VECTOR('',#4683,1.);
#4683 = DIRECTION('',(0.,-1.));
#4684 = ( GEOMETRIC_REPRESENTATION_CONTEXT(2) 
PARAMETRIC_REPRESENTATION_CONTEXT() REPRESENTATION_CONTEXT('2D SPACE',''
  ) );
#4685 = PCURVE('',#1153,#4686);
#4686 = DEFINITIONAL_REPRESENTATION('',(#4687),#4691);
#4687 = LINE('',#4688,#4689);
#4688 = CARTESIAN_POINT('',(0.,0.));
#4689 = VECTOR('',#4690,1.);
#4690 = DIRECTION('',(0.,-1.));
#4691 = ( GEOMETRIC_REPRESENTATION_CONTEXT(2) 
PARAMETRIC_REPRESENTATION_CONTEXT() REPRESENTATION_CONTEXT('2D SPACE',''
  ) );
#4692 = ORIENTED_EDGE('',*,*,#4693,.T.);
#4693 = EDGE_CURVE('',#4671,#4108,#4694,.T.);
#4694 = SURFACE_CURVE('',#4695,(#4700,#4707),.PCURVE_S1.);
#4695 = CIRCLE('',#4696,1.);
#4696 = AXIS2_PLACEMENT_3D('',#4697,#4698,#4699);
#4697 = CARTESIAN_POINT('',(117.,-64.,20.41));
#4698 = DIRECTION('',(0.,0.,-1.));
#4699 = DIRECTION('',(-1.,0.,0.));
#4700 = PCURVE('',#1186,#4701);
#4701 = DEFINITIONAL_REPRESENTATION('',(#4702),#4706);
#4702 = LINE('',#4703,#4704);
#4703 = CARTESIAN_POINT('',(0.,-9.));
#4704 = VECTOR('',#4705,1.);
#4705 = DIRECTION('',(1.,0.));
#4706 = ( GEOMETRIC_REPRESENTATION_CONTEXT(2) 
PARAMETRIC_REPRESENTATION_CONTEXT() REPRESENTATION_CONTEXT('2D SPACE',''
  ) );
#4707 = PCURVE('',#3916,#4708);
#4708 = DEFINITIONAL_REPRESENTATION('',(#4709),#4717);
#4709 = ( BOUNDED_CURVE() B_SPLINE_CURVE(2,(#4710,#4711,#4712,#4713,
#4714,#4715,#4716),.UNSPECIFIED.,.T.,.F.) B_SPLINE_CURVE_WITH_KNOTS((1,2
    ,2,2,2,1),(-2.094395102393,0.,2.094395102393,4.188790204786,
6.28318530718,8.377580409573),.UNSPECIFIED.) CURVE() 
GEOMETRIC_REPRESENTATION_ITEM() RATIONAL_B_SPLINE_CURVE((1.,0.5,1.,0.5,
1.,0.5,1.)) REPRESENTATION_ITEM('') );
#4710 = CARTESIAN_POINT('',(21.,-6.499999999813));
#4711 = CARTESIAN_POINT('',(21.,-4.767949192244));
#4712 = CARTESIAN_POINT('',(22.5,-5.633974596028));
#4713 = CARTESIAN_POINT('',(24.,-6.499999999813));
#4714 = CARTESIAN_POINT('',(22.5,-7.366025403597));
#4715 = CARTESIAN_POINT('',(21.,-8.232050807382));
#4716 = CARTESIAN_POINT('',(21.,-6.499999999813));
#4717 = ( GEOMETRIC_REPRESENTATION_CONTEXT(2) 
PARAMETRIC_REPRESENTATION_CONTEXT() REPRESENTATION_CONTEXT('2D SPACE',''
  ) );
#4718 = ORIENTED_EDGE('',*,*,#4130,.F.);
#4719 = ORIENTED_EDGE('',*,*,#4720,.F.);
#4720 = EDGE_CURVE('',#1166,#4131,#4721,.T.);
#4721 = SURFACE_CURVE('',#4722,(#4727,#4734),.PCURVE_S1.);
#4722 = CIRCLE('',#4723,1.);
#4723 = AXIS2_PLACEMENT_3D('',#4724,#4725,#4726);
#4724 = CARTESIAN_POINT('',(117.,-64.,11.51));
#4725 = DIRECTION('',(0.,0.,-1.));
#4726 = DIRECTION('',(-1.,0.,0.));
#4727 = PCURVE('',#1186,#4728);
#4728 = DEFINITIONAL_REPRESENTATION('',(#4729),#4733);
#4729 = LINE('',#4730,#4731);
#4730 = CARTESIAN_POINT('',(0.,-1.E-01));
#4731 = VECTOR('',#4732,1.);
#4732 = DIRECTION('',(1.,0.));
#4733 = ( GEOMETRIC_REPRESENTATION_CONTEXT(2) 
PARAMETRIC_REPRESENTATION_CONTEXT() REPRESENTATION_CONTEXT('2D SPACE',''
  ) );
#4734 = PCURVE('',#4167,#4735);
#4735 = DEFINITIONAL_REPRESENTATION('',(#4736),#4744);
#4736 = ( BOUNDED_CURVE() B_SPLINE_CURVE(2,(#4737,#4738,#4739,#4740,
#4741,#4742,#4743),.UNSPECIFIED.,.T.,.F.) B_SPLINE_CURVE_WITH_KNOTS((1,2
    ,2,2,2,1),(-2.094395102393,0.,2.094395102393,4.188790204786,
6.28318530718,8.377580409573),.UNSPECIFIED.) CURVE() 
GEOMETRIC_REPRESENTATION_ITEM() RATIONAL_B_SPLINE_CURVE((1.,0.5,1.,0.5,
1.,0.5,1.)) REPRESENTATION_ITEM('') );
#4737 = CARTESIAN_POINT('',(57.3,-30.99999999673));
#4738 = CARTESIAN_POINT('',(57.3,-29.26794918916));
#4739 = CARTESIAN_POINT('',(58.8,-30.13397459294));
#4740 = CARTESIAN_POINT('',(60.3,-30.99999999673));
#4741 = CARTESIAN_POINT('',(58.8,-31.86602540051));
#4742 = CARTESIAN_POINT('',(57.3,-32.7320508043));
#4743 = CARTESIAN_POINT('',(57.3,-30.99999999673));
#4744 = ( GEOMETRIC_REPRESENTATION_CONTEXT(2) 
PARAMETRIC_REPRESENTATION_CONTEXT() REPRESENTATION_CONTEXT('2D SPACE',''
  ) );
#4745 = ADVANCED_FACE('',(#4746),#1064,.F.);
#4746 = FACE_BOUND('',#4747,.F.);
#4747 = EDGE_LOOP('',(#4748,#4749,#4773,#4792));
#4748 = ORIENTED_EDGE('',*,*,#4573,.F.);
#4749 = ORIENTED_EDGE('',*,*,#4750,.T.);
#4750 = EDGE_CURVE('',#4574,#4751,#4753,.T.);
#4751 = VERTEX_POINT('',#4752);
#4752 = CARTESIAN_POINT('',(117.75,-21.89711431703,8.51));
#4753 = SURFACE_CURVE('',#4754,(#4759,#4766),.PCURVE_S1.);
#4754 = CIRCLE('',#4755,4.5);
#4755 = AXIS2_PLACEMENT_3D('',#4756,#4757,#4758);
#4756 = CARTESIAN_POINT('',(115.5,-18.,8.51));
#4757 = DIRECTION('',(0.,0.,1.));
#4758 = DIRECTION('',(1.,0.,-0.));
#4759 = PCURVE('',#1064,#4760);
#4760 = DEFINITIONAL_REPRESENTATION('',(#4761),#4765);
#4761 = LINE('',#4762,#4763);
#4762 = CARTESIAN_POINT('',(0.,0.2));
#4763 = VECTOR('',#4764,1.);
#4764 = DIRECTION('',(1.,0.));
#4765 = ( GEOMETRIC_REPRESENTATION_CONTEXT(2) 
PARAMETRIC_REPRESENTATION_CONTEXT() REPRESENTATION_CONTEXT('2D SPACE',''
  ) );
#4766 = PCURVE('',#4609,#4767);
#4767 = DEFINITIONAL_REPRESENTATION('',(#4768),#4772);
#4768 = CIRCLE('',#4769,4.5);
#4769 = AXIS2_PLACEMENT_2D('',#4770,#4771);
#4770 = CARTESIAN_POINT('',(56.8,15.000000003267));
#4771 = DIRECTION('',(1.,0.));
#4772 = ( GEOMETRIC_REPRESENTATION_CONTEXT(2) 
PARAMETRIC_REPRESENTATION_CONTEXT() REPRESENTATION_CONTEXT('2D SPACE',''
  ) );
#4773 = ORIENTED_EDGE('',*,*,#4774,.T.);
#4774 = EDGE_CURVE('',#4751,#1048,#4775,.T.);
#4775 = SURFACE_CURVE('',#4776,(#4780,#4786),.PCURVE_S1.);
#4776 = LINE('',#4777,#4778);
#4777 = CARTESIAN_POINT('',(117.75,-21.89711431703,8.31));
#4778 = VECTOR('',#4779,1.);
#4779 = DIRECTION('',(0.,0.,1.));
#4780 = PCURVE('',#1064,#4781);
#4781 = DEFINITIONAL_REPRESENTATION('',(#4782),#4785);
#4782 = B_SPLINE_CURVE_WITH_KNOTS('',1,(#4783,#4784),.UNSPECIFIED.,.F.,
  .F.,(2,2),(-5.999999999062E-07,3.3000006),.PIECEWISE_BEZIER_KNOTS.);
#4783 = CARTESIAN_POINT('',(5.235987755983,-5.999999999062E-07));
#4784 = CARTESIAN_POINT('',(5.235987755983,3.3000006));
#4785 = ( GEOMETRIC_REPRESENTATION_CONTEXT(2) 
PARAMETRIC_REPRESENTATION_CONTEXT() REPRESENTATION_CONTEXT('2D SPACE',''
  ) );
#4786 = PCURVE('',#1092,#4787);
#4787 = DEFINITIONAL_REPRESENTATION('',(#4788),#4791);
#4788 = B_SPLINE_CURVE_WITH_KNOTS('',1,(#4789,#4790),.UNSPECIFIED.,.F.,
  .F.,(2,2),(-5.999999999062E-07,3.3000006),.PIECEWISE_BEZIER_KNOTS.);
#4789 = CARTESIAN_POINT('',(50.052885682977,0.2000006));
#4790 = CARTESIAN_POINT('',(50.052885682977,-3.1000006));
#4791 = ( GEOMETRIC_REPRESENTATION_CONTEXT(2) 
PARAMETRIC_REPRESENTATION_CONTEXT() REPRESENTATION_CONTEXT('2D SPACE',''
  ) );
#4792 = ORIENTED_EDGE('',*,*,#1047,.F.);
#4793 = ADVANCED_FACE('',(#4794),#1153,.T.);
#4794 = FACE_BOUND('',#4795,.T.);
#4795 = EDGE_LOOP('',(#4796,#4797,#4798,#4821));
#4796 = ORIENTED_EDGE('',*,*,#1137,.F.);
#4797 = ORIENTED_EDGE('',*,*,#4670,.T.);
#4798 = ORIENTED_EDGE('',*,*,#4799,.T.);
#4799 = EDGE_CURVE('',#4671,#4800,#4802,.T.);
#4800 = VERTEX_POINT('',#4801);
#4801 = CARTESIAN_POINT('',(117.999999998,-31.,20.41));
#4802 = SURFACE_CURVE('',#4803,(#4807,#4814),.PCURVE_S1.);
#4803 = LINE('',#4804,#4805);
#4804 = CARTESIAN_POINT('',(117.99999999866,-64.,20.41));
#4805 = VECTOR('',#4806,1.);
#4806 = DIRECTION('',(-2.020352908541E-11,1.,0.));
#4807 = PCURVE('',#1153,#4808);
#4808 = DEFINITIONAL_REPRESENTATION('',(#4809),#4813);
#4809 = LINE('',#4810,#4811);
#4810 = CARTESIAN_POINT('',(9.947598300641E-14,-9.));
#4811 = VECTOR('',#4812,1.);
#4812 = DIRECTION('',(1.,0.));
#4813 = ( GEOMETRIC_REPRESENTATION_CONTEXT(2) 
PARAMETRIC_REPRESENTATION_CONTEXT() REPRESENTATION_CONTEXT('2D SPACE',''
  ) );
#4814 = PCURVE('',#3916,#4815);
#4815 = DEFINITIONAL_REPRESENTATION('',(#4816),#4820);
#4816 = LINE('',#4817,#4818);
#4817 = CARTESIAN_POINT('',(22.999999998667,-6.499999999813));
#4818 = VECTOR('',#4819,1.);
#4819 = DIRECTION('',(-2.020352908541E-11,1.));
#4820 = ( GEOMETRIC_REPRESENTATION_CONTEXT(2) 
PARAMETRIC_REPRESENTATION_CONTEXT() REPRESENTATION_CONTEXT('2D SPACE',''
  ) );
#4821 = ORIENTED_EDGE('',*,*,#4822,.F.);
#4822 = EDGE_CURVE('',#1105,#4800,#4823,.T.);
#4823 = SURFACE_CURVE('',#4824,(#4828,#4835),.PCURVE_S1.);
#4824 = LINE('',#4825,#4826);
#4825 = CARTESIAN_POINT('',(117.999999998,-31.,11.41));
#4826 = VECTOR('',#4827,1.);
#4827 = DIRECTION('',(0.,0.,1.));
#4828 = PCURVE('',#1153,#4829);
#4829 = DEFINITIONAL_REPRESENTATION('',(#4830),#4834);
#4830 = LINE('',#4831,#4832);
#4831 = CARTESIAN_POINT('',(33.,0.));
#4832 = VECTOR('',#4833,1.);
#4833 = DIRECTION('',(0.,-1.));
#4834 = ( GEOMETRIC_REPRESENTATION_CONTEXT(2) 
PARAMETRIC_REPRESENTATION_CONTEXT() REPRESENTATION_CONTEXT('2D SPACE',''
  ) );
#4835 = PCURVE('',#1125,#4836);
#4836 = DEFINITIONAL_REPRESENTATION('',(#4837),#4841);
#4837 = LINE('',#4838,#4839);
#4838 = CARTESIAN_POINT('',(-0.,0.));
#4839 = VECTOR('',#4840,1.);
#4840 = DIRECTION('',(-0.,-1.));
#4841 = ( GEOMETRIC_REPRESENTATION_CONTEXT(2) 
PARAMETRIC_REPRESENTATION_CONTEXT() REPRESENTATION_CONTEXT('2D SPACE',''
  ) );
#4842 = ADVANCED_FACE('',(#4843),#1092,.F.);
#4843 = FACE_BOUND('',#4844,.F.);
#4844 = EDGE_LOOP('',(#4845,#4868,#4889,#4910,#4911));
#4845 = ORIENTED_EDGE('',*,*,#4846,.F.);
#4846 = EDGE_CURVE('',#4847,#4751,#4849,.T.);
#4847 = VERTEX_POINT('',#4848);
#4848 = CARTESIAN_POINT('',(117.75,-42.,8.51));
#4849 = SURFACE_CURVE('',#4850,(#4854,#4861),.PCURVE_S1.);
#4850 = LINE('',#4851,#4852);
#4851 = CARTESIAN_POINT('',(117.75,-32.99999999999,8.51));
#4852 = VECTOR('',#4853,1.);
#4853 = DIRECTION('',(0.,1.,0.));
#4854 = PCURVE('',#1092,#4855);
#4855 = DEFINITIONAL_REPRESENTATION('',(#4856),#4860);
#4856 = LINE('',#4857,#4858);
#4857 = CARTESIAN_POINT('',(38.950000000014,0.));
#4858 = VECTOR('',#4859,1.);
#4859 = DIRECTION('',(1.,0.));
#4860 = ( GEOMETRIC_REPRESENTATION_CONTEXT(2) 
PARAMETRIC_REPRESENTATION_CONTEXT() REPRESENTATION_CONTEXT('2D SPACE',''
  ) );
#4861 = PCURVE('',#4609,#4862);
#4862 = DEFINITIONAL_REPRESENTATION('',(#4863),#4867);
#4863 = LINE('',#4864,#4865);
#4864 = CARTESIAN_POINT('',(59.05,3.274426347497E-09));
#4865 = VECTOR('',#4866,1.);
#4866 = DIRECTION('',(0.,1.));
#4867 = ( GEOMETRIC_REPRESENTATION_CONTEXT(2) 
PARAMETRIC_REPRESENTATION_CONTEXT() REPRESENTATION_CONTEXT('2D SPACE',''
  ) );
#4868 = ORIENTED_EDGE('',*,*,#4869,.F.);
#4869 = EDGE_CURVE('',#4870,#4847,#4872,.T.);
#4870 = VERTEX_POINT('',#4871);
#4871 = CARTESIAN_POINT('',(117.75,-42.,11.51));
#4872 = SURFACE_CURVE('',#4873,(#4877,#4883),.PCURVE_S1.);
#4873 = LINE('',#4874,#4875);
#4874 = CARTESIAN_POINT('',(117.75,-42.,8.41));
#4875 = VECTOR('',#4876,1.);
#4876 = DIRECTION('',(0.,0.,-1.));
#4877 = PCURVE('',#1092,#4878);
#4878 = DEFINITIONAL_REPRESENTATION('',(#4879),#4882);
#4879 = B_SPLINE_CURVE_WITH_KNOTS('',1,(#4880,#4881),.UNSPECIFIED.,.F.,
  .F.,(2,2),(-3.1,-1.E-01),.PIECEWISE_BEZIER_KNOTS.);
#4880 = CARTESIAN_POINT('',(29.950000000007,-3.));
#4881 = CARTESIAN_POINT('',(29.950000000007,0.));
#4882 = ( GEOMETRIC_REPRESENTATION_CONTEXT(2) 
PARAMETRIC_REPRESENTATION_CONTEXT() REPRESENTATION_CONTEXT('2D SPACE',''
  ) );
#4883 = PCURVE('',#4635,#4884);
#4884 = DEFINITIONAL_REPRESENTATION('',(#4885),#4888);
#4885 = B_SPLINE_CURVE_WITH_KNOTS('',1,(#4886,#4887),.UNSPECIFIED.,.F.,
  .F.,(2,2),(-3.1,-1.E-01),.PIECEWISE_BEZIER_KNOTS.);
#4886 = CARTESIAN_POINT('',(3.75,-3.2));
#4887 = CARTESIAN_POINT('',(3.75,-0.2));
#4888 = ( GEOMETRIC_REPRESENTATION_CONTEXT(2) 
PARAMETRIC_REPRESENTATION_CONTEXT() REPRESENTATION_CONTEXT('2D SPACE',''
  ) );
#4889 = ORIENTED_EDGE('',*,*,#4890,.T.);
#4890 = EDGE_CURVE('',#4870,#1077,#4891,.T.);
#4891 = SURFACE_CURVE('',#4892,(#4896,#4903),.PCURVE_S1.);
#4892 = LINE('',#4893,#4894);
#4893 = CARTESIAN_POINT('',(117.75,-32.99999999999,11.51));
#4894 = VECTOR('',#4895,1.);
#4895 = DIRECTION('',(0.,1.,0.));
#4896 = PCURVE('',#1092,#4897);
#4897 = DEFINITIONAL_REPRESENTATION('',(#4898),#4902);
#4898 = LINE('',#4899,#4900);
#4899 = CARTESIAN_POINT('',(38.950000000014,-3.));
#4900 = VECTOR('',#4901,1.);
#4901 = DIRECTION('',(1.,0.));
#4902 = ( GEOMETRIC_REPRESENTATION_CONTEXT(2) 
PARAMETRIC_REPRESENTATION_CONTEXT() REPRESENTATION_CONTEXT('2D SPACE',''
  ) );
#4903 = PCURVE('',#4442,#4904);
#4904 = DEFINITIONAL_REPRESENTATION('',(#4905),#4909);
#4905 = LINE('',#4906,#4907);
#4906 = CARTESIAN_POINT('',(59.05,3.274426347497E-09));
#4907 = VECTOR('',#4908,1.);
#4908 = DIRECTION('',(0.,1.));
#4909 = ( GEOMETRIC_REPRESENTATION_CONTEXT(2) 
PARAMETRIC_REPRESENTATION_CONTEXT() REPRESENTATION_CONTEXT('2D SPACE',''
  ) );
#4910 = ORIENTED_EDGE('',*,*,#1076,.T.);
#4911 = ORIENTED_EDGE('',*,*,#4774,.F.);
#4912 = ADVANCED_FACE('',(#4913),#1125,.F.);
#4913 = FACE_BOUND('',#4914,.T.);
#4914 = EDGE_LOOP('',(#4915,#4941,#4942,#4943,#4965));
#4915 = ORIENTED_EDGE('',*,*,#4916,.T.);
#4916 = EDGE_CURVE('',#4428,#1077,#4917,.T.);
#4917 = SURFACE_CURVE('',#4918,(#4923,#4930),.PCURVE_S1.);
#4918 = CIRCLE('',#4919,1.);
#4919 = AXIS2_PLACEMENT_3D('',#4920,#4921,#4922);
#4920 = CARTESIAN_POINT('',(116.99999999599,-31.,11.51));
#4921 = DIRECTION('',(0.,0.,-1.));
#4922 = DIRECTION('',(1.,0.,0.));
#4923 = PCURVE('',#1125,#4924);
#4924 = DEFINITIONAL_REPRESENTATION('',(#4925),#4929);
#4925 = LINE('',#4926,#4927);
#4926 = CARTESIAN_POINT('',(-6.28318530718,-1.E-01));
#4927 = VECTOR('',#4928,1.);
#4928 = DIRECTION('',(1.,-0.));
#4929 = ( GEOMETRIC_REPRESENTATION_CONTEXT(2) 
PARAMETRIC_REPRESENTATION_CONTEXT() REPRESENTATION_CONTEXT('2D SPACE',''
  ) );
#4930 = PCURVE('',#4442,#4931);
#4931 = DEFINITIONAL_REPRESENTATION('',(#4932),#4940);
#4932 = ( BOUNDED_CURVE() B_SPLINE_CURVE(2,(#4933,#4934,#4935,#4936,
#4937,#4938,#4939),.UNSPECIFIED.,.T.,.F.) B_SPLINE_CURVE_WITH_KNOTS((1,2
    ,2,2,2,1),(-2.094395102393,0.,2.094395102393,4.188790204786,
6.28318530718,8.377580409573),.UNSPECIFIED.) CURVE() 
GEOMETRIC_REPRESENTATION_ITEM() RATIONAL_B_SPLINE_CURVE((1.,0.5,1.,0.5,
1.,0.5,1.)) REPRESENTATION_ITEM('') );
#4933 = CARTESIAN_POINT('',(59.299999995999,2.000000003267));
#4934 = CARTESIAN_POINT('',(59.299999995999,0.267949195699));
#4935 = CARTESIAN_POINT('',(57.799999995999,1.133974599483));
#4936 = CARTESIAN_POINT('',(56.299999995999,2.000000003267));
#4937 = CARTESIAN_POINT('',(57.799999995999,2.866025407052));
#4938 = CARTESIAN_POINT('',(59.299999995999,3.732050810836));
#4939 = CARTESIAN_POINT('',(59.299999995999,2.000000003267));
#4940 = ( GEOMETRIC_REPRESENTATION_CONTEXT(2) 
PARAMETRIC_REPRESENTATION_CONTEXT() REPRESENTATION_CONTEXT('2D SPACE',''
  ) );
#4941 = ORIENTED_EDGE('',*,*,#1104,.T.);
#4942 = ORIENTED_EDGE('',*,*,#4822,.T.);
#4943 = ORIENTED_EDGE('',*,*,#4944,.T.);
#4944 = EDGE_CURVE('',#4800,#4457,#4945,.T.);
#4945 = SURFACE_CURVE('',#4946,(#4951,#4958),.PCURVE_S1.);
#4946 = CIRCLE('',#4947,1.);
#4947 = AXIS2_PLACEMENT_3D('',#4948,#4949,#4950);
#4948 = CARTESIAN_POINT('',(116.99999999599,-31.,20.41));
#4949 = DIRECTION('',(0.,0.,1.));
#4950 = DIRECTION('',(1.,0.,0.));
#4951 = PCURVE('',#1125,#4952);
#4952 = DEFINITIONAL_REPRESENTATION('',(#4953),#4957);
#4953 = LINE('',#4954,#4955);
#4954 = CARTESIAN_POINT('',(-0.,-9.));
#4955 = VECTOR('',#4956,1.);
#4956 = DIRECTION('',(-1.,0.));
#4957 = ( GEOMETRIC_REPRESENTATION_CONTEXT(2) 
PARAMETRIC_REPRESENTATION_CONTEXT() REPRESENTATION_CONTEXT('2D SPACE',''
  ) );
#4958 = PCURVE('',#3916,#4959);
#4959 = DEFINITIONAL_REPRESENTATION('',(#4960),#4964);
#4960 = CIRCLE('',#4961,1.);
#4961 = AXIS2_PLACEMENT_2D('',#4962,#4963);
#4962 = CARTESIAN_POINT('',(21.999999995999,26.500000000187));
#4963 = DIRECTION('',(1.,0.));
#4964 = ( GEOMETRIC_REPRESENTATION_CONTEXT(2) 
PARAMETRIC_REPRESENTATION_CONTEXT() REPRESENTATION_CONTEXT('2D SPACE',''
  ) );
#4965 = ORIENTED_EDGE('',*,*,#4479,.F.);
#4966 = ADVANCED_FACE('',(#4967),#1366,.T.);
#4967 = FACE_BOUND('',#4968,.T.);
#4968 = EDGE_LOOP('',(#4969,#4992,#4993,#5016));
#4969 = ORIENTED_EDGE('',*,*,#4970,.T.);
#4970 = EDGE_CURVE('',#4971,#1344,#4973,.T.);
#4971 = VERTEX_POINT('',#4972);
#4972 = CARTESIAN_POINT('',(7.24,-44.4,8.06));
#4973 = SURFACE_CURVE('',#4974,(#4978,#4985),.PCURVE_S1.);
#4974 = LINE('',#4975,#4976);
#4975 = CARTESIAN_POINT('',(7.24,-44.4,8.06));
#4976 = VECTOR('',#4977,1.);
#4977 = DIRECTION('',(0.,0.,1.));
#4978 = PCURVE('',#1366,#4979);
#4979 = DEFINITIONAL_REPRESENTATION('',(#4980),#4984);
#4980 = LINE('',#4981,#4982);
#4981 = CARTESIAN_POINT('',(4.712388980385,0.));
#4982 = VECTOR('',#4983,1.);
#4983 = DIRECTION('',(0.,-1.));
#4984 = ( GEOMETRIC_REPRESENTATION_CONTEXT(2) 
PARAMETRIC_REPRESENTATION_CONTEXT() REPRESENTATION_CONTEXT('2D SPACE',''
  ) );
#4985 = PCURVE('',#1575,#4986);
#4986 = DEFINITIONAL_REPRESENTATION('',(#4987),#4991);
#4987 = LINE('',#4988,#4989);
#4988 = CARTESIAN_POINT('',(0.,0.));
#4989 = VECTOR('',#4990,1.);
#4990 = DIRECTION('',(0.,-1.));
#4991 = ( GEOMETRIC_REPRESENTATION_CONTEXT(2) 
PARAMETRIC_REPRESENTATION_CONTEXT() REPRESENTATION_CONTEXT('2D SPACE',''
  ) );
#4992 = ORIENTED_EDGE('',*,*,#1343,.T.);
#4993 = ORIENTED_EDGE('',*,*,#4994,.F.);
#4994 = EDGE_CURVE('',#4995,#1346,#4997,.T.);
#4995 = VERTEX_POINT('',#4996);
#4996 = CARTESIAN_POINT('',(6.24,-43.4,8.06));
#4997 = SURFACE_CURVE('',#4998,(#5002,#5009),.PCURVE_S1.);
#4998 = LINE('',#4999,#5000);
#4999 = CARTESIAN_POINT('',(6.24,-43.4,8.06));
#5000 = VECTOR('',#5001,1.);
#5001 = DIRECTION('',(0.,0.,1.));
#5002 = PCURVE('',#1366,#5003);
#5003 = DEFINITIONAL_REPRESENTATION('',(#5004),#5008);
#5004 = LINE('',#5005,#5006);
#5005 = CARTESIAN_POINT('',(6.28318530718,0.));
#5006 = VECTOR('',#5007,1.);
#5007 = DIRECTION('',(0.,-1.));
#5008 = ( GEOMETRIC_REPRESENTATION_CONTEXT(2) 
PARAMETRIC_REPRESENTATION_CONTEXT() REPRESENTATION_CONTEXT('2D SPACE',''
  ) );
#5009 = PCURVE('',#1394,#5010);
#5010 = DEFINITIONAL_REPRESENTATION('',(#5011),#5015);
#5011 = LINE('',#5012,#5013);
#5012 = CARTESIAN_POINT('',(0.,0.));
#5013 = VECTOR('',#5014,1.);
#5014 = DIRECTION('',(0.,-1.));
#5015 = ( GEOMETRIC_REPRESENTATION_CONTEXT(2) 
PARAMETRIC_REPRESENTATION_CONTEXT() REPRESENTATION_CONTEXT('2D SPACE',''
  ) );
#5016 = ORIENTED_EDGE('',*,*,#5017,.F.);
#5017 = EDGE_CURVE('',#4971,#4995,#5018,.T.);
#5018 = SURFACE_CURVE('',#5019,(#5024,#5031),.PCURVE_S1.);
#5019 = CIRCLE('',#5020,1.);
#5020 = AXIS2_PLACEMENT_3D('',#5021,#5022,#5023);
#5021 = CARTESIAN_POINT('',(7.24,-43.4,8.06));
#5022 = DIRECTION('',(0.,0.,-1.));
#5023 = DIRECTION('',(-1.,0.,0.));
#5024 = PCURVE('',#1366,#5025);
#5025 = DEFINITIONAL_REPRESENTATION('',(#5026),#5030);
#5026 = LINE('',#5027,#5028);
#5027 = CARTESIAN_POINT('',(0.,0.));
#5028 = VECTOR('',#5029,1.);
#5029 = DIRECTION('',(1.,0.));
#5030 = ( GEOMETRIC_REPRESENTATION_CONTEXT(2) 
PARAMETRIC_REPRESENTATION_CONTEXT() REPRESENTATION_CONTEXT('2D SPACE',''
  ) );
#5031 = PCURVE('',#5032,#5037);
#5032 = PLANE('',#5033);
#5033 = AXIS2_PLACEMENT_3D('',#5034,#5035,#5036);
#5034 = CARTESIAN_POINT('',(31.04,-26.10000000024,8.06));
#5035 = DIRECTION('',(0.,0.,1.));
#5036 = DIRECTION('',(1.,0.,-0.));
#5037 = DEFINITIONAL_REPRESENTATION('',(#5038),#5046);
#5038 = ( BOUNDED_CURVE() B_SPLINE_CURVE(2,(#5039,#5040,#5041,#5042,
#5043,#5044,#5045),.UNSPECIFIED.,.T.,.F.) B_SPLINE_CURVE_WITH_KNOTS((1,2
    ,2,2,2,1),(-2.094395102393,0.,2.094395102393,4.188790204786,
6.28318530718,8.377580409573),.UNSPECIFIED.) CURVE() 
GEOMETRIC_REPRESENTATION_ITEM() RATIONAL_B_SPLINE_CURVE((1.,0.5,1.,0.5,
1.,0.5,1.)) REPRESENTATION_ITEM('') );
#5039 = CARTESIAN_POINT('',(-24.8,-17.29999999975));
#5040 = CARTESIAN_POINT('',(-24.8,-15.56794919219));
#5041 = CARTESIAN_POINT('',(-23.3,-16.43397459597));
#5042 = CARTESIAN_POINT('',(-21.8,-17.29999999975));
#5043 = CARTESIAN_POINT('',(-23.3,-18.16602540354));
#5044 = CARTESIAN_POINT('',(-24.8,-19.03205080732));
#5045 = CARTESIAN_POINT('',(-24.8,-17.29999999975));
#5046 = ( GEOMETRIC_REPRESENTATION_CONTEXT(2) 
PARAMETRIC_REPRESENTATION_CONTEXT() REPRESENTATION_CONTEXT('2D SPACE',''
  ) );
#5047 = ADVANCED_FACE('',(#5048),#1575,.F.);
#5048 = FACE_BOUND('',#5049,.F.);
#5049 = EDGE_LOOP('',(#5050,#5051,#5052,#5075));
#5050 = ORIENTED_EDGE('',*,*,#4970,.T.);
#5051 = ORIENTED_EDGE('',*,*,#1561,.T.);
#5052 = ORIENTED_EDGE('',*,*,#5053,.F.);
#5053 = EDGE_CURVE('',#5054,#1529,#5056,.T.);
#5054 = VERTEX_POINT('',#5055);
#5055 = CARTESIAN_POINT('',(54.84,-44.4,8.06));
#5056 = SURFACE_CURVE('',#5057,(#5061,#5068),.PCURVE_S1.);
#5057 = LINE('',#5058,#5059);
#5058 = CARTESIAN_POINT('',(54.84,-44.4,8.06));
#5059 = VECTOR('',#5060,1.);
#5060 = DIRECTION('',(0.,0.,1.));
#5061 = PCURVE('',#1575,#5062);
#5062 = DEFINITIONAL_REPRESENTATION('',(#5063),#5067);
#5063 = LINE('',#5064,#5065);
#5064 = CARTESIAN_POINT('',(47.6,0.));
#5065 = VECTOR('',#5066,1.);
#5066 = DIRECTION('',(0.,-1.));
#5067 = ( GEOMETRIC_REPRESENTATION_CONTEXT(2) 
PARAMETRIC_REPRESENTATION_CONTEXT() REPRESENTATION_CONTEXT('2D SPACE',''
  ) );
#5068 = PCURVE('',#1549,#5069);
#5069 = DEFINITIONAL_REPRESENTATION('',(#5070),#5074);
#5070 = LINE('',#5071,#5072);
#5071 = CARTESIAN_POINT('',(4.712388980385,0.));
#5072 = VECTOR('',#5073,1.);
#5073 = DIRECTION('',(0.,-1.));
#5074 = ( GEOMETRIC_REPRESENTATION_CONTEXT(2) 
PARAMETRIC_REPRESENTATION_CONTEXT() REPRESENTATION_CONTEXT('2D SPACE',''
  ) );
#5075 = ORIENTED_EDGE('',*,*,#5076,.F.);
#5076 = EDGE_CURVE('',#4971,#5054,#5077,.T.);
#5077 = SURFACE_CURVE('',#5078,(#5082,#5089),.PCURVE_S1.);
#5078 = LINE('',#5079,#5080);
#5079 = CARTESIAN_POINT('',(31.04,-44.39999999999,8.06));
#5080 = VECTOR('',#5081,1.);
#5081 = DIRECTION('',(1.,0.,0.));
#5082 = PCURVE('',#1575,#5083);
#5083 = DEFINITIONAL_REPRESENTATION('',(#5084),#5088);
#5084 = LINE('',#5085,#5086);
#5085 = CARTESIAN_POINT('',(23.8,0.));
#5086 = VECTOR('',#5087,1.);
#5087 = DIRECTION('',(1.,0.));
#5088 = ( GEOMETRIC_REPRESENTATION_CONTEXT(2) 
PARAMETRIC_REPRESENTATION_CONTEXT() REPRESENTATION_CONTEXT('2D SPACE',''
  ) );
#5089 = PCURVE('',#5032,#5090);
#5090 = DEFINITIONAL_REPRESENTATION('',(#5091),#5095);
#5091 = LINE('',#5092,#5093);
#5092 = CARTESIAN_POINT('',(-1.613812999762E-16,-18.29999999975));
#5093 = VECTOR('',#5094,1.);
#5094 = DIRECTION('',(1.,0.));
#5095 = ( GEOMETRIC_REPRESENTATION_CONTEXT(2) 
PARAMETRIC_REPRESENTATION_CONTEXT() REPRESENTATION_CONTEXT('2D SPACE',''
  ) );
#5096 = ADVANCED_FACE('',(#5097),#1394,.T.);
#5097 = FACE_BOUND('',#5098,.T.);
#5098 = EDGE_LOOP('',(#5099,#5100,#5101,#5124));
#5099 = ORIENTED_EDGE('',*,*,#4994,.T.);
#5100 = ORIENTED_EDGE('',*,*,#1378,.T.);
#5101 = ORIENTED_EDGE('',*,*,#5102,.F.);
#5102 = EDGE_CURVE('',#5103,#1379,#5105,.T.);
#5103 = VERTEX_POINT('',#5104);
#5104 = CARTESIAN_POINT('',(6.24,-8.800000001106,8.06));
#5105 = SURFACE_CURVE('',#5106,(#5110,#5117),.PCURVE_S1.);
#5106 = LINE('',#5107,#5108);
#5107 = CARTESIAN_POINT('',(6.24,-8.800000001106,8.06));
#5108 = VECTOR('',#5109,1.);
#5109 = DIRECTION('',(0.,0.,1.));
#5110 = PCURVE('',#1394,#5111);
#5111 = DEFINITIONAL_REPRESENTATION('',(#5112),#5116);
#5112 = LINE('',#5113,#5114);
#5113 = CARTESIAN_POINT('',(34.599999998896,0.));
#5114 = VECTOR('',#5115,1.);
#5115 = DIRECTION('',(0.,-1.));
#5116 = ( GEOMETRIC_REPRESENTATION_CONTEXT(2) 
PARAMETRIC_REPRESENTATION_CONTEXT() REPRESENTATION_CONTEXT('2D SPACE',''
  ) );
#5117 = PCURVE('',#1427,#5118);
#5118 = DEFINITIONAL_REPRESENTATION('',(#5119),#5123);
#5119 = LINE('',#5120,#5121);
#5120 = CARTESIAN_POINT('',(0.,0.));
#5121 = VECTOR('',#5122,1.);
#5122 = DIRECTION('',(0.,-1.));
#5123 = ( GEOMETRIC_REPRESENTATION_CONTEXT(2) 
PARAMETRIC_REPRESENTATION_CONTEXT() REPRESENTATION_CONTEXT('2D SPACE',''
  ) );
#5124 = ORIENTED_EDGE('',*,*,#5125,.F.);
#5125 = EDGE_CURVE('',#4995,#5103,#5126,.T.);
#5126 = SURFACE_CURVE('',#5127,(#5131,#5138),.PCURVE_S1.);
#5127 = LINE('',#5128,#5129);
#5128 = CARTESIAN_POINT('',(6.24,-26.09999999999,8.06));
#5129 = VECTOR('',#5130,1.);
#5130 = DIRECTION('',(0.,1.,0.));
#5131 = PCURVE('',#1394,#5132);
#5132 = DEFINITIONAL_REPRESENTATION('',(#5133),#5137);
#5133 = LINE('',#5134,#5135);
#5134 = CARTESIAN_POINT('',(17.300000000004,0.));
#5135 = VECTOR('',#5136,1.);
#5136 = DIRECTION('',(1.,0.));
#5137 = ( GEOMETRIC_REPRESENTATION_CONTEXT(2) 
PARAMETRIC_REPRESENTATION_CONTEXT() REPRESENTATION_CONTEXT('2D SPACE',''
  ) );
#5138 = PCURVE('',#5032,#5139);
#5139 = DEFINITIONAL_REPRESENTATION('',(#5140),#5144);
#5140 = LINE('',#5141,#5142);
#5141 = CARTESIAN_POINT('',(-24.8,2.458517238612E-10));
#5142 = VECTOR('',#5143,1.);
#5143 = DIRECTION('',(0.,1.));
#5144 = ( GEOMETRIC_REPRESENTATION_CONTEXT(2) 
PARAMETRIC_REPRESENTATION_CONTEXT() REPRESENTATION_CONTEXT('2D SPACE',''
  ) );
#5145 = ADVANCED_FACE('',(#5146),#1549,.T.);
#5146 = FACE_BOUND('',#5147,.T.);
#5147 = EDGE_LOOP('',(#5148,#5171,#5172,#5173));
#5148 = ORIENTED_EDGE('',*,*,#5149,.T.);
#5149 = EDGE_CURVE('',#5150,#1501,#5152,.T.);
#5150 = VERTEX_POINT('',#5151);
#5151 = CARTESIAN_POINT('',(55.84,-43.4,8.06));
#5152 = SURFACE_CURVE('',#5153,(#5157,#5164),.PCURVE_S1.);
#5153 = LINE('',#5154,#5155);
#5154 = CARTESIAN_POINT('',(55.84,-43.4,8.06));
#5155 = VECTOR('',#5156,1.);
#5156 = DIRECTION('',(0.,0.,1.));
#5157 = PCURVE('',#1549,#5158);
#5158 = DEFINITIONAL_REPRESENTATION('',(#5159),#5163);
#5159 = LINE('',#5160,#5161);
#5160 = CARTESIAN_POINT('',(3.14159265359,0.));
#5161 = VECTOR('',#5162,1.);
#5162 = DIRECTION('',(0.,-1.));
#5163 = ( GEOMETRIC_REPRESENTATION_CONTEXT(2) 
PARAMETRIC_REPRESENTATION_CONTEXT() REPRESENTATION_CONTEXT('2D SPACE',''
  ) );
#5164 = PCURVE('',#1516,#5165);
#5165 = DEFINITIONAL_REPRESENTATION('',(#5166),#5170);
#5166 = LINE('',#5167,#5168);
#5167 = CARTESIAN_POINT('',(0.,0.));
#5168 = VECTOR('',#5169,1.);
#5169 = DIRECTION('',(0.,-1.));
#5170 = ( GEOMETRIC_REPRESENTATION_CONTEXT(2) 
PARAMETRIC_REPRESENTATION_CONTEXT() REPRESENTATION_CONTEXT('2D SPACE',''
  ) );
#5171 = ORIENTED_EDGE('',*,*,#1528,.T.);
#5172 = ORIENTED_EDGE('',*,*,#5053,.F.);
#5173 = ORIENTED_EDGE('',*,*,#5174,.F.);
#5174 = EDGE_CURVE('',#5150,#5054,#5175,.T.);
#5175 = SURFACE_CURVE('',#5176,(#5181,#5188),.PCURVE_S1.);
#5176 = CIRCLE('',#5177,1.);
#5177 = AXIS2_PLACEMENT_3D('',#5178,#5179,#5180);
#5178 = CARTESIAN_POINT('',(54.84,-43.4,8.06));
#5179 = DIRECTION('',(0.,0.,-1.));
#5180 = DIRECTION('',(-1.,0.,0.));
#5181 = PCURVE('',#1549,#5182);
#5182 = DEFINITIONAL_REPRESENTATION('',(#5183),#5187);
#5183 = LINE('',#5184,#5185);
#5184 = CARTESIAN_POINT('',(0.,0.));
#5185 = VECTOR('',#5186,1.);
#5186 = DIRECTION('',(1.,0.));
#5187 = ( GEOMETRIC_REPRESENTATION_CONTEXT(2) 
PARAMETRIC_REPRESENTATION_CONTEXT() REPRESENTATION_CONTEXT('2D SPACE',''
  ) );
#5188 = PCURVE('',#5032,#5189);
#5189 = DEFINITIONAL_REPRESENTATION('',(#5190),#5198);
#5190 = ( BOUNDED_CURVE() B_SPLINE_CURVE(2,(#5191,#5192,#5193,#5194,
#5195,#5196,#5197),.UNSPECIFIED.,.T.,.F.) B_SPLINE_CURVE_WITH_KNOTS((1,2
    ,2,2,2,1),(-2.094395102393,0.,2.094395102393,4.188790204786,
6.28318530718,8.377580409573),.UNSPECIFIED.) CURVE() 
GEOMETRIC_REPRESENTATION_ITEM() RATIONAL_B_SPLINE_CURVE((1.,0.5,1.,0.5,
1.,0.5,1.)) REPRESENTATION_ITEM('') );
#5191 = CARTESIAN_POINT('',(22.8,-17.29999999975));
#5192 = CARTESIAN_POINT('',(22.8,-15.56794919219));
#5193 = CARTESIAN_POINT('',(24.3,-16.43397459597));
#5194 = CARTESIAN_POINT('',(25.8,-17.29999999975));
#5195 = CARTESIAN_POINT('',(24.3,-18.16602540354));
#5196 = CARTESIAN_POINT('',(22.8,-19.03205080732));
#5197 = CARTESIAN_POINT('',(22.8,-17.29999999975));
#5198 = ( GEOMETRIC_REPRESENTATION_CONTEXT(2) 
PARAMETRIC_REPRESENTATION_CONTEXT() REPRESENTATION_CONTEXT('2D SPACE',''
  ) );
#5199 = ADVANCED_FACE('',(#5200),#1427,.T.);
#5200 = FACE_BOUND('',#5201,.T.);
#5201 = EDGE_LOOP('',(#5202,#5203,#5204,#5227));
#5202 = ORIENTED_EDGE('',*,*,#5102,.T.);
#5203 = ORIENTED_EDGE('',*,*,#1406,.T.);
#5204 = ORIENTED_EDGE('',*,*,#5205,.F.);
#5205 = EDGE_CURVE('',#5206,#1407,#5208,.T.);
#5206 = VERTEX_POINT('',#5207);
#5207 = CARTESIAN_POINT('',(7.24,-7.800000000552,8.06));
#5208 = SURFACE_CURVE('',#5209,(#5213,#5220),.PCURVE_S1.);
#5209 = LINE('',#5210,#5211);
#5210 = CARTESIAN_POINT('',(7.24,-7.800000000552,8.06));
#5211 = VECTOR('',#5212,1.);
#5212 = DIRECTION('',(0.,0.,1.));
#5213 = PCURVE('',#1427,#5214);
#5214 = DEFINITIONAL_REPRESENTATION('',(#5215),#5219);
#5215 = LINE('',#5216,#5217);
#5216 = CARTESIAN_POINT('',(1.570796326795,0.));
#5217 = VECTOR('',#5218,1.);
#5218 = DIRECTION('',(0.,-1.));
#5219 = ( GEOMETRIC_REPRESENTATION_CONTEXT(2) 
PARAMETRIC_REPRESENTATION_CONTEXT() REPRESENTATION_CONTEXT('2D SPACE',''
  ) );
#5220 = PCURVE('',#1455,#5221);
#5221 = DEFINITIONAL_REPRESENTATION('',(#5222),#5226);
#5222 = LINE('',#5223,#5224);
#5223 = CARTESIAN_POINT('',(0.,0.));
#5224 = VECTOR('',#5225,1.);
#5225 = DIRECTION('',(0.,-1.));
#5226 = ( GEOMETRIC_REPRESENTATION_CONTEXT(2) 
PARAMETRIC_REPRESENTATION_CONTEXT() REPRESENTATION_CONTEXT('2D SPACE',''
  ) );
#5227 = ORIENTED_EDGE('',*,*,#5228,.F.);
#5228 = EDGE_CURVE('',#5103,#5206,#5229,.T.);
#5229 = SURFACE_CURVE('',#5230,(#5235,#5242),.PCURVE_S1.);
#5230 = CIRCLE('',#5231,1.);
#5231 = AXIS2_PLACEMENT_3D('',#5232,#5233,#5234);
#5232 = CARTESIAN_POINT('',(7.24,-8.800000001106,8.06));
#5233 = DIRECTION('',(0.,0.,-1.));
#5234 = DIRECTION('',(-1.,0.,0.));
#5235 = PCURVE('',#1427,#5236);
#5236 = DEFINITIONAL_REPRESENTATION('',(#5237),#5241);
#5237 = LINE('',#5238,#5239);
#5238 = CARTESIAN_POINT('',(0.,0.));
#5239 = VECTOR('',#5240,1.);
#5240 = DIRECTION('',(1.,0.));
#5241 = ( GEOMETRIC_REPRESENTATION_CONTEXT(2) 
PARAMETRIC_REPRESENTATION_CONTEXT() REPRESENTATION_CONTEXT('2D SPACE',''
  ) );
#5242 = PCURVE('',#5032,#5243);
#5243 = DEFINITIONAL_REPRESENTATION('',(#5244),#5252);
#5244 = ( BOUNDED_CURVE() B_SPLINE_CURVE(2,(#5245,#5246,#5247,#5248,
#5249,#5250,#5251),.UNSPECIFIED.,.T.,.F.) B_SPLINE_CURVE_WITH_KNOTS((1,2
    ,2,2,2,1),(-2.094395102393,0.,2.094395102393,4.188790204786,
6.28318530718,8.377580409573),.UNSPECIFIED.) CURVE() 
GEOMETRIC_REPRESENTATION_ITEM() RATIONAL_B_SPLINE_CURVE((1.,0.5,1.,0.5,
1.,0.5,1.)) REPRESENTATION_ITEM('') );
#5245 = CARTESIAN_POINT('',(-24.8,17.299999999138));
#5246 = CARTESIAN_POINT('',(-24.8,19.032050806707));
#5247 = CARTESIAN_POINT('',(-23.3,18.166025402922));
#5248 = CARTESIAN_POINT('',(-21.8,17.299999999138));
#5249 = CARTESIAN_POINT('',(-23.3,16.433974595353));
#5250 = CARTESIAN_POINT('',(-24.8,15.567949191569));
#5251 = CARTESIAN_POINT('',(-24.8,17.299999999138));
#5252 = ( GEOMETRIC_REPRESENTATION_CONTEXT(2) 
PARAMETRIC_REPRESENTATION_CONTEXT() REPRESENTATION_CONTEXT('2D SPACE',''
  ) );
#5253 = ADVANCED_FACE('',(#5254),#1516,.F.);
#5254 = FACE_BOUND('',#5255,.F.);
#5255 = EDGE_LOOP('',(#5256,#5257,#5258,#5281));
#5256 = ORIENTED_EDGE('',*,*,#5149,.T.);
#5257 = ORIENTED_EDGE('',*,*,#1500,.T.);
#5258 = ORIENTED_EDGE('',*,*,#5259,.F.);
#5259 = EDGE_CURVE('',#5260,#1468,#5262,.T.);
#5260 = VERTEX_POINT('',#5261);
#5261 = CARTESIAN_POINT('',(55.84,-8.800000001106,8.06));
#5262 = SURFACE_CURVE('',#5263,(#5267,#5274),.PCURVE_S1.);
#5263 = LINE('',#5264,#5265);
#5264 = CARTESIAN_POINT('',(55.84,-8.800000001106,8.06));
#5265 = VECTOR('',#5266,1.);
#5266 = DIRECTION('',(0.,0.,1.));
#5267 = PCURVE('',#1516,#5268);
#5268 = DEFINITIONAL_REPRESENTATION('',(#5269),#5273);
#5269 = LINE('',#5270,#5271);
#5270 = CARTESIAN_POINT('',(34.599999998896,0.));
#5271 = VECTOR('',#5272,1.);
#5272 = DIRECTION('',(0.,-1.));
#5273 = ( GEOMETRIC_REPRESENTATION_CONTEXT(2) 
PARAMETRIC_REPRESENTATION_CONTEXT() REPRESENTATION_CONTEXT('2D SPACE',''
  ) );
#5274 = PCURVE('',#1488,#5275);
#5275 = DEFINITIONAL_REPRESENTATION('',(#5276),#5280);
#5276 = LINE('',#5277,#5278);
#5277 = CARTESIAN_POINT('',(3.14159265359,0.));
#5278 = VECTOR('',#5279,1.);
#5279 = DIRECTION('',(0.,-1.));
#5280 = ( GEOMETRIC_REPRESENTATION_CONTEXT(2) 
PARAMETRIC_REPRESENTATION_CONTEXT() REPRESENTATION_CONTEXT('2D SPACE',''
  ) );
#5281 = ORIENTED_EDGE('',*,*,#5282,.F.);
#5282 = EDGE_CURVE('',#5150,#5260,#5283,.T.);
#5283 = SURFACE_CURVE('',#5284,(#5288,#5295),.PCURVE_S1.);
#5284 = LINE('',#5285,#5286);
#5285 = CARTESIAN_POINT('',(55.84,-26.09999999999,8.06));
#5286 = VECTOR('',#5287,1.);
#5287 = DIRECTION('',(0.,1.,0.));
#5288 = PCURVE('',#1516,#5289);
#5289 = DEFINITIONAL_REPRESENTATION('',(#5290),#5294);
#5290 = LINE('',#5291,#5292);
#5291 = CARTESIAN_POINT('',(17.300000000004,0.));
#5292 = VECTOR('',#5293,1.);
#5293 = DIRECTION('',(1.,0.));
#5294 = ( GEOMETRIC_REPRESENTATION_CONTEXT(2) 
PARAMETRIC_REPRESENTATION_CONTEXT() REPRESENTATION_CONTEXT('2D SPACE',''
  ) );
#5295 = PCURVE('',#5032,#5296);
#5296 = DEFINITIONAL_REPRESENTATION('',(#5297),#5301);
#5297 = LINE('',#5298,#5299);
#5298 = CARTESIAN_POINT('',(24.8,2.458517238612E-10));
#5299 = VECTOR('',#5300,1.);
#5300 = DIRECTION('',(0.,1.));
#5301 = ( GEOMETRIC_REPRESENTATION_CONTEXT(2) 
PARAMETRIC_REPRESENTATION_CONTEXT() REPRESENTATION_CONTEXT('2D SPACE',''
  ) );
#5302 = ADVANCED_FACE('',(#5303),#1455,.T.);
#5303 = FACE_BOUND('',#5304,.T.);
#5304 = EDGE_LOOP('',(#5305,#5306,#5307,#5330));
#5305 = ORIENTED_EDGE('',*,*,#5205,.T.);
#5306 = ORIENTED_EDGE('',*,*,#1439,.T.);
#5307 = ORIENTED_EDGE('',*,*,#5308,.F.);
#5308 = EDGE_CURVE('',#5309,#1440,#5311,.T.);
#5309 = VERTEX_POINT('',#5310);
#5310 = CARTESIAN_POINT('',(54.84,-7.800000000552,8.06));
#5311 = SURFACE_CURVE('',#5312,(#5316,#5323),.PCURVE_S1.);
#5312 = LINE('',#5313,#5314);
#5313 = CARTESIAN_POINT('',(54.84,-7.800000000552,8.06));
#5314 = VECTOR('',#5315,1.);
#5315 = DIRECTION('',(0.,0.,1.));
#5316 = PCURVE('',#1455,#5317);
#5317 = DEFINITIONAL_REPRESENTATION('',(#5318),#5322);
#5318 = LINE('',#5319,#5320);
#5319 = CARTESIAN_POINT('',(47.6,0.));
#5320 = VECTOR('',#5321,1.);
#5321 = DIRECTION('',(0.,-1.));
#5322 = ( GEOMETRIC_REPRESENTATION_CONTEXT(2) 
PARAMETRIC_REPRESENTATION_CONTEXT() REPRESENTATION_CONTEXT('2D SPACE',''
  ) );
#5323 = PCURVE('',#1488,#5324);
#5324 = DEFINITIONAL_REPRESENTATION('',(#5325),#5329);
#5325 = LINE('',#5326,#5327);
#5326 = CARTESIAN_POINT('',(1.570796326795,0.));
#5327 = VECTOR('',#5328,1.);
#5328 = DIRECTION('',(0.,-1.));
#5329 = ( GEOMETRIC_REPRESENTATION_CONTEXT(2) 
PARAMETRIC_REPRESENTATION_CONTEXT() REPRESENTATION_CONTEXT('2D SPACE',''
  ) );
#5330 = ORIENTED_EDGE('',*,*,#5331,.F.);
#5331 = EDGE_CURVE('',#5206,#5309,#5332,.T.);
#5332 = SURFACE_CURVE('',#5333,(#5337,#5344),.PCURVE_S1.);
#5333 = LINE('',#5334,#5335);
#5334 = CARTESIAN_POINT('',(31.04,-7.799999999998,8.06));
#5335 = VECTOR('',#5336,1.);
#5336 = DIRECTION('',(1.,0.,0.));
#5337 = PCURVE('',#1455,#5338);
#5338 = DEFINITIONAL_REPRESENTATION('',(#5339),#5343);
#5339 = LINE('',#5340,#5341);
#5340 = CARTESIAN_POINT('',(23.8,0.));
#5341 = VECTOR('',#5342,1.);
#5342 = DIRECTION('',(1.,0.));
#5343 = ( GEOMETRIC_REPRESENTATION_CONTEXT(2) 
PARAMETRIC_REPRESENTATION_CONTEXT() REPRESENTATION_CONTEXT('2D SPACE',''
  ) );
#5344 = PCURVE('',#5032,#5345);
#5345 = DEFINITIONAL_REPRESENTATION('',(#5346),#5350);
#5346 = LINE('',#5347,#5348);
#5347 = CARTESIAN_POINT('',(-1.613812999762E-16,18.300000000246));
#5348 = VECTOR('',#5349,1.);
#5349 = DIRECTION('',(1.,0.));
#5350 = ( GEOMETRIC_REPRESENTATION_CONTEXT(2) 
PARAMETRIC_REPRESENTATION_CONTEXT() REPRESENTATION_CONTEXT('2D SPACE',''
  ) );
#5351 = ADVANCED_FACE('',(#5352),#1488,.T.);
#5352 = FACE_BOUND('',#5353,.T.);
#5353 = EDGE_LOOP('',(#5354,#5355,#5356,#5357));
#5354 = ORIENTED_EDGE('',*,*,#5308,.T.);
#5355 = ORIENTED_EDGE('',*,*,#1467,.T.);
#5356 = ORIENTED_EDGE('',*,*,#5259,.F.);
#5357 = ORIENTED_EDGE('',*,*,#5358,.F.);
#5358 = EDGE_CURVE('',#5309,#5260,#5359,.T.);
#5359 = SURFACE_CURVE('',#5360,(#5365,#5372),.PCURVE_S1.);
#5360 = CIRCLE('',#5361,1.);
#5361 = AXIS2_PLACEMENT_3D('',#5362,#5363,#5364);
#5362 = CARTESIAN_POINT('',(54.84,-8.800000001106,8.06));
#5363 = DIRECTION('',(0.,0.,-1.));
#5364 = DIRECTION('',(-1.,0.,0.));
#5365 = PCURVE('',#1488,#5366);
#5366 = DEFINITIONAL_REPRESENTATION('',(#5367),#5371);
#5367 = LINE('',#5368,#5369);
#5368 = CARTESIAN_POINT('',(0.,0.));
#5369 = VECTOR('',#5370,1.);
#5370 = DIRECTION('',(1.,0.));
#5371 = ( GEOMETRIC_REPRESENTATION_CONTEXT(2) 
PARAMETRIC_REPRESENTATION_CONTEXT() REPRESENTATION_CONTEXT('2D SPACE',''
  ) );
#5372 = PCURVE('',#5032,#5373);
#5373 = DEFINITIONAL_REPRESENTATION('',(#5374),#5382);
#5374 = ( BOUNDED_CURVE() B_SPLINE_CURVE(2,(#5375,#5376,#5377,#5378,
#5379,#5380,#5381),.UNSPECIFIED.,.T.,.F.) B_SPLINE_CURVE_WITH_KNOTS((1,2
    ,2,2,2,1),(-2.094395102393,0.,2.094395102393,4.188790204786,
6.28318530718,8.377580409573),.UNSPECIFIED.) CURVE() 
GEOMETRIC_REPRESENTATION_ITEM() RATIONAL_B_SPLINE_CURVE((1.,0.5,1.,0.5,
1.,0.5,1.)) REPRESENTATION_ITEM('') );
#5375 = CARTESIAN_POINT('',(22.8,17.299999999138));
#5376 = CARTESIAN_POINT('',(22.8,19.032050806707));
#5377 = CARTESIAN_POINT('',(24.3,18.166025402922));
#5378 = CARTESIAN_POINT('',(25.8,17.299999999138));
#5379 = CARTESIAN_POINT('',(24.3,16.433974595353));
#5380 = CARTESIAN_POINT('',(22.8,15.567949191569));
#5381 = CARTESIAN_POINT('',(22.8,17.299999999138));
#5382 = ( GEOMETRIC_REPRESENTATION_CONTEXT(2) 
PARAMETRIC_REPRESENTATION_CONTEXT() REPRESENTATION_CONTEXT('2D SPACE',''
  ) );
#5383 = ADVANCED_FACE('',(#5384),#1606,.F.);
#5384 = FACE_BOUND('',#5385,.F.);
#5385 = EDGE_LOOP('',(#5386,#5410,#5431,#5432));
#5386 = ORIENTED_EDGE('',*,*,#5387,.F.);
#5387 = EDGE_CURVE('',#5388,#5388,#5390,.T.);
#5388 = VERTEX_POINT('',#5389);
#5389 = CARTESIAN_POINT('',(4.1,5.,12.31));
#5390 = SURFACE_CURVE('',#5391,(#5396,#5403),.PCURVE_S1.);
#5391 = CIRCLE('',#5392,1.7);
#5392 = AXIS2_PLACEMENT_3D('',#5393,#5394,#5395);
#5393 = CARTESIAN_POINT('',(2.4,5.,12.31));
#5394 = DIRECTION('',(0.,0.,1.));
#5395 = DIRECTION('',(1.,0.,-0.));
#5396 = PCURVE('',#1606,#5397);
#5397 = DEFINITIONAL_REPRESENTATION('',(#5398),#5402);
#5398 = LINE('',#5399,#5400);
#5399 = CARTESIAN_POINT('',(0.,1.));
#5400 = VECTOR('',#5401,1.);
#5401 = DIRECTION('',(1.,0.));
#5402 = ( GEOMETRIC_REPRESENTATION_CONTEXT(2) 
PARAMETRIC_REPRESENTATION_CONTEXT() REPRESENTATION_CONTEXT('2D SPACE',''
  ) );
#5403 = PCURVE('',#2858,#5404);
#5404 = DEFINITIONAL_REPRESENTATION('',(#5405),#5409);
#5405 = LINE('',#5406,#5407);
#5406 = CARTESIAN_POINT('',(0.,0.));
#5407 = VECTOR('',#5408,1.);
#5408 = DIRECTION('',(1.,0.));
#5409 = ( GEOMETRIC_REPRESENTATION_CONTEXT(2) 
PARAMETRIC_REPRESENTATION_CONTEXT() REPRESENTATION_CONTEXT('2D SPACE',''
  ) );
#5410 = ORIENTED_EDGE('',*,*,#5411,.F.);
#5411 = EDGE_CURVE('',#1590,#5388,#5412,.T.);
#5412 = SEAM_CURVE('',#5413,(#5417,#5424),.PCURVE_S1.);
#5413 = LINE('',#5414,#5415);
#5414 = CARTESIAN_POINT('',(4.1,5.,11.31));
#5415 = VECTOR('',#5416,1.);
#5416 = DIRECTION('',(0.,0.,1.));
#5417 = PCURVE('',#1606,#5418);
#5418 = DEFINITIONAL_REPRESENTATION('',(#5419),#5423);
#5419 = LINE('',#5420,#5421);
#5420 = CARTESIAN_POINT('',(6.28318530718,-0.));
#5421 = VECTOR('',#5422,1.);
#5422 = DIRECTION('',(0.,1.));
#5423 = ( GEOMETRIC_REPRESENTATION_CONTEXT(2) 
PARAMETRIC_REPRESENTATION_CONTEXT() REPRESENTATION_CONTEXT('2D SPACE',''
  ) );
#5424 = PCURVE('',#1606,#5425);
#5425 = DEFINITIONAL_REPRESENTATION('',(#5426),#5430);
#5426 = LINE('',#5427,#5428);
#5427 = CARTESIAN_POINT('',(0.,-0.));
#5428 = VECTOR('',#5429,1.);
#5429 = DIRECTION('',(0.,1.));
#5430 = ( GEOMETRIC_REPRESENTATION_CONTEXT(2) 
PARAMETRIC_REPRESENTATION_CONTEXT() REPRESENTATION_CONTEXT('2D SPACE',''
  ) );
#5431 = ORIENTED_EDGE('',*,*,#1589,.T.);
#5432 = ORIENTED_EDGE('',*,*,#5411,.T.);
#5433 = ADVANCED_FACE('',(#5434),#1637,.F.);
#5434 = FACE_BOUND('',#5435,.F.);
#5435 = EDGE_LOOP('',(#5436,#5437,#5458,#5459));
#5436 = ORIENTED_EDGE('',*,*,#2872,.F.);
#5437 = ORIENTED_EDGE('',*,*,#5438,.F.);
#5438 = EDGE_CURVE('',#1621,#2873,#5439,.T.);
#5439 = SEAM_CURVE('',#5440,(#5444,#5451),.PCURVE_S1.);
#5440 = LINE('',#5441,#5442);
#5441 = CARTESIAN_POINT('',(64.8,-13.8,11.41));
#5442 = VECTOR('',#5443,1.);
#5443 = DIRECTION('',(0.,0.,1.));
#5444 = PCURVE('',#1637,#5445);
#5445 = DEFINITIONAL_REPRESENTATION('',(#5446),#5450);
#5446 = LINE('',#5447,#5448);
#5447 = CARTESIAN_POINT('',(6.28318530718,-0.));
#5448 = VECTOR('',#5449,1.);
#5449 = DIRECTION('',(0.,1.));
#5450 = ( GEOMETRIC_REPRESENTATION_CONTEXT(2) 
PARAMETRIC_REPRESENTATION_CONTEXT() REPRESENTATION_CONTEXT('2D SPACE',''
  ) );
#5451 = PCURVE('',#1637,#5452);
#5452 = DEFINITIONAL_REPRESENTATION('',(#5453),#5457);
#5453 = LINE('',#5454,#5455);
#5454 = CARTESIAN_POINT('',(0.,-0.));
#5455 = VECTOR('',#5456,1.);
#5456 = DIRECTION('',(0.,1.));
#5457 = ( GEOMETRIC_REPRESENTATION_CONTEXT(2) 
PARAMETRIC_REPRESENTATION_CONTEXT() REPRESENTATION_CONTEXT('2D SPACE',''
  ) );
#5458 = ORIENTED_EDGE('',*,*,#1620,.T.);
#5459 = ORIENTED_EDGE('',*,*,#5438,.T.);
#5460 = ADVANCED_FACE('',(#5461),#1668,.F.);
#5461 = FACE_BOUND('',#5462,.F.);
#5462 = EDGE_LOOP('',(#5463,#5487,#5508,#5509));
#5463 = ORIENTED_EDGE('',*,*,#5464,.F.);
#5464 = EDGE_CURVE('',#5465,#5465,#5467,.T.);
#5465 = VERTEX_POINT('',#5466);
#5466 = CARTESIAN_POINT('',(117.2,-18.,12.31));
#5467 = SURFACE_CURVE('',#5468,(#5473,#5480),.PCURVE_S1.);
#5468 = CIRCLE('',#5469,1.7);
#5469 = AXIS2_PLACEMENT_3D('',#5470,#5471,#5472);
#5470 = CARTESIAN_POINT('',(115.5,-18.,12.31));
#5471 = DIRECTION('',(0.,0.,1.));
#5472 = DIRECTION('',(1.,0.,-0.));
#5473 = PCURVE('',#1668,#5474);
#5474 = DEFINITIONAL_REPRESENTATION('',(#5475),#5479);
#5475 = LINE('',#5476,#5477);
#5476 = CARTESIAN_POINT('',(0.,1.));
#5477 = VECTOR('',#5478,1.);
#5478 = DIRECTION('',(1.,0.));
#5479 = ( GEOMETRIC_REPRESENTATION_CONTEXT(2) 
PARAMETRIC_REPRESENTATION_CONTEXT() REPRESENTATION_CONTEXT('2D SPACE',''
  ) );
#5480 = PCURVE('',#2915,#5481);
#5481 = DEFINITIONAL_REPRESENTATION('',(#5482),#5486);
#5482 = LINE('',#5483,#5484);
#5483 = CARTESIAN_POINT('',(0.,0.));
#5484 = VECTOR('',#5485,1.);
#5485 = DIRECTION('',(1.,0.));
#5486 = ( GEOMETRIC_REPRESENTATION_CONTEXT(2) 
PARAMETRIC_REPRESENTATION_CONTEXT() REPRESENTATION_CONTEXT('2D SPACE',''
  ) );
#5487 = ORIENTED_EDGE('',*,*,#5488,.F.);
#5488 = EDGE_CURVE('',#1652,#5465,#5489,.T.);
#5489 = SEAM_CURVE('',#5490,(#5494,#5501),.PCURVE_S1.);
#5490 = LINE('',#5491,#5492);
#5491 = CARTESIAN_POINT('',(117.2,-18.,11.31));
#5492 = VECTOR('',#5493,1.);
#5493 = DIRECTION('',(0.,0.,1.));
#5494 = PCURVE('',#1668,#5495);
#5495 = DEFINITIONAL_REPRESENTATION('',(#5496),#5500);
#5496 = LINE('',#5497,#5498);
#5497 = CARTESIAN_POINT('',(6.28318530718,-0.));
#5498 = VECTOR('',#5499,1.);
#5499 = DIRECTION('',(0.,1.));
#5500 = ( GEOMETRIC_REPRESENTATION_CONTEXT(2) 
PARAMETRIC_REPRESENTATION_CONTEXT() REPRESENTATION_CONTEXT('2D SPACE',''
  ) );
#5501 = PCURVE('',#1668,#5502);
#5502 = DEFINITIONAL_REPRESENTATION('',(#5503),#5507);
#5503 = LINE('',#5504,#5505);
#5504 = CARTESIAN_POINT('',(0.,-0.));
#5505 = VECTOR('',#5506,1.);
#5506 = DIRECTION('',(0.,1.));
#5507 = ( GEOMETRIC_REPRESENTATION_CONTEXT(2) 
PARAMETRIC_REPRESENTATION_CONTEXT() REPRESENTATION_CONTEXT('2D SPACE',''
  ) );
#5508 = ORIENTED_EDGE('',*,*,#1651,.T.);
#5509 = ORIENTED_EDGE('',*,*,#5488,.T.);
#5510 = ADVANCED_FACE('',(#5511),#1699,.F.);
#5511 = FACE_BOUND('',#5512,.F.);
#5512 = EDGE_LOOP('',(#5513,#5514,#5535,#5536));
#5513 = ORIENTED_EDGE('',*,*,#2929,.F.);
#5514 = ORIENTED_EDGE('',*,*,#5515,.F.);
#5515 = EDGE_CURVE('',#1683,#2930,#5516,.T.);
#5516 = SEAM_CURVE('',#5517,(#5521,#5528),.PCURVE_S1.);
#5517 = LINE('',#5518,#5519);
#5518 = CARTESIAN_POINT('',(64.8,-10.8,11.41));
#5519 = VECTOR('',#5520,1.);
#5520 = DIRECTION('',(0.,0.,1.));
#5521 = PCURVE('',#1699,#5522);
#5522 = DEFINITIONAL_REPRESENTATION('',(#5523),#5527);
#5523 = LINE('',#5524,#5525);
#5524 = CARTESIAN_POINT('',(6.28318530718,-0.));
#5525 = VECTOR('',#5526,1.);
#5526 = DIRECTION('',(0.,1.));
#5527 = ( GEOMETRIC_REPRESENTATION_CONTEXT(2) 
PARAMETRIC_REPRESENTATION_CONTEXT() REPRESENTATION_CONTEXT('2D SPACE',''
  ) );
#5528 = PCURVE('',#1699,#5529);
#5529 = DEFINITIONAL_REPRESENTATION('',(#5530),#5534);
#5530 = LINE('',#5531,#5532);
#5531 = CARTESIAN_POINT('',(0.,-0.));
#5532 = VECTOR('',#5533,1.);
#5533 = DIRECTION('',(0.,1.));
#5534 = ( GEOMETRIC_REPRESENTATION_CONTEXT(2) 
PARAMETRIC_REPRESENTATION_CONTEXT() REPRESENTATION_CONTEXT('2D SPACE',''
  ) );
#5535 = ORIENTED_EDGE('',*,*,#1682,.T.);
#5536 = ORIENTED_EDGE('',*,*,#5515,.T.);
#5537 = ADVANCED_FACE('',(#5538),#1730,.F.);
#5538 = FACE_BOUND('',#5539,.F.);
#5539 = EDGE_LOOP('',(#5540,#5541,#5562,#5563));
#5540 = ORIENTED_EDGE('',*,*,#2955,.F.);
#5541 = ORIENTED_EDGE('',*,*,#5542,.F.);
#5542 = EDGE_CURVE('',#1714,#2956,#5543,.T.);
#5543 = SEAM_CURVE('',#5544,(#5548,#5555),.PCURVE_S1.);
#5544 = LINE('',#5545,#5546);
#5545 = CARTESIAN_POINT('',(64.8,-7.8,11.41));
#5546 = VECTOR('',#5547,1.);
#5547 = DIRECTION('',(0.,0.,1.));
#5548 = PCURVE('',#1730,#5549);
#5549 = DEFINITIONAL_REPRESENTATION('',(#5550),#5554);
#5550 = LINE('',#5551,#5552);
#5551 = CARTESIAN_POINT('',(6.28318530718,-0.));
#5552 = VECTOR('',#5553,1.);
#5553 = DIRECTION('',(0.,1.));
#5554 = ( GEOMETRIC_REPRESENTATION_CONTEXT(2) 
PARAMETRIC_REPRESENTATION_CONTEXT() REPRESENTATION_CONTEXT('2D SPACE',''
  ) );
#5555 = PCURVE('',#1730,#5556);
#5556 = DEFINITIONAL_REPRESENTATION('',(#5557),#5561);
#5557 = LINE('',#5558,#5559);
#5558 = CARTESIAN_POINT('',(0.,-0.));
#5559 = VECTOR('',#5560,1.);
#5560 = DIRECTION('',(0.,1.));
#5561 = ( GEOMETRIC_REPRESENTATION_CONTEXT(2) 
PARAMETRIC_REPRESENTATION_CONTEXT() REPRESENTATION_CONTEXT('2D SPACE',''
  ) );
#5562 = ORIENTED_EDGE('',*,*,#1713,.T.);
#5563 = ORIENTED_EDGE('',*,*,#5542,.T.);
#5564 = ADVANCED_FACE('',(#5565),#1762,.F.);
#5565 = FACE_BOUND('',#5566,.F.);
#5566 = EDGE_LOOP('',(#5567,#5597,#5616,#5617));
#5567 = ORIENTED_EDGE('',*,*,#5568,.F.);
#5568 = EDGE_CURVE('',#5569,#5571,#5573,.T.);
#5569 = VERTEX_POINT('',#5570);
#5570 = CARTESIAN_POINT('',(117.75,-14.10288568297,8.51));
#5571 = VERTEX_POINT('',#5572);
#5572 = CARTESIAN_POINT('',(117.75,5.949999984491,8.51));
#5573 = SURFACE_CURVE('',#5574,(#5578,#5585),.PCURVE_S1.);
#5574 = LINE('',#5575,#5576);
#5575 = CARTESIAN_POINT('',(117.75,-32.99999999999,8.51));
#5576 = VECTOR('',#5577,1.);
#5577 = DIRECTION('',(0.,1.,0.));
#5578 = PCURVE('',#1762,#5579);
#5579 = DEFINITIONAL_REPRESENTATION('',(#5580),#5584);
#5580 = LINE('',#5581,#5582);
#5581 = CARTESIAN_POINT('',(38.950000000014,0.));
#5582 = VECTOR('',#5583,1.);
#5583 = DIRECTION('',(1.,0.));
#5584 = ( GEOMETRIC_REPRESENTATION_CONTEXT(2) 
PARAMETRIC_REPRESENTATION_CONTEXT() REPRESENTATION_CONTEXT('2D SPACE',''
  ) );
#5585 = PCURVE('',#5586,#5591);
#5586 = PLANE('',#5587);
#5587 = AXIS2_PLACEMENT_3D('',#5588,#5589,#5590);
#5588 = CARTESIAN_POINT('',(58.7,-33.00000000326,8.51));
#5589 = DIRECTION('',(0.,0.,1.));
#5590 = DIRECTION('',(1.,0.,-0.));
#5591 = DEFINITIONAL_REPRESENTATION('',(#5592),#5596);
#5592 = LINE('',#5593,#5594);
#5593 = CARTESIAN_POINT('',(59.05,3.274426347497E-09));
#5594 = VECTOR('',#5595,1.);
#5595 = DIRECTION('',(0.,1.));
#5596 = ( GEOMETRIC_REPRESENTATION_CONTEXT(2) 
PARAMETRIC_REPRESENTATION_CONTEXT() REPRESENTATION_CONTEXT('2D SPACE',''
  ) );
#5597 = ORIENTED_EDGE('',*,*,#5598,.T.);
#5598 = EDGE_CURVE('',#5569,#1745,#5599,.T.);
#5599 = SURFACE_CURVE('',#5600,(#5604,#5610),.PCURVE_S1.);
#5600 = LINE('',#5601,#5602);
#5601 = CARTESIAN_POINT('',(117.75,-14.10288568297,8.31));
#5602 = VECTOR('',#5603,1.);
#5603 = DIRECTION('',(0.,0.,1.));
#5604 = PCURVE('',#1762,#5605);
#5605 = DEFINITIONAL_REPRESENTATION('',(#5606),#5609);
#5606 = B_SPLINE_CURVE_WITH_KNOTS('',1,(#5607,#5608),.UNSPECIFIED.,.F.,
  .F.,(2,2),(-5.999999999062E-07,3.3000006),.PIECEWISE_BEZIER_KNOTS.);
#5607 = CARTESIAN_POINT('',(57.847114317037,0.2000006));
#5608 = CARTESIAN_POINT('',(57.847114317037,-3.1000006));
#5609 = ( GEOMETRIC_REPRESENTATION_CONTEXT(2) 
PARAMETRIC_REPRESENTATION_CONTEXT() REPRESENTATION_CONTEXT('2D SPACE',''
  ) );
#5610 = PCURVE('',#1791,#5611);
#5611 = DEFINITIONAL_REPRESENTATION('',(#5612),#5615);
#5612 = B_SPLINE_CURVE_WITH_KNOTS('',1,(#5613,#5614),.UNSPECIFIED.,.F.,
  .F.,(2,2),(-5.999999999062E-07,3.3000006),.PIECEWISE_BEZIER_KNOTS.);
#5613 = CARTESIAN_POINT('',(1.047197551197,-5.999999999062E-07));
#5614 = CARTESIAN_POINT('',(1.047197551197,3.3000006));
#5615 = ( GEOMETRIC_REPRESENTATION_CONTEXT(2) 
PARAMETRIC_REPRESENTATION_CONTEXT() REPRESENTATION_CONTEXT('2D SPACE',''
  ) );
#5616 = ORIENTED_EDGE('',*,*,#1744,.T.);
#5617 = ORIENTED_EDGE('',*,*,#5618,.F.);
#5618 = EDGE_CURVE('',#5571,#1747,#5619,.T.);
#5619 = SURFACE_CURVE('',#5620,(#5624,#5631),.PCURVE_S1.);
#5620 = LINE('',#5621,#5622);
#5621 = CARTESIAN_POINT('',(117.75,5.949999984491,8.51));
#5622 = VECTOR('',#5623,1.);
#5623 = DIRECTION('',(0.,0.,1.));
#5624 = PCURVE('',#1762,#5625);
#5625 = DEFINITIONAL_REPRESENTATION('',(#5626),#5630);
#5626 = LINE('',#5627,#5628);
#5627 = CARTESIAN_POINT('',(77.899999984498,0.));
#5628 = VECTOR('',#5629,1.);
#5629 = DIRECTION('',(0.,-1.));
#5630 = ( GEOMETRIC_REPRESENTATION_CONTEXT(2) 
PARAMETRIC_REPRESENTATION_CONTEXT() REPRESENTATION_CONTEXT('2D SPACE',''
  ) );
#5631 = PCURVE('',#1962,#5632);
#5632 = DEFINITIONAL_REPRESENTATION('',(#5633),#5637);
#5633 = LINE('',#5634,#5635);
#5634 = CARTESIAN_POINT('',(-0.,0.));
#5635 = VECTOR('',#5636,1.);
#5636 = DIRECTION('',(-0.,-1.));
#5637 = ( GEOMETRIC_REPRESENTATION_CONTEXT(2) 
PARAMETRIC_REPRESENTATION_CONTEXT() REPRESENTATION_CONTEXT('2D SPACE',''
  ) );
#5638 = ADVANCED_FACE('',(#5639),#1791,.F.);
#5639 = FACE_BOUND('',#5640,.F.);
#5640 = EDGE_LOOP('',(#5641,#5642,#5666,#5685));
#5641 = ORIENTED_EDGE('',*,*,#5598,.F.);
#5642 = ORIENTED_EDGE('',*,*,#5643,.T.);
#5643 = EDGE_CURVE('',#5569,#5644,#5646,.T.);
#5644 = VERTEX_POINT('',#5645);
#5645 = CARTESIAN_POINT('',(116.55,-13.62421435625,8.51));
#5646 = SURFACE_CURVE('',#5647,(#5652,#5659),.PCURVE_S1.);
#5647 = CIRCLE('',#5648,4.5);
#5648 = AXIS2_PLACEMENT_3D('',#5649,#5650,#5651);
#5649 = CARTESIAN_POINT('',(115.5,-18.,8.51));
#5650 = DIRECTION('',(0.,0.,1.));
#5651 = DIRECTION('',(1.,0.,-0.));
#5652 = PCURVE('',#1791,#5653);
#5653 = DEFINITIONAL_REPRESENTATION('',(#5654),#5658);
#5654 = LINE('',#5655,#5656);
#5655 = CARTESIAN_POINT('',(0.,0.2));
#5656 = VECTOR('',#5657,1.);
#5657 = DIRECTION('',(1.,0.));
#5658 = ( GEOMETRIC_REPRESENTATION_CONTEXT(2) 
PARAMETRIC_REPRESENTATION_CONTEXT() REPRESENTATION_CONTEXT('2D SPACE',''
  ) );
#5659 = PCURVE('',#5586,#5660);
#5660 = DEFINITIONAL_REPRESENTATION('',(#5661),#5665);
#5661 = CIRCLE('',#5662,4.5);
#5662 = AXIS2_PLACEMENT_2D('',#5663,#5664);
#5663 = CARTESIAN_POINT('',(56.8,15.000000003267));
#5664 = DIRECTION('',(1.,0.));
#5665 = ( GEOMETRIC_REPRESENTATION_CONTEXT(2) 
PARAMETRIC_REPRESENTATION_CONTEXT() REPRESENTATION_CONTEXT('2D SPACE',''
  ) );
#5666 = ORIENTED_EDGE('',*,*,#5667,.T.);
#5667 = EDGE_CURVE('',#5644,#1775,#5668,.T.);
#5668 = SURFACE_CURVE('',#5669,(#5673,#5679),.PCURVE_S1.);
#5669 = LINE('',#5670,#5671);
#5670 = CARTESIAN_POINT('',(116.55,-13.62421435625,8.31));
#5671 = VECTOR('',#5672,1.);
#5672 = DIRECTION('',(0.,0.,1.));
#5673 = PCURVE('',#1791,#5674);
#5674 = DEFINITIONAL_REPRESENTATION('',(#5675),#5678);
#5675 = B_SPLINE_CURVE_WITH_KNOTS('',1,(#5676,#5677),.UNSPECIFIED.,.F.,
  .F.,(2,2),(-5.999999999062E-07,3.3000006),.PIECEWISE_BEZIER_KNOTS.);
#5676 = CARTESIAN_POINT('',(1.335292090074,-5.999999999062E-07));
#5677 = CARTESIAN_POINT('',(1.335292090074,3.3000006));
#5678 = ( GEOMETRIC_REPRESENTATION_CONTEXT(2) 
PARAMETRIC_REPRESENTATION_CONTEXT() REPRESENTATION_CONTEXT('2D SPACE',''
  ) );
#5679 = PCURVE('',#1819,#5680);
#5680 = DEFINITIONAL_REPRESENTATION('',(#5681),#5684);
#5681 = B_SPLINE_CURVE_WITH_KNOTS('',1,(#5682,#5683),.UNSPECIFIED.,.F.,
  .F.,(2,2),(-5.999999999062E-07,3.3000006),.PIECEWISE_BEZIER_KNOTS.);
#5682 = CARTESIAN_POINT('',(57.725785643775,0.1000006));
#5683 = CARTESIAN_POINT('',(57.725785643775,-3.2000006));
#5684 = ( GEOMETRIC_REPRESENTATION_CONTEXT(2) 
PARAMETRIC_REPRESENTATION_CONTEXT() REPRESENTATION_CONTEXT('2D SPACE',''
  ) );
#5685 = ORIENTED_EDGE('',*,*,#1774,.F.);
#5686 = ADVANCED_FACE('',(#5687),#1962,.T.);
#5687 = FACE_BOUND('',#5688,.F.);
#5688 = EDGE_LOOP('',(#5689,#5690,#5691,#5714));
#5689 = ORIENTED_EDGE('',*,*,#5618,.T.);
#5690 = ORIENTED_EDGE('',*,*,#1947,.T.);
#5691 = ORIENTED_EDGE('',*,*,#5692,.F.);
#5692 = EDGE_CURVE('',#5693,#1920,#5695,.T.);
#5693 = VERTEX_POINT('',#5694);
#5694 = CARTESIAN_POINT('',(115.95,7.749999992249,8.51));
#5695 = SURFACE_CURVE('',#5696,(#5700,#5707),.PCURVE_S1.);
#5696 = LINE('',#5697,#5698);
#5697 = CARTESIAN_POINT('',(115.95,7.749999992249,8.51));
#5698 = VECTOR('',#5699,1.);
#5699 = DIRECTION('',(0.,0.,1.));
#5700 = PCURVE('',#1962,#5701);
#5701 = DEFINITIONAL_REPRESENTATION('',(#5702),#5706);
#5702 = LINE('',#5703,#5704);
#5703 = CARTESIAN_POINT('',(-1.570796326795,0.));
#5704 = VECTOR('',#5705,1.);
#5705 = DIRECTION('',(-0.,-1.));
#5706 = ( GEOMETRIC_REPRESENTATION_CONTEXT(2) 
PARAMETRIC_REPRESENTATION_CONTEXT() REPRESENTATION_CONTEXT('2D SPACE',''
  ) );
#5707 = PCURVE('',#1935,#5708);
#5708 = DEFINITIONAL_REPRESENTATION('',(#5709),#5713);
#5709 = LINE('',#5710,#5711);
#5710 = CARTESIAN_POINT('',(114.5,0.));
#5711 = VECTOR('',#5712,1.);
#5712 = DIRECTION('',(0.,-1.));
#5713 = ( GEOMETRIC_REPRESENTATION_CONTEXT(2) 
PARAMETRIC_REPRESENTATION_CONTEXT() REPRESENTATION_CONTEXT('2D SPACE',''
  ) );
#5714 = ORIENTED_EDGE('',*,*,#5715,.F.);
#5715 = EDGE_CURVE('',#5571,#5693,#5716,.T.);
#5716 = SURFACE_CURVE('',#5717,(#5722,#5729),.PCURVE_S1.);
#5717 = CIRCLE('',#5718,1.8);
#5718 = AXIS2_PLACEMENT_3D('',#5719,#5720,#5721);
#5719 = CARTESIAN_POINT('',(115.95,5.949999984491,8.51));
#5720 = DIRECTION('',(0.,0.,1.));
#5721 = DIRECTION('',(1.,0.,0.));
#5722 = PCURVE('',#1962,#5723);
#5723 = DEFINITIONAL_REPRESENTATION('',(#5724),#5728);
#5724 = LINE('',#5725,#5726);
#5725 = CARTESIAN_POINT('',(-0.,0.));
#5726 = VECTOR('',#5727,1.);
#5727 = DIRECTION('',(-1.,0.));
#5728 = ( GEOMETRIC_REPRESENTATION_CONTEXT(2) 
PARAMETRIC_REPRESENTATION_CONTEXT() REPRESENTATION_CONTEXT('2D SPACE',''
  ) );
#5729 = PCURVE('',#5586,#5730);
#5730 = DEFINITIONAL_REPRESENTATION('',(#5731),#5735);
#5731 = CIRCLE('',#5732,1.8);
#5732 = AXIS2_PLACEMENT_2D('',#5733,#5734);
#5733 = CARTESIAN_POINT('',(57.25,38.949999987758));
#5734 = DIRECTION('',(1.,0.));
#5735 = ( GEOMETRIC_REPRESENTATION_CONTEXT(2) 
PARAMETRIC_REPRESENTATION_CONTEXT() REPRESENTATION_CONTEXT('2D SPACE',''
  ) );
#5736 = ADVANCED_FACE('',(#5737),#1819,.T.);
#5737 = FACE_BOUND('',#5738,.T.);
#5738 = EDGE_LOOP('',(#5739,#5762,#5781,#5782));
#5739 = ORIENTED_EDGE('',*,*,#5740,.F.);
#5740 = EDGE_CURVE('',#5741,#1804,#5743,.T.);
#5741 = VERTEX_POINT('',#5742);
#5742 = CARTESIAN_POINT('',(116.55,5.349999977832,8.51));
#5743 = SURFACE_CURVE('',#5744,(#5748,#5755),.PCURVE_S1.);
#5744 = LINE('',#5745,#5746);
#5745 = CARTESIAN_POINT('',(116.55,5.349999977832,8.41));
#5746 = VECTOR('',#5747,1.);
#5747 = DIRECTION('',(0.,0.,1.));
#5748 = PCURVE('',#1819,#5749);
#5749 = DEFINITIONAL_REPRESENTATION('',(#5750),#5754);
#5750 = LINE('',#5751,#5752);
#5751 = CARTESIAN_POINT('',(76.699999977862,0.));
#5752 = VECTOR('',#5753,1.);
#5753 = DIRECTION('',(0.,-1.));
#5754 = ( GEOMETRIC_REPRESENTATION_CONTEXT(2) 
PARAMETRIC_REPRESENTATION_CONTEXT() REPRESENTATION_CONTEXT('2D SPACE',''
  ) );
#5755 = PCURVE('',#1851,#5756);
#5756 = DEFINITIONAL_REPRESENTATION('',(#5757),#5761);
#5757 = LINE('',#5758,#5759);
#5758 = CARTESIAN_POINT('',(-0.,0.));
#5759 = VECTOR('',#5760,1.);
#5760 = DIRECTION('',(-0.,-1.));
#5761 = ( GEOMETRIC_REPRESENTATION_CONTEXT(2) 
PARAMETRIC_REPRESENTATION_CONTEXT() REPRESENTATION_CONTEXT('2D SPACE',''
  ) );
#5762 = ORIENTED_EDGE('',*,*,#5763,.T.);
#5763 = EDGE_CURVE('',#5741,#5644,#5764,.T.);
#5764 = SURFACE_CURVE('',#5765,(#5769,#5775),.PCURVE_S1.);
#5765 = LINE('',#5766,#5767);
#5766 = CARTESIAN_POINT('',(116.55,-52.17500000164,8.51));
#5767 = VECTOR('',#5768,1.);
#5768 = DIRECTION('',(0.,-1.,0.));
#5769 = PCURVE('',#1819,#5770);
#5770 = DEFINITIONAL_REPRESENTATION('',(#5771),#5774);
#5771 = B_SPLINE_CURVE_WITH_KNOTS('',1,(#5772,#5773),.UNSPECIFIED.,.F.,
  .F.,(2,2),(-57.52499997948,19.174999998381),.PIECEWISE_BEZIER_KNOTS.);
#5772 = CARTESIAN_POINT('',(76.699999977862,-1.E-01));
#5773 = CARTESIAN_POINT('',(-7.105427357601E-15,-1.E-01));
#5774 = ( GEOMETRIC_REPRESENTATION_CONTEXT(2) 
PARAMETRIC_REPRESENTATION_CONTEXT() REPRESENTATION_CONTEXT('2D SPACE',''
  ) );
#5775 = PCURVE('',#5586,#5776);
#5776 = DEFINITIONAL_REPRESENTATION('',(#5777),#5780);
#5777 = B_SPLINE_CURVE_WITH_KNOTS('',1,(#5778,#5779),.UNSPECIFIED.,.F.,
  .F.,(2,2),(-57.52499997948,19.174999998381),.PIECEWISE_BEZIER_KNOTS.);
#5778 = CARTESIAN_POINT('',(57.85,38.349999981099));
#5779 = CARTESIAN_POINT('',(57.85,-38.34999999676));
#5780 = ( GEOMETRIC_REPRESENTATION_CONTEXT(2) 
PARAMETRIC_REPRESENTATION_CONTEXT() REPRESENTATION_CONTEXT('2D SPACE',''
  ) );
#5781 = ORIENTED_EDGE('',*,*,#5667,.T.);
#5782 = ORIENTED_EDGE('',*,*,#1803,.F.);
#5783 = ADVANCED_FACE('',(#5784),#1935,.T.);
#5784 = FACE_BOUND('',#5785,.T.);
#5785 = EDGE_LOOP('',(#5786,#5809,#5828,#5829));
#5786 = ORIENTED_EDGE('',*,*,#5787,.F.);
#5787 = EDGE_CURVE('',#5788,#5693,#5790,.T.);
#5788 = VERTEX_POINT('',#5789);
#5789 = CARTESIAN_POINT('',(5.961951712188,7.750000000007,8.51));
#5790 = SURFACE_CURVE('',#5791,(#5795,#5802),.PCURVE_S1.);
#5791 = LINE('',#5792,#5793);
#5792 = CARTESIAN_POINT('',(58.7,7.750000000007,8.51));
#5793 = VECTOR('',#5794,1.);
#5794 = DIRECTION('',(1.,0.,0.));
#5795 = PCURVE('',#1935,#5796);
#5796 = DEFINITIONAL_REPRESENTATION('',(#5797),#5801);
#5797 = LINE('',#5798,#5799);
#5798 = CARTESIAN_POINT('',(57.25,0.));
#5799 = VECTOR('',#5800,1.);
#5800 = DIRECTION('',(1.,0.));
#5801 = ( GEOMETRIC_REPRESENTATION_CONTEXT(2) 
PARAMETRIC_REPRESENTATION_CONTEXT() REPRESENTATION_CONTEXT('2D SPACE',''
  ) );
#5802 = PCURVE('',#5586,#5803);
#5803 = DEFINITIONAL_REPRESENTATION('',(#5804),#5808);
#5804 = LINE('',#5805,#5806);
#5805 = CARTESIAN_POINT('',(-3.319614119182E-16,40.750000003274));
#5806 = VECTOR('',#5807,1.);
#5807 = DIRECTION('',(1.,0.));
#5808 = ( GEOMETRIC_REPRESENTATION_CONTEXT(2) 
PARAMETRIC_REPRESENTATION_CONTEXT() REPRESENTATION_CONTEXT('2D SPACE',''
  ) );
#5809 = ORIENTED_EDGE('',*,*,#5810,.T.);
#5810 = EDGE_CURVE('',#5788,#1891,#5811,.T.);
#5811 = SURFACE_CURVE('',#5812,(#5816,#5822),.PCURVE_S1.);
#5812 = LINE('',#5813,#5814);
#5813 = CARTESIAN_POINT('',(5.961951712188,7.750000000007,8.31));
#5814 = VECTOR('',#5815,1.);
#5815 = DIRECTION('',(0.,0.,1.));
#5816 = PCURVE('',#1935,#5817);
#5817 = DEFINITIONAL_REPRESENTATION('',(#5818),#5821);
#5818 = B_SPLINE_CURVE_WITH_KNOTS('',1,(#5819,#5820),.UNSPECIFIED.,.F.,
  .F.,(2,2),(-5.999999999062E-07,3.3000006),.PIECEWISE_BEZIER_KNOTS.);
#5819 = CARTESIAN_POINT('',(4.511951712188,0.2000006));
#5820 = CARTESIAN_POINT('',(4.511951712188,-3.1000006));
#5821 = ( GEOMETRIC_REPRESENTATION_CONTEXT(2) 
PARAMETRIC_REPRESENTATION_CONTEXT() REPRESENTATION_CONTEXT('2D SPACE',''
  ) );
#5822 = PCURVE('',#1907,#5823);
#5823 = DEFINITIONAL_REPRESENTATION('',(#5824),#5827);
#5824 = B_SPLINE_CURVE_WITH_KNOTS('',1,(#5825,#5826),.UNSPECIFIED.,.F.,
  .F.,(2,2),(-5.999999999062E-07,3.3000006),.PIECEWISE_BEZIER_KNOTS.);
#5825 = CARTESIAN_POINT('',(0.657463556384,-5.999999999062E-07));
#5826 = CARTESIAN_POINT('',(0.657463556384,3.3000006));
#5827 = ( GEOMETRIC_REPRESENTATION_CONTEXT(2) 
PARAMETRIC_REPRESENTATION_CONTEXT() REPRESENTATION_CONTEXT('2D SPACE',''
  ) );
#5828 = ORIENTED_EDGE('',*,*,#1919,.T.);
#5829 = ORIENTED_EDGE('',*,*,#5692,.F.);
#5830 = ADVANCED_FACE('',(#5831),#1851,.F.);
#5831 = FACE_BOUND('',#5832,.T.);
#5832 = EDGE_LOOP('',(#5833,#5861,#5862,#5863));
#5833 = ORIENTED_EDGE('',*,*,#5834,.T.);
#5834 = EDGE_CURVE('',#5835,#5741,#5837,.T.);
#5835 = VERTEX_POINT('',#5836);
#5836 = CARTESIAN_POINT('',(115.35,6.549999988931,8.51));
#5837 = SURFACE_CURVE('',#5838,(#5843,#5850),.PCURVE_S1.);
#5838 = CIRCLE('',#5839,1.2);
#5839 = AXIS2_PLACEMENT_3D('',#5840,#5841,#5842);
#5840 = CARTESIAN_POINT('',(115.35,5.349999977832,8.51));
#5841 = DIRECTION('',(0.,0.,-1.));
#5842 = DIRECTION('',(1.,0.,0.));
#5843 = PCURVE('',#1851,#5844);
#5844 = DEFINITIONAL_REPRESENTATION('',(#5845),#5849);
#5845 = LINE('',#5846,#5847);
#5846 = CARTESIAN_POINT('',(-6.28318530718,-1.E-01));
#5847 = VECTOR('',#5848,1.);
#5848 = DIRECTION('',(1.,-0.));
#5849 = ( GEOMETRIC_REPRESENTATION_CONTEXT(2) 
PARAMETRIC_REPRESENTATION_CONTEXT() REPRESENTATION_CONTEXT('2D SPACE',''
  ) );
#5850 = PCURVE('',#5586,#5851);
#5851 = DEFINITIONAL_REPRESENTATION('',(#5852),#5860);
#5852 = ( BOUNDED_CURVE() B_SPLINE_CURVE(2,(#5853,#5854,#5855,#5856,
#5857,#5858,#5859),.UNSPECIFIED.,.T.,.F.) B_SPLINE_CURVE_WITH_KNOTS((1,2
    ,2,2,2,1),(-2.094395102393,0.,2.094395102393,4.188790204786,
6.28318530718,8.377580409573),.UNSPECIFIED.) CURVE() 
GEOMETRIC_REPRESENTATION_ITEM() RATIONAL_B_SPLINE_CURVE((1.,0.5,1.,0.5,
1.,0.5,1.)) REPRESENTATION_ITEM('') );
#5853 = CARTESIAN_POINT('',(57.85,38.349999981099));
#5854 = CARTESIAN_POINT('',(57.85,36.271539012016));
#5855 = CARTESIAN_POINT('',(56.05,37.310769496558));
#5856 = CARTESIAN_POINT('',(54.25,38.349999981099));
#5857 = CARTESIAN_POINT('',(56.05,39.38923046564));
#5858 = CARTESIAN_POINT('',(57.85,40.428460950182));
#5859 = CARTESIAN_POINT('',(57.85,38.349999981099));
#5860 = ( GEOMETRIC_REPRESENTATION_CONTEXT(2) 
PARAMETRIC_REPRESENTATION_CONTEXT() REPRESENTATION_CONTEXT('2D SPACE',''
  ) );
#5861 = ORIENTED_EDGE('',*,*,#5740,.T.);
#5862 = ORIENTED_EDGE('',*,*,#1830,.F.);
#5863 = ORIENTED_EDGE('',*,*,#5864,.F.);
#5864 = EDGE_CURVE('',#5835,#1831,#5865,.T.);
#5865 = SURFACE_CURVE('',#5866,(#5870,#5877),.PCURVE_S1.);
#5866 = LINE('',#5867,#5868);
#5867 = CARTESIAN_POINT('',(115.35,6.549999988931,8.41));
#5868 = VECTOR('',#5869,1.);
#5869 = DIRECTION('',(0.,0.,1.));
#5870 = PCURVE('',#1851,#5871);
#5871 = DEFINITIONAL_REPRESENTATION('',(#5872),#5876);
#5872 = LINE('',#5873,#5874);
#5873 = CARTESIAN_POINT('',(-1.570796326795,0.));
#5874 = VECTOR('',#5875,1.);
#5875 = DIRECTION('',(-0.,-1.));
#5876 = ( GEOMETRIC_REPRESENTATION_CONTEXT(2) 
PARAMETRIC_REPRESENTATION_CONTEXT() REPRESENTATION_CONTEXT('2D SPACE',''
  ) );
#5877 = PCURVE('',#1879,#5878);
#5878 = DEFINITIONAL_REPRESENTATION('',(#5879),#5883);
#5879 = LINE('',#5880,#5881);
#5880 = CARTESIAN_POINT('',(113.3,0.));
#5881 = VECTOR('',#5882,1.);
#5882 = DIRECTION('',(0.,-1.));
#5883 = ( GEOMETRIC_REPRESENTATION_CONTEXT(2) 
PARAMETRIC_REPRESENTATION_CONTEXT() REPRESENTATION_CONTEXT('2D SPACE',''
  ) );
#5884 = ADVANCED_FACE('',(#5885),#1907,.F.);
#5885 = FACE_BOUND('',#5886,.F.);
#5886 = EDGE_LOOP('',(#5887,#5908,#5930,#5931));
#5887 = ORIENTED_EDGE('',*,*,#5888,.F.);
#5888 = EDGE_CURVE('',#5889,#1864,#5891,.T.);
#5889 = VERTEX_POINT('',#5890);
#5890 = CARTESIAN_POINT('',(6.624630161317,6.55000000003,8.51));
#5891 = SURFACE_CURVE('',#5892,(#5896,#5902),.PCURVE_S1.);
#5892 = LINE('',#5893,#5894);
#5893 = CARTESIAN_POINT('',(6.624630161317,6.55000000003,8.31));
#5894 = VECTOR('',#5895,1.);
#5895 = DIRECTION('',(0.,0.,1.));
#5896 = PCURVE('',#1907,#5897);
#5897 = DEFINITIONAL_REPRESENTATION('',(#5898),#5901);
#5898 = B_SPLINE_CURVE_WITH_KNOTS('',1,(#5899,#5900),.UNSPECIFIED.,.F.,
  .F.,(2,2),(-5.999999999062E-07,3.3000006),.PIECEWISE_BEZIER_KNOTS.);
#5899 = CARTESIAN_POINT('',(0.351646953037,-5.999999999062E-07));
#5900 = CARTESIAN_POINT('',(0.351646953037,3.3000006));
#5901 = ( GEOMETRIC_REPRESENTATION_CONTEXT(2) 
PARAMETRIC_REPRESENTATION_CONTEXT() REPRESENTATION_CONTEXT('2D SPACE',''
  ) );
#5902 = PCURVE('',#1879,#5903);
#5903 = DEFINITIONAL_REPRESENTATION('',(#5904),#5907);
#5904 = B_SPLINE_CURVE_WITH_KNOTS('',1,(#5905,#5906),.UNSPECIFIED.,.F.,
  .F.,(2,2),(-5.999999999062E-07,3.3000006),.PIECEWISE_BEZIER_KNOTS.);
#5905 = CARTESIAN_POINT('',(4.574630161317,0.1000006));
#5906 = CARTESIAN_POINT('',(4.574630161317,-3.2000006));
#5907 = ( GEOMETRIC_REPRESENTATION_CONTEXT(2) 
PARAMETRIC_REPRESENTATION_CONTEXT() REPRESENTATION_CONTEXT('2D SPACE',''
  ) );
#5908 = ORIENTED_EDGE('',*,*,#5909,.T.);
#5909 = EDGE_CURVE('',#5889,#5788,#5910,.T.);
#5910 = SURFACE_CURVE('',#5911,(#5916,#5923),.PCURVE_S1.);
#5911 = CIRCLE('',#5912,4.5);
#5912 = AXIS2_PLACEMENT_3D('',#5913,#5914,#5915);
#5913 = CARTESIAN_POINT('',(2.4,5.,8.51));
#5914 = DIRECTION('',(0.,0.,1.));
#5915 = DIRECTION('',(1.,0.,-0.));
#5916 = PCURVE('',#1907,#5917);
#5917 = DEFINITIONAL_REPRESENTATION('',(#5918),#5922);
#5918 = LINE('',#5919,#5920);
#5919 = CARTESIAN_POINT('',(0.,0.2));
#5920 = VECTOR('',#5921,1.);
#5921 = DIRECTION('',(1.,0.));
#5922 = ( GEOMETRIC_REPRESENTATION_CONTEXT(2) 
PARAMETRIC_REPRESENTATION_CONTEXT() REPRESENTATION_CONTEXT('2D SPACE',''
  ) );
#5923 = PCURVE('',#5586,#5924);
#5924 = DEFINITIONAL_REPRESENTATION('',(#5925),#5929);
#5925 = CIRCLE('',#5926,4.5);
#5926 = AXIS2_PLACEMENT_2D('',#5927,#5928);
#5927 = CARTESIAN_POINT('',(-56.3,38.000000003267));
#5928 = DIRECTION('',(1.,0.));
#5929 = ( GEOMETRIC_REPRESENTATION_CONTEXT(2) 
PARAMETRIC_REPRESENTATION_CONTEXT() REPRESENTATION_CONTEXT('2D SPACE',''
  ) );
#5930 = ORIENTED_EDGE('',*,*,#5810,.T.);
#5931 = ORIENTED_EDGE('',*,*,#1890,.F.);
#5932 = ADVANCED_FACE('',(#5933),#1879,.F.);
#5933 = FACE_BOUND('',#5934,.F.);
#5934 = EDGE_LOOP('',(#5935,#5936,#5955,#5956));
#5935 = ORIENTED_EDGE('',*,*,#5864,.F.);
#5936 = ORIENTED_EDGE('',*,*,#5937,.T.);
#5937 = EDGE_CURVE('',#5835,#5889,#5938,.T.);
#5938 = SURFACE_CURVE('',#5939,(#5943,#5949),.PCURVE_S1.);
#5939 = LINE('',#5940,#5941);
#5940 = CARTESIAN_POINT('',(30.375,6.55000000003,8.51));
#5941 = VECTOR('',#5942,1.);
#5942 = DIRECTION('',(-1.,0.,0.));
#5943 = PCURVE('',#1879,#5944);
#5944 = DEFINITIONAL_REPRESENTATION('',(#5945),#5948);
#5945 = B_SPLINE_CURVE_WITH_KNOTS('',1,(#5946,#5947),.UNSPECIFIED.,.F.,
  .F.,(2,2),(-84.975,28.325),.PIECEWISE_BEZIER_KNOTS.);
#5946 = CARTESIAN_POINT('',(113.3,-1.E-01));
#5947 = CARTESIAN_POINT('',(0.,-1.E-01));
#5948 = ( GEOMETRIC_REPRESENTATION_CONTEXT(2) 
PARAMETRIC_REPRESENTATION_CONTEXT() REPRESENTATION_CONTEXT('2D SPACE',''
  ) );
#5949 = PCURVE('',#5586,#5950);
#5950 = DEFINITIONAL_REPRESENTATION('',(#5951),#5954);
#5951 = B_SPLINE_CURVE_WITH_KNOTS('',1,(#5952,#5953),.UNSPECIFIED.,.F.,
  .F.,(2,2),(-84.975,28.325),.PIECEWISE_BEZIER_KNOTS.);
#5952 = CARTESIAN_POINT('',(56.65,39.550000003297));
#5953 = CARTESIAN_POINT('',(-56.65,39.550000003297));
#5954 = ( GEOMETRIC_REPRESENTATION_CONTEXT(2) 
PARAMETRIC_REPRESENTATION_CONTEXT() REPRESENTATION_CONTEXT('2D SPACE',''
  ) );
#5955 = ORIENTED_EDGE('',*,*,#5888,.T.);
#5956 = ORIENTED_EDGE('',*,*,#1863,.F.);
#5957 = ADVANCED_FACE('',(#5958),#2070,.T.);
#5958 = FACE_BOUND('',#5959,.F.);
#5959 = EDGE_LOOP('',(#5960,#5961,#5984,#6006));
#5960 = ORIENTED_EDGE('',*,*,#2049,.T.);
#5961 = ORIENTED_EDGE('',*,*,#5962,.T.);
#5962 = EDGE_CURVE('',#2050,#5963,#5965,.T.);
#5963 = VERTEX_POINT('',#5964);
#5964 = CARTESIAN_POINT('',(117.9999999986,-67.,22.41));
#5965 = SURFACE_CURVE('',#5966,(#5970,#5977),.PCURVE_S1.);
#5966 = LINE('',#5967,#5968);
#5967 = CARTESIAN_POINT('',(118.,-67.,11.51));
#5968 = VECTOR('',#5969,1.);
#5969 = DIRECTION('',(0.,0.,1.));
#5970 = PCURVE('',#2070,#5971);
#5971 = DEFINITIONAL_REPRESENTATION('',(#5972),#5976);
#5972 = LINE('',#5973,#5974);
#5973 = CARTESIAN_POINT('',(-4.712388980385,0.));
#5974 = VECTOR('',#5975,1.);
#5975 = DIRECTION('',(-0.,-1.));
#5976 = ( GEOMETRIC_REPRESENTATION_CONTEXT(2) 
PARAMETRIC_REPRESENTATION_CONTEXT() REPRESENTATION_CONTEXT('2D SPACE',''
  ) );
#5977 = PCURVE('',#2098,#5978);
#5978 = DEFINITIONAL_REPRESENTATION('',(#5979),#5983);
#5979 = LINE('',#5980,#5981);
#5980 = CARTESIAN_POINT('',(46.,0.));
#5981 = VECTOR('',#5982,1.);
#5982 = DIRECTION('',(0.,-1.));
#5983 = ( GEOMETRIC_REPRESENTATION_CONTEXT(2) 
PARAMETRIC_REPRESENTATION_CONTEXT() REPRESENTATION_CONTEXT('2D SPACE',''
  ) );
#5984 = ORIENTED_EDGE('',*,*,#5985,.T.);
#5985 = EDGE_CURVE('',#5963,#3095,#5986,.T.);
#5986 = SURFACE_CURVE('',#5987,(#5992,#5999),.PCURVE_S1.);
#5987 = CIRCLE('',#5988,2.);
#5988 = AXIS2_PLACEMENT_3D('',#5989,#5990,#5991);
#5989 = CARTESIAN_POINT('',(118.,-65.,22.41));
#5990 = DIRECTION('',(0.,0.,1.));
#5991 = DIRECTION('',(1.,0.,0.));
#5992 = PCURVE('',#2070,#5993);
#5993 = DEFINITIONAL_REPRESENTATION('',(#5994),#5998);
#5994 = LINE('',#5995,#5996);
#5995 = CARTESIAN_POINT('',(-0.,-10.9));
#5996 = VECTOR('',#5997,1.);
#5997 = DIRECTION('',(-1.,0.));
#5998 = ( GEOMETRIC_REPRESENTATION_CONTEXT(2) 
PARAMETRIC_REPRESENTATION_CONTEXT() REPRESENTATION_CONTEXT('2D SPACE',''
  ) );
#5999 = PCURVE('',#3133,#6000);
#6000 = DEFINITIONAL_REPRESENTATION('',(#6001),#6005);
#6001 = CIRCLE('',#6002,2.);
#6002 = AXIS2_PLACEMENT_2D('',#6003,#6004);
#6003 = CARTESIAN_POINT('',(13.00000000067,-17.5));
#6004 = DIRECTION('',(1.,0.));
#6005 = ( GEOMETRIC_REPRESENTATION_CONTEXT(2) 
PARAMETRIC_REPRESENTATION_CONTEXT() REPRESENTATION_CONTEXT('2D SPACE',''
  ) );
#6006 = ORIENTED_EDGE('',*,*,#3094,.F.);
#6007 = ADVANCED_FACE('',(#6008),#2334,.T.);
#6008 = FACE_BOUND('',#6009,.T.);
#6009 = EDGE_LOOP('',(#6010,#6011,#6034,#6060));
#6010 = ORIENTED_EDGE('',*,*,#2313,.F.);
#6011 = ORIENTED_EDGE('',*,*,#6012,.T.);
#6012 = EDGE_CURVE('',#2288,#6013,#6015,.T.);
#6013 = VERTEX_POINT('',#6014);
#6014 = CARTESIAN_POINT('',(117.9999999972,-28.,22.41));
#6015 = SURFACE_CURVE('',#6016,(#6020,#6027),.PCURVE_S1.);
#6016 = LINE('',#6017,#6018);
#6017 = CARTESIAN_POINT('',(117.9999999972,-28.,11.51));
#6018 = VECTOR('',#6019,1.);
#6019 = DIRECTION('',(0.,0.,1.));
#6020 = PCURVE('',#2334,#6021);
#6021 = DEFINITIONAL_REPRESENTATION('',(#6022),#6026);
#6022 = LINE('',#6023,#6024);
#6023 = CARTESIAN_POINT('',(1.570796326795,0.));
#6024 = VECTOR('',#6025,1.);
#6025 = DIRECTION('',(0.,-1.));
#6026 = ( GEOMETRIC_REPRESENTATION_CONTEXT(2) 
PARAMETRIC_REPRESENTATION_CONTEXT() REPRESENTATION_CONTEXT('2D SPACE',''
  ) );
#6027 = PCURVE('',#2302,#6028);
#6028 = DEFINITIONAL_REPRESENTATION('',(#6029),#6033);
#6029 = LINE('',#6030,#6031);
#6030 = CARTESIAN_POINT('',(25.999999997202,0.));
#6031 = VECTOR('',#6032,1.);
#6032 = DIRECTION('',(0.,-1.));
#6033 = ( GEOMETRIC_REPRESENTATION_CONTEXT(2) 
PARAMETRIC_REPRESENTATION_CONTEXT() REPRESENTATION_CONTEXT('2D SPACE',''
  ) );
#6034 = ORIENTED_EDGE('',*,*,#6035,.T.);
#6035 = EDGE_CURVE('',#6013,#3118,#6036,.T.);
#6036 = SURFACE_CURVE('',#6037,(#6042,#6049),.PCURVE_S1.);
#6037 = CIRCLE('',#6038,2.);
#6038 = AXIS2_PLACEMENT_3D('',#6039,#6040,#6041);
#6039 = CARTESIAN_POINT('',(117.9999999972,-30.,22.41));
#6040 = DIRECTION('',(0.,0.,-1.));
#6041 = DIRECTION('',(-1.,0.,0.));
#6042 = PCURVE('',#2334,#6043);
#6043 = DEFINITIONAL_REPRESENTATION('',(#6044),#6048);
#6044 = LINE('',#6045,#6046);
#6045 = CARTESIAN_POINT('',(0.,-10.9));
#6046 = VECTOR('',#6047,1.);
#6047 = DIRECTION('',(1.,0.));
#6048 = ( GEOMETRIC_REPRESENTATION_CONTEXT(2) 
PARAMETRIC_REPRESENTATION_CONTEXT() REPRESENTATION_CONTEXT('2D SPACE',''
  ) );
#6049 = PCURVE('',#3133,#6050);
#6050 = DEFINITIONAL_REPRESENTATION('',(#6051),#6059);
#6051 = ( BOUNDED_CURVE() B_SPLINE_CURVE(2,(#6052,#6053,#6054,#6055,
#6056,#6057,#6058),.UNSPECIFIED.,.T.,.F.) B_SPLINE_CURVE_WITH_KNOTS((1,2
    ,2,2,2,1),(-2.094395102393,0.,2.094395102393,4.188790204786,
6.28318530718,8.377580409573),.UNSPECIFIED.) CURVE() 
GEOMETRIC_REPRESENTATION_ITEM() RATIONAL_B_SPLINE_CURVE((1.,0.5,1.,0.5,
1.,0.5,1.)) REPRESENTATION_ITEM('') );
#6052 = CARTESIAN_POINT('',(10.999999997872,17.5));
#6053 = CARTESIAN_POINT('',(10.999999997872,20.964101615138));
#6054 = CARTESIAN_POINT('',(13.999999997872,19.232050807569));
#6055 = CARTESIAN_POINT('',(16.999999997872,17.5));
#6056 = CARTESIAN_POINT('',(13.999999997872,15.767949192431));
#6057 = CARTESIAN_POINT('',(10.999999997872,14.035898384862));
#6058 = CARTESIAN_POINT('',(10.999999997872,17.5));
#6059 = ( GEOMETRIC_REPRESENTATION_CONTEXT(2) 
PARAMETRIC_REPRESENTATION_CONTEXT() REPRESENTATION_CONTEXT('2D SPACE',''
  ) );
#6060 = ORIENTED_EDGE('',*,*,#3145,.F.);
#6061 = ADVANCED_FACE('',(#6062),#2098,.F.);
#6062 = FACE_BOUND('',#6063,.F.);
#6063 = EDGE_LOOP('',(#6064,#6087,#6088,#6089));
#6064 = ORIENTED_EDGE('',*,*,#6065,.F.);
#6065 = EDGE_CURVE('',#5963,#6066,#6068,.T.);
#6066 = VERTEX_POINT('',#6067);
#6067 = CARTESIAN_POINT('',(72.,-67.,22.41));
#6068 = SURFACE_CURVE('',#6069,(#6073,#6080),.PCURVE_S1.);
#6069 = LINE('',#6070,#6071);
#6070 = CARTESIAN_POINT('',(117.9999999986,-67.,22.41));
#6071 = VECTOR('',#6072,1.);
#6072 = DIRECTION('',(-1.,0.,-7.723290606323E-17));
#6073 = PCURVE('',#2098,#6074);
#6074 = DEFINITIONAL_REPRESENTATION('',(#6075),#6079);
#6075 = LINE('',#6076,#6077);
#6076 = CARTESIAN_POINT('',(45.999999998601,-10.9));
#6077 = VECTOR('',#6078,1.);
#6078 = DIRECTION('',(-1.,7.723290606323E-17));
#6079 = ( GEOMETRIC_REPRESENTATION_CONTEXT(2) 
PARAMETRIC_REPRESENTATION_CONTEXT() REPRESENTATION_CONTEXT('2D SPACE',''
  ) );
#6080 = PCURVE('',#3133,#6081);
#6081 = DEFINITIONAL_REPRESENTATION('',(#6082),#6086);
#6082 = LINE('',#6083,#6084);
#6083 = CARTESIAN_POINT('',(12.999999999271,-19.5));
#6084 = VECTOR('',#6085,1.);
#6085 = DIRECTION('',(-1.,0.));
#6086 = ( GEOMETRIC_REPRESENTATION_CONTEXT(2) 
PARAMETRIC_REPRESENTATION_CONTEXT() REPRESENTATION_CONTEXT('2D SPACE',''
  ) );
#6087 = ORIENTED_EDGE('',*,*,#5962,.F.);
#6088 = ORIENTED_EDGE('',*,*,#2082,.T.);
#6089 = ORIENTED_EDGE('',*,*,#6090,.T.);
#6090 = EDGE_CURVE('',#2083,#6066,#6091,.T.);
#6091 = SURFACE_CURVE('',#6092,(#6096,#6103),.PCURVE_S1.);
#6092 = LINE('',#6093,#6094);
#6093 = CARTESIAN_POINT('',(72.,-67.,11.51));
#6094 = VECTOR('',#6095,1.);
#6095 = DIRECTION('',(0.,0.,1.));
#6096 = PCURVE('',#2098,#6097);
#6097 = DEFINITIONAL_REPRESENTATION('',(#6098),#6102);
#6098 = LINE('',#6099,#6100);
#6099 = CARTESIAN_POINT('',(0.,0.));
#6100 = VECTOR('',#6101,1.);
#6101 = DIRECTION('',(0.,-1.));
#6102 = ( GEOMETRIC_REPRESENTATION_CONTEXT(2) 
PARAMETRIC_REPRESENTATION_CONTEXT() REPRESENTATION_CONTEXT('2D SPACE',''
  ) );
#6103 = PCURVE('',#2131,#6104);
#6104 = DEFINITIONAL_REPRESENTATION('',(#6105),#6109);
#6105 = LINE('',#6106,#6107);
#6106 = CARTESIAN_POINT('',(-4.712388980385,0.));
#6107 = VECTOR('',#6108,1.);
#6108 = DIRECTION('',(-0.,-1.));
#6109 = ( GEOMETRIC_REPRESENTATION_CONTEXT(2) 
PARAMETRIC_REPRESENTATION_CONTEXT() REPRESENTATION_CONTEXT('2D SPACE',''
  ) );
#6110 = ADVANCED_FACE('',(#6111),#2302,.T.);
#6111 = FACE_BOUND('',#6112,.T.);
#6112 = EDGE_LOOP('',(#6113,#6114,#6137,#6158));
#6113 = ORIENTED_EDGE('',*,*,#2287,.T.);
#6114 = ORIENTED_EDGE('',*,*,#6115,.T.);
#6115 = EDGE_CURVE('',#2255,#6116,#6118,.T.);
#6116 = VERTEX_POINT('',#6117);
#6117 = CARTESIAN_POINT('',(92.,-28.,22.41));
#6118 = SURFACE_CURVE('',#6119,(#6123,#6130),.PCURVE_S1.);
#6119 = LINE('',#6120,#6121);
#6120 = CARTESIAN_POINT('',(92.,-28.,11.51));
#6121 = VECTOR('',#6122,1.);
#6122 = DIRECTION('',(0.,0.,1.));
#6123 = PCURVE('',#2302,#6124);
#6124 = DEFINITIONAL_REPRESENTATION('',(#6125),#6129);
#6125 = LINE('',#6126,#6127);
#6126 = CARTESIAN_POINT('',(0.,0.));
#6127 = VECTOR('',#6128,1.);
#6128 = DIRECTION('',(0.,-1.));
#6129 = ( GEOMETRIC_REPRESENTATION_CONTEXT(2) 
PARAMETRIC_REPRESENTATION_CONTEXT() REPRESENTATION_CONTEXT('2D SPACE',''
  ) );
#6130 = PCURVE('',#2275,#6131);
#6131 = DEFINITIONAL_REPRESENTATION('',(#6132),#6136);
#6132 = LINE('',#6133,#6134);
#6133 = CARTESIAN_POINT('',(1.570796326795,0.));
#6134 = VECTOR('',#6135,1.);
#6135 = DIRECTION('',(0.,-1.));
#6136 = ( GEOMETRIC_REPRESENTATION_CONTEXT(2) 
PARAMETRIC_REPRESENTATION_CONTEXT() REPRESENTATION_CONTEXT('2D SPACE',''
  ) );
#6137 = ORIENTED_EDGE('',*,*,#6138,.T.);
#6138 = EDGE_CURVE('',#6116,#6013,#6139,.T.);
#6139 = SURFACE_CURVE('',#6140,(#6144,#6151),.PCURVE_S1.);
#6140 = LINE('',#6141,#6142);
#6141 = CARTESIAN_POINT('',(105.,-28.,22.41));
#6142 = VECTOR('',#6143,1.);
#6143 = DIRECTION('',(1.,0.,0.));
#6144 = PCURVE('',#2302,#6145);
#6145 = DEFINITIONAL_REPRESENTATION('',(#6146),#6150);
#6146 = LINE('',#6147,#6148);
#6147 = CARTESIAN_POINT('',(13.000000000001,-10.9));
#6148 = VECTOR('',#6149,1.);
#6149 = DIRECTION('',(1.,0.));
#6150 = ( GEOMETRIC_REPRESENTATION_CONTEXT(2) 
PARAMETRIC_REPRESENTATION_CONTEXT() REPRESENTATION_CONTEXT('2D SPACE',''
  ) );
#6151 = PCURVE('',#3133,#6152);
#6152 = DEFINITIONAL_REPRESENTATION('',(#6153),#6157);
#6153 = LINE('',#6154,#6155);
#6154 = CARTESIAN_POINT('',(6.707381317028E-10,19.5));
#6155 = VECTOR('',#6156,1.);
#6156 = DIRECTION('',(1.,0.));
#6157 = ( GEOMETRIC_REPRESENTATION_CONTEXT(2) 
PARAMETRIC_REPRESENTATION_CONTEXT() REPRESENTATION_CONTEXT('2D SPACE',''
  ) );
#6158 = ORIENTED_EDGE('',*,*,#6012,.F.);
#6159 = ADVANCED_FACE('',(#6160),#2131,.T.);
#6160 = FACE_BOUND('',#6161,.F.);
#6161 = EDGE_LOOP('',(#6162,#6163,#6186,#6208));
#6162 = ORIENTED_EDGE('',*,*,#2110,.T.);
#6163 = ORIENTED_EDGE('',*,*,#6164,.T.);
#6164 = EDGE_CURVE('',#2111,#6165,#6167,.T.);
#6165 = VERTEX_POINT('',#6166);
#6166 = CARTESIAN_POINT('',(70.,-65.,22.41));
#6167 = SURFACE_CURVE('',#6168,(#6172,#6179),.PCURVE_S1.);
#6168 = LINE('',#6169,#6170);
#6169 = CARTESIAN_POINT('',(70.,-65.,11.51));
#6170 = VECTOR('',#6171,1.);
#6171 = DIRECTION('',(0.,0.,1.));
#6172 = PCURVE('',#2131,#6173);
#6173 = DEFINITIONAL_REPRESENTATION('',(#6174),#6178);
#6174 = LINE('',#6175,#6176);
#6175 = CARTESIAN_POINT('',(-3.14159265359,0.));
#6176 = VECTOR('',#6177,1.);
#6177 = DIRECTION('',(-0.,-1.));
#6178 = ( GEOMETRIC_REPRESENTATION_CONTEXT(2) 
PARAMETRIC_REPRESENTATION_CONTEXT() REPRESENTATION_CONTEXT('2D SPACE',''
  ) );
#6179 = PCURVE('',#2158,#6180);
#6180 = DEFINITIONAL_REPRESENTATION('',(#6181),#6185);
#6181 = LINE('',#6182,#6183);
#6182 = CARTESIAN_POINT('',(0.,0.));
#6183 = VECTOR('',#6184,1.);
#6184 = DIRECTION('',(0.,-1.));
#6185 = ( GEOMETRIC_REPRESENTATION_CONTEXT(2) 
PARAMETRIC_REPRESENTATION_CONTEXT() REPRESENTATION_CONTEXT('2D SPACE',''
  ) );
#6186 = ORIENTED_EDGE('',*,*,#6187,.T.);
#6187 = EDGE_CURVE('',#6165,#6066,#6188,.T.);
#6188 = SURFACE_CURVE('',#6189,(#6194,#6201),.PCURVE_S1.);
#6189 = CIRCLE('',#6190,2.);
#6190 = AXIS2_PLACEMENT_3D('',#6191,#6192,#6193);
#6191 = CARTESIAN_POINT('',(72.,-65.,22.41));
#6192 = DIRECTION('',(0.,0.,1.));
#6193 = DIRECTION('',(1.,0.,0.));
#6194 = PCURVE('',#2131,#6195);
#6195 = DEFINITIONAL_REPRESENTATION('',(#6196),#6200);
#6196 = LINE('',#6197,#6198);
#6197 = CARTESIAN_POINT('',(-0.,-10.9));
#6198 = VECTOR('',#6199,1.);
#6199 = DIRECTION('',(-1.,0.));
#6200 = ( GEOMETRIC_REPRESENTATION_CONTEXT(2) 
PARAMETRIC_REPRESENTATION_CONTEXT() REPRESENTATION_CONTEXT('2D SPACE',''
  ) );
#6201 = PCURVE('',#3133,#6202);
#6202 = DEFINITIONAL_REPRESENTATION('',(#6203),#6207);
#6203 = CIRCLE('',#6204,2.);
#6204 = AXIS2_PLACEMENT_2D('',#6205,#6206);
#6205 = CARTESIAN_POINT('',(-32.99999999933,-17.5));
#6206 = DIRECTION('',(1.,0.));
#6207 = ( GEOMETRIC_REPRESENTATION_CONTEXT(2) 
PARAMETRIC_REPRESENTATION_CONTEXT() REPRESENTATION_CONTEXT('2D SPACE',''
  ) );
#6208 = ORIENTED_EDGE('',*,*,#6090,.F.);
#6209 = ADVANCED_FACE('',(#6210),#2275,.T.);
#6210 = FACE_BOUND('',#6211,.T.);
#6211 = EDGE_LOOP('',(#6212,#6213,#6236,#6262));
#6212 = ORIENTED_EDGE('',*,*,#2254,.F.);
#6213 = ORIENTED_EDGE('',*,*,#6214,.T.);
#6214 = EDGE_CURVE('',#2229,#6215,#6217,.T.);
#6215 = VERTEX_POINT('',#6216);
#6216 = CARTESIAN_POINT('',(90.,-30.,22.41));
#6217 = SURFACE_CURVE('',#6218,(#6222,#6229),.PCURVE_S1.);
#6218 = LINE('',#6219,#6220);
#6219 = CARTESIAN_POINT('',(90.,-30.,11.51));
#6220 = VECTOR('',#6221,1.);
#6221 = DIRECTION('',(0.,0.,1.));
#6222 = PCURVE('',#2275,#6223);
#6223 = DEFINITIONAL_REPRESENTATION('',(#6224),#6228);
#6224 = LINE('',#6225,#6226);
#6225 = CARTESIAN_POINT('',(0.,0.));
#6226 = VECTOR('',#6227,1.);
#6227 = DIRECTION('',(0.,-1.));
#6228 = ( GEOMETRIC_REPRESENTATION_CONTEXT(2) 
PARAMETRIC_REPRESENTATION_CONTEXT() REPRESENTATION_CONTEXT('2D SPACE',''
  ) );
#6229 = PCURVE('',#2243,#6230);
#6230 = DEFINITIONAL_REPRESENTATION('',(#6231),#6235);
#6231 = LINE('',#6232,#6233);
#6232 = CARTESIAN_POINT('',(35.,0.));
#6233 = VECTOR('',#6234,1.);
#6234 = DIRECTION('',(0.,-1.));
#6235 = ( GEOMETRIC_REPRESENTATION_CONTEXT(2) 
PARAMETRIC_REPRESENTATION_CONTEXT() REPRESENTATION_CONTEXT('2D SPACE',''
  ) );
#6236 = ORIENTED_EDGE('',*,*,#6237,.T.);
#6237 = EDGE_CURVE('',#6215,#6116,#6238,.T.);
#6238 = SURFACE_CURVE('',#6239,(#6244,#6251),.PCURVE_S1.);
#6239 = CIRCLE('',#6240,2.);
#6240 = AXIS2_PLACEMENT_3D('',#6241,#6242,#6243);
#6241 = CARTESIAN_POINT('',(92.,-30.,22.41));
#6242 = DIRECTION('',(0.,0.,-1.));
#6243 = DIRECTION('',(-1.,0.,0.));
#6244 = PCURVE('',#2275,#6245);
#6245 = DEFINITIONAL_REPRESENTATION('',(#6246),#6250);
#6246 = LINE('',#6247,#6248);
#6247 = CARTESIAN_POINT('',(0.,-10.9));
#6248 = VECTOR('',#6249,1.);
#6249 = DIRECTION('',(1.,0.));
#6250 = ( GEOMETRIC_REPRESENTATION_CONTEXT(2) 
PARAMETRIC_REPRESENTATION_CONTEXT() REPRESENTATION_CONTEXT('2D SPACE',''
  ) );
#6251 = PCURVE('',#3133,#6252);
#6252 = DEFINITIONAL_REPRESENTATION('',(#6253),#6261);
#6253 = ( BOUNDED_CURVE() B_SPLINE_CURVE(2,(#6254,#6255,#6256,#6257,
#6258,#6259,#6260),.UNSPECIFIED.,.T.,.F.) B_SPLINE_CURVE_WITH_KNOTS((1,2
    ,2,2,2,1),(-2.094395102393,0.,2.094395102393,4.188790204786,
6.28318530718,8.377580409573),.UNSPECIFIED.) CURVE() 
GEOMETRIC_REPRESENTATION_ITEM() RATIONAL_B_SPLINE_CURVE((1.,0.5,1.,0.5,
1.,0.5,1.)) REPRESENTATION_ITEM('') );
#6254 = CARTESIAN_POINT('',(-14.99999999933,17.5));
#6255 = CARTESIAN_POINT('',(-14.99999999933,20.964101615138));
#6256 = CARTESIAN_POINT('',(-11.99999999933,19.232050807569));
#6257 = CARTESIAN_POINT('',(-8.99999999933,17.5));
#6258 = CARTESIAN_POINT('',(-11.99999999933,15.767949192431));
#6259 = CARTESIAN_POINT('',(-14.99999999933,14.035898384862));
#6260 = CARTESIAN_POINT('',(-14.99999999933,17.5));
#6261 = ( GEOMETRIC_REPRESENTATION_CONTEXT(2) 
PARAMETRIC_REPRESENTATION_CONTEXT() REPRESENTATION_CONTEXT('2D SPACE',''
  ) );
#6262 = ORIENTED_EDGE('',*,*,#6115,.F.);
#6263 = ADVANCED_FACE('',(#6264),#2158,.T.);
#6264 = FACE_BOUND('',#6265,.T.);
#6265 = EDGE_LOOP('',(#6266,#6267,#6268,#6291));
#6266 = ORIENTED_EDGE('',*,*,#2143,.T.);
#6267 = ORIENTED_EDGE('',*,*,#6164,.T.);
#6268 = ORIENTED_EDGE('',*,*,#6269,.T.);
#6269 = EDGE_CURVE('',#6165,#6270,#6272,.T.);
#6270 = VERTEX_POINT('',#6271);
#6271 = CARTESIAN_POINT('',(70.,-50.00000000107,22.41));
#6272 = SURFACE_CURVE('',#6273,(#6277,#6284),.PCURVE_S1.);
#6273 = LINE('',#6274,#6275);
#6274 = CARTESIAN_POINT('',(70.,-57.5,22.41));
#6275 = VECTOR('',#6276,1.);
#6276 = DIRECTION('',(0.,1.,0.));
#6277 = PCURVE('',#2158,#6278);
#6278 = DEFINITIONAL_REPRESENTATION('',(#6279),#6283);
#6279 = LINE('',#6280,#6281);
#6280 = CARTESIAN_POINT('',(7.5,-10.9));
#6281 = VECTOR('',#6282,1.);
#6282 = DIRECTION('',(1.,0.));
#6283 = ( GEOMETRIC_REPRESENTATION_CONTEXT(2) 
PARAMETRIC_REPRESENTATION_CONTEXT() REPRESENTATION_CONTEXT('2D SPACE',''
  ) );
#6284 = PCURVE('',#3133,#6285);
#6285 = DEFINITIONAL_REPRESENTATION('',(#6286),#6290);
#6286 = LINE('',#6287,#6288);
#6287 = CARTESIAN_POINT('',(-34.99999999933,-10.));
#6288 = VECTOR('',#6289,1.);
#6289 = DIRECTION('',(0.,1.));
#6290 = ( GEOMETRIC_REPRESENTATION_CONTEXT(2) 
PARAMETRIC_REPRESENTATION_CONTEXT() REPRESENTATION_CONTEXT('2D SPACE',''
  ) );
#6291 = ORIENTED_EDGE('',*,*,#6292,.F.);
#6292 = EDGE_CURVE('',#2144,#6270,#6293,.T.);
#6293 = SURFACE_CURVE('',#6294,(#6298,#6305),.PCURVE_S1.);
#6294 = LINE('',#6295,#6296);
#6295 = CARTESIAN_POINT('',(70.,-50.00000000107,11.51));
#6296 = VECTOR('',#6297,1.);
#6297 = DIRECTION('',(0.,0.,1.));
#6298 = PCURVE('',#2158,#6299);
#6299 = DEFINITIONAL_REPRESENTATION('',(#6300),#6304);
#6300 = LINE('',#6301,#6302);
#6301 = CARTESIAN_POINT('',(14.999999998927,0.));
#6302 = VECTOR('',#6303,1.);
#6303 = DIRECTION('',(0.,-1.));
#6304 = ( GEOMETRIC_REPRESENTATION_CONTEXT(2) 
PARAMETRIC_REPRESENTATION_CONTEXT() REPRESENTATION_CONTEXT('2D SPACE',''
  ) );
#6305 = PCURVE('',#2190,#6306);
#6306 = DEFINITIONAL_REPRESENTATION('',(#6307),#6311);
#6307 = LINE('',#6308,#6309);
#6308 = CARTESIAN_POINT('',(-3.14159265359,0.));
#6309 = VECTOR('',#6310,1.);
#6310 = DIRECTION('',(-0.,-1.));
#6311 = ( GEOMETRIC_REPRESENTATION_CONTEXT(2) 
PARAMETRIC_REPRESENTATION_CONTEXT() REPRESENTATION_CONTEXT('2D SPACE',''
  ) );
#6312 = ADVANCED_FACE('',(#6313),#2243,.T.);
#6313 = FACE_BOUND('',#6314,.T.);
#6314 = EDGE_LOOP('',(#6315,#6336,#6357,#6358));
#6315 = ORIENTED_EDGE('',*,*,#6316,.T.);
#6316 = EDGE_CURVE('',#2203,#6317,#6319,.T.);
#6317 = VERTEX_POINT('',#6318);
#6318 = CARTESIAN_POINT('',(90.,-48.,22.41));
#6319 = SURFACE_CURVE('',#6320,(#6324,#6330),.PCURVE_S1.);
#6320 = LINE('',#6321,#6322);
#6321 = CARTESIAN_POINT('',(90.,-48.,11.51));
#6322 = VECTOR('',#6323,1.);
#6323 = DIRECTION('',(0.,-0.,1.));
#6324 = PCURVE('',#2243,#6325);
#6325 = DEFINITIONAL_REPRESENTATION('',(#6326),#6329);
#6326 = B_SPLINE_CURVE_WITH_KNOTS('',1,(#6327,#6328),.UNSPECIFIED.,.F.,
  .F.,(2,2),(2.5,10.9),.PIECEWISE_BEZIER_KNOTS.);
#6327 = CARTESIAN_POINT('',(17.,-2.5));
#6328 = CARTESIAN_POINT('',(17.,-10.9));
#6329 = ( GEOMETRIC_REPRESENTATION_CONTEXT(2) 
PARAMETRIC_REPRESENTATION_CONTEXT() REPRESENTATION_CONTEXT('2D SPACE',''
  ) );
#6330 = PCURVE('',#2217,#6331);
#6331 = DEFINITIONAL_REPRESENTATION('',(#6332),#6335);
#6332 = B_SPLINE_CURVE_WITH_KNOTS('',1,(#6333,#6334),.UNSPECIFIED.,.F.,
  .F.,(2,2),(2.5,10.9),.PIECEWISE_BEZIER_KNOTS.);
#6333 = CARTESIAN_POINT('',(18.,-2.5));
#6334 = CARTESIAN_POINT('',(18.,-10.9));
#6335 = ( GEOMETRIC_REPRESENTATION_CONTEXT(2) 
PARAMETRIC_REPRESENTATION_CONTEXT() REPRESENTATION_CONTEXT('2D SPACE',''
  ) );
#6336 = ORIENTED_EDGE('',*,*,#6337,.T.);
#6337 = EDGE_CURVE('',#6317,#6215,#6338,.T.);
#6338 = SURFACE_CURVE('',#6339,(#6343,#6350),.PCURVE_S1.);
#6339 = LINE('',#6340,#6341);
#6340 = CARTESIAN_POINT('',(90.,-47.5,22.41));
#6341 = VECTOR('',#6342,1.);
#6342 = DIRECTION('',(0.,1.,0.));
#6343 = PCURVE('',#2243,#6344);
#6344 = DEFINITIONAL_REPRESENTATION('',(#6345),#6349);
#6345 = LINE('',#6346,#6347);
#6346 = CARTESIAN_POINT('',(17.5,-10.9));
#6347 = VECTOR('',#6348,1.);
#6348 = DIRECTION('',(1.,0.));
#6349 = ( GEOMETRIC_REPRESENTATION_CONTEXT(2) 
PARAMETRIC_REPRESENTATION_CONTEXT() REPRESENTATION_CONTEXT('2D SPACE',''
  ) );
#6350 = PCURVE('',#3133,#6351);
#6351 = DEFINITIONAL_REPRESENTATION('',(#6352),#6356);
#6352 = LINE('',#6353,#6354);
#6353 = CARTESIAN_POINT('',(-14.99999999932,0.));
#6354 = VECTOR('',#6355,1.);
#6355 = DIRECTION('',(0.,1.));
#6356 = ( GEOMETRIC_REPRESENTATION_CONTEXT(2) 
PARAMETRIC_REPRESENTATION_CONTEXT() REPRESENTATION_CONTEXT('2D SPACE',''
  ) );
#6357 = ORIENTED_EDGE('',*,*,#6214,.F.);
#6358 = ORIENTED_EDGE('',*,*,#2228,.T.);
#6359 = ADVANCED_FACE('',(#6360),#2190,.T.);
#6360 = FACE_BOUND('',#6361,.F.);
#6361 = EDGE_LOOP('',(#6362,#6363,#6386,#6408));
#6362 = ORIENTED_EDGE('',*,*,#2169,.T.);
#6363 = ORIENTED_EDGE('',*,*,#6364,.T.);
#6364 = EDGE_CURVE('',#2170,#6365,#6367,.T.);
#6365 = VERTEX_POINT('',#6366);
#6366 = CARTESIAN_POINT('',(72.,-48.00000000053,22.41));
#6367 = SURFACE_CURVE('',#6368,(#6372,#6379),.PCURVE_S1.);
#6368 = LINE('',#6369,#6370);
#6369 = CARTESIAN_POINT('',(72.,-48.00000000053,11.51));
#6370 = VECTOR('',#6371,1.);
#6371 = DIRECTION('',(0.,0.,1.));
#6372 = PCURVE('',#2190,#6373);
#6373 = DEFINITIONAL_REPRESENTATION('',(#6374),#6378);
#6374 = LINE('',#6375,#6376);
#6375 = CARTESIAN_POINT('',(-1.570796326795,0.));
#6376 = VECTOR('',#6377,1.);
#6377 = DIRECTION('',(-0.,-1.));
#6378 = ( GEOMETRIC_REPRESENTATION_CONTEXT(2) 
PARAMETRIC_REPRESENTATION_CONTEXT() REPRESENTATION_CONTEXT('2D SPACE',''
  ) );
#6379 = PCURVE('',#2217,#6380);
#6380 = DEFINITIONAL_REPRESENTATION('',(#6381),#6385);
#6381 = LINE('',#6382,#6383);
#6382 = CARTESIAN_POINT('',(0.,0.));
#6383 = VECTOR('',#6384,1.);
#6384 = DIRECTION('',(0.,-1.));
#6385 = ( GEOMETRIC_REPRESENTATION_CONTEXT(2) 
PARAMETRIC_REPRESENTATION_CONTEXT() REPRESENTATION_CONTEXT('2D SPACE',''
  ) );
#6386 = ORIENTED_EDGE('',*,*,#6387,.T.);
#6387 = EDGE_CURVE('',#6365,#6270,#6388,.T.);
#6388 = SURFACE_CURVE('',#6389,(#6394,#6401),.PCURVE_S1.);
#6389 = CIRCLE('',#6390,2.);
#6390 = AXIS2_PLACEMENT_3D('',#6391,#6392,#6393);
#6391 = CARTESIAN_POINT('',(72.,-50.00000000107,22.41));
#6392 = DIRECTION('',(0.,0.,1.));
#6393 = DIRECTION('',(1.,0.,0.));
#6394 = PCURVE('',#2190,#6395);
#6395 = DEFINITIONAL_REPRESENTATION('',(#6396),#6400);
#6396 = LINE('',#6397,#6398);
#6397 = CARTESIAN_POINT('',(-0.,-10.9));
#6398 = VECTOR('',#6399,1.);
#6399 = DIRECTION('',(-1.,0.));
#6400 = ( GEOMETRIC_REPRESENTATION_CONTEXT(2) 
PARAMETRIC_REPRESENTATION_CONTEXT() REPRESENTATION_CONTEXT('2D SPACE',''
  ) );
#6401 = PCURVE('',#3133,#6402);
#6402 = DEFINITIONAL_REPRESENTATION('',(#6403),#6407);
#6403 = CIRCLE('',#6404,2.);
#6404 = AXIS2_PLACEMENT_2D('',#6405,#6406);
#6405 = CARTESIAN_POINT('',(-32.99999999933,-2.500000001073));
#6406 = DIRECTION('',(1.,0.));
#6407 = ( GEOMETRIC_REPRESENTATION_CONTEXT(2) 
PARAMETRIC_REPRESENTATION_CONTEXT() REPRESENTATION_CONTEXT('2D SPACE',''
  ) );
#6408 = ORIENTED_EDGE('',*,*,#6292,.F.);
#6409 = ADVANCED_FACE('',(#6410),#2217,.T.);
#6410 = FACE_BOUND('',#6411,.T.);
#6411 = EDGE_LOOP('',(#6412,#6413,#6414,#6415));
#6412 = ORIENTED_EDGE('',*,*,#6316,.F.);
#6413 = ORIENTED_EDGE('',*,*,#2202,.T.);
#6414 = ORIENTED_EDGE('',*,*,#6364,.T.);
#6415 = ORIENTED_EDGE('',*,*,#6416,.T.);
#6416 = EDGE_CURVE('',#6365,#6317,#6417,.T.);
#6417 = SURFACE_CURVE('',#6418,(#6422,#6429),.PCURVE_S1.);
#6418 = LINE('',#6419,#6420);
#6419 = CARTESIAN_POINT('',(95.,-48.,22.41));
#6420 = VECTOR('',#6421,1.);
#6421 = DIRECTION('',(1.,0.,0.));
#6422 = PCURVE('',#2217,#6423);
#6423 = DEFINITIONAL_REPRESENTATION('',(#6424),#6428);
#6424 = LINE('',#6425,#6426);
#6425 = CARTESIAN_POINT('',(23.,-10.9));
#6426 = VECTOR('',#6427,1.);
#6427 = DIRECTION('',(1.,0.));
#6428 = ( GEOMETRIC_REPRESENTATION_CONTEXT(2) 
PARAMETRIC_REPRESENTATION_CONTEXT() REPRESENTATION_CONTEXT('2D SPACE',''
  ) );
#6429 = PCURVE('',#3133,#6430);
#6430 = DEFINITIONAL_REPRESENTATION('',(#6431),#6435);
#6431 = LINE('',#6432,#6433);
#6432 = CARTESIAN_POINT('',(-9.99999999933,-0.5));
#6433 = VECTOR('',#6434,1.);
#6434 = DIRECTION('',(1.,0.));
#6435 = ( GEOMETRIC_REPRESENTATION_CONTEXT(2) 
PARAMETRIC_REPRESENTATION_CONTEXT() REPRESENTATION_CONTEXT('2D SPACE',''
  ) );
#6436 = ADVANCED_FACE('',(#6437),#2434,.F.);
#6437 = FACE_BOUND('',#6438,.F.);
#6438 = EDGE_LOOP('',(#6439,#6440,#6461,#6462));
#6439 = ORIENTED_EDGE('',*,*,#2417,.F.);
#6440 = ORIENTED_EDGE('',*,*,#6441,.F.);
#6441 = EDGE_CURVE('',#3171,#2418,#6442,.T.);
#6442 = SEAM_CURVE('',#6443,(#6447,#6454),.PCURVE_S1.);
#6443 = LINE('',#6444,#6445);
#6444 = CARTESIAN_POINT('',(4.1,-71.,12.31));
#6445 = VECTOR('',#6446,1.);
#6446 = DIRECTION('',(0.685364699005,-1.67865936977E-16,0.728199992693)
  );
#6447 = PCURVE('',#2434,#6448);
#6448 = DEFINITIONAL_REPRESENTATION('',(#6449),#6453);
#6449 = LINE('',#6450,#6451);
#6450 = CARTESIAN_POINT('',(6.28318530718,-0.));
#6451 = VECTOR('',#6452,1.);
#6452 = DIRECTION('',(0.,1.));
#6453 = ( GEOMETRIC_REPRESENTATION_CONTEXT(2) 
PARAMETRIC_REPRESENTATION_CONTEXT() REPRESENTATION_CONTEXT('2D SPACE',''
  ) );
#6454 = PCURVE('',#2434,#6455);
#6455 = DEFINITIONAL_REPRESENTATION('',(#6456),#6460);
#6456 = LINE('',#6457,#6458);
#6457 = CARTESIAN_POINT('',(0.,-0.));
#6458 = VECTOR('',#6459,1.);
#6459 = DIRECTION('',(0.,1.));
#6460 = ( GEOMETRIC_REPRESENTATION_CONTEXT(2) 
PARAMETRIC_REPRESENTATION_CONTEXT() REPRESENTATION_CONTEXT('2D SPACE',''
  ) );
#6461 = ORIENTED_EDGE('',*,*,#3170,.T.);
#6462 = ORIENTED_EDGE('',*,*,#6441,.T.);
#6463 = ADVANCED_FACE('',(#6464),#2465,.F.);
#6464 = FACE_BOUND('',#6465,.F.);
#6465 = EDGE_LOOP('',(#6466,#6467,#6490,#6517));
#6466 = ORIENTED_EDGE('',*,*,#2448,.F.);
#6467 = ORIENTED_EDGE('',*,*,#6468,.F.);
#6468 = EDGE_CURVE('',#6469,#2449,#6471,.T.);
#6469 = VERTEX_POINT('',#6470);
#6470 = CARTESIAN_POINT('',(20.5,-52.,13.51));
#6471 = SEAM_CURVE('',#6472,(#6476,#6483),.PCURVE_S1.);
#6472 = LINE('',#6473,#6474);
#6473 = CARTESIAN_POINT('',(20.5,-52.,13.51));
#6474 = VECTOR('',#6475,1.);
#6475 = DIRECTION('',(0.,0.,1.));
#6476 = PCURVE('',#2465,#6477);
#6477 = DEFINITIONAL_REPRESENTATION('',(#6478),#6482);
#6478 = LINE('',#6479,#6480);
#6479 = CARTESIAN_POINT('',(6.28318530718,-0.));
#6480 = VECTOR('',#6481,1.);
#6481 = DIRECTION('',(0.,1.));
#6482 = ( GEOMETRIC_REPRESENTATION_CONTEXT(2) 
PARAMETRIC_REPRESENTATION_CONTEXT() REPRESENTATION_CONTEXT('2D SPACE',''
  ) );
#6483 = PCURVE('',#2465,#6484);
#6484 = DEFINITIONAL_REPRESENTATION('',(#6485),#6489);
#6485 = LINE('',#6486,#6487);
#6486 = CARTESIAN_POINT('',(0.,-0.));
#6487 = VECTOR('',#6488,1.);
#6488 = DIRECTION('',(0.,1.));
#6489 = ( GEOMETRIC_REPRESENTATION_CONTEXT(2) 
PARAMETRIC_REPRESENTATION_CONTEXT() REPRESENTATION_CONTEXT('2D SPACE',''
  ) );
#6490 = ORIENTED_EDGE('',*,*,#6491,.T.);
#6491 = EDGE_CURVE('',#6469,#6469,#6492,.T.);
#6492 = SURFACE_CURVE('',#6493,(#6498,#6505),.PCURVE_S1.);
#6493 = CIRCLE('',#6494,6.);
#6494 = AXIS2_PLACEMENT_3D('',#6495,#6496,#6497);
#6495 = CARTESIAN_POINT('',(14.5,-52.,13.51));
#6496 = DIRECTION('',(0.,0.,1.));
#6497 = DIRECTION('',(1.,0.,-0.));
#6498 = PCURVE('',#2465,#6499);
#6499 = DEFINITIONAL_REPRESENTATION('',(#6500),#6504);
#6500 = LINE('',#6501,#6502);
#6501 = CARTESIAN_POINT('',(0.,0.));
#6502 = VECTOR('',#6503,1.);
#6503 = DIRECTION('',(1.,0.));
#6504 = ( GEOMETRIC_REPRESENTATION_CONTEXT(2) 
PARAMETRIC_REPRESENTATION_CONTEXT() REPRESENTATION_CONTEXT('2D SPACE',''
  ) );
#6505 = PCURVE('',#6506,#6511);
#6506 = PLANE('',#6507);
#6507 = AXIS2_PLACEMENT_3D('',#6508,#6509,#6510);
#6508 = CARTESIAN_POINT('',(14.5,-52.,13.51));
#6509 = DIRECTION('',(0.,0.,1.));
#6510 = DIRECTION('',(1.,0.,-0.));
#6511 = DEFINITIONAL_REPRESENTATION('',(#6512),#6516);
#6512 = CIRCLE('',#6513,6.);
#6513 = AXIS2_PLACEMENT_2D('',#6514,#6515);
#6514 = CARTESIAN_POINT('',(0.,0.));
#6515 = DIRECTION('',(1.,0.));
#6516 = ( GEOMETRIC_REPRESENTATION_CONTEXT(2) 
PARAMETRIC_REPRESENTATION_CONTEXT() REPRESENTATION_CONTEXT('2D SPACE',''
  ) );
#6517 = ORIENTED_EDGE('',*,*,#6468,.T.);
#6518 = ADVANCED_FACE('',(#6519),#2496,.F.);
#6519 = FACE_BOUND('',#6520,.F.);
#6520 = EDGE_LOOP('',(#6521,#6522,#6545,#6572));
#6521 = ORIENTED_EDGE('',*,*,#2479,.F.);
#6522 = ORIENTED_EDGE('',*,*,#6523,.F.);
#6523 = EDGE_CURVE('',#6524,#2480,#6526,.T.);
#6524 = VERTEX_POINT('',#6525);
#6525 = CARTESIAN_POINT('',(33.5,-52.,13.51));
#6526 = SEAM_CURVE('',#6527,(#6531,#6538),.PCURVE_S1.);
#6527 = LINE('',#6528,#6529);
#6528 = CARTESIAN_POINT('',(33.5,-52.,13.51));
#6529 = VECTOR('',#6530,1.);
#6530 = DIRECTION('',(0.,0.,1.));
#6531 = PCURVE('',#2496,#6532);
#6532 = DEFINITIONAL_REPRESENTATION('',(#6533),#6537);
#6533 = LINE('',#6534,#6535);
#6534 = CARTESIAN_POINT('',(6.28318530718,-0.));
#6535 = VECTOR('',#6536,1.);
#6536 = DIRECTION('',(0.,1.));
#6537 = ( GEOMETRIC_REPRESENTATION_CONTEXT(2) 
PARAMETRIC_REPRESENTATION_CONTEXT() REPRESENTATION_CONTEXT('2D SPACE',''
  ) );
#6538 = PCURVE('',#2496,#6539);
#6539 = DEFINITIONAL_REPRESENTATION('',(#6540),#6544);
#6540 = LINE('',#6541,#6542);
#6541 = CARTESIAN_POINT('',(0.,-0.));
#6542 = VECTOR('',#6543,1.);
#6543 = DIRECTION('',(0.,1.));
#6544 = ( GEOMETRIC_REPRESENTATION_CONTEXT(2) 
PARAMETRIC_REPRESENTATION_CONTEXT() REPRESENTATION_CONTEXT('2D SPACE',''
  ) );
#6545 = ORIENTED_EDGE('',*,*,#6546,.T.);
#6546 = EDGE_CURVE('',#6524,#6524,#6547,.T.);
#6547 = SURFACE_CURVE('',#6548,(#6553,#6560),.PCURVE_S1.);
#6548 = CIRCLE('',#6549,6.);
#6549 = AXIS2_PLACEMENT_3D('',#6550,#6551,#6552);
#6550 = CARTESIAN_POINT('',(27.5,-52.,13.51));
#6551 = DIRECTION('',(0.,0.,1.));
#6552 = DIRECTION('',(1.,0.,-0.));
#6553 = PCURVE('',#2496,#6554);
#6554 = DEFINITIONAL_REPRESENTATION('',(#6555),#6559);
#6555 = LINE('',#6556,#6557);
#6556 = CARTESIAN_POINT('',(0.,0.));
#6557 = VECTOR('',#6558,1.);
#6558 = DIRECTION('',(1.,0.));
#6559 = ( GEOMETRIC_REPRESENTATION_CONTEXT(2) 
PARAMETRIC_REPRESENTATION_CONTEXT() REPRESENTATION_CONTEXT('2D SPACE',''
  ) );
#6560 = PCURVE('',#6561,#6566);
#6561 = PLANE('',#6562);
#6562 = AXIS2_PLACEMENT_3D('',#6563,#6564,#6565);
#6563 = CARTESIAN_POINT('',(27.5,-52.,13.51));
#6564 = DIRECTION('',(0.,0.,1.));
#6565 = DIRECTION('',(1.,0.,-0.));
#6566 = DEFINITIONAL_REPRESENTATION('',(#6567),#6571);
#6567 = CIRCLE('',#6568,6.);
#6568 = AXIS2_PLACEMENT_2D('',#6569,#6570);
#6569 = CARTESIAN_POINT('',(0.,0.));
#6570 = DIRECTION('',(1.,0.));
#6571 = ( GEOMETRIC_REPRESENTATION_CONTEXT(2) 
PARAMETRIC_REPRESENTATION_CONTEXT() REPRESENTATION_CONTEXT('2D SPACE',''
  ) );
#6572 = ORIENTED_EDGE('',*,*,#6523,.T.);
#6573 = ADVANCED_FACE('',(#6574),#2527,.F.);
#6574 = FACE_BOUND('',#6575,.F.);
#6575 = EDGE_LOOP('',(#6576,#6577,#6600,#6627));
#6576 = ORIENTED_EDGE('',*,*,#2510,.F.);
#6577 = ORIENTED_EDGE('',*,*,#6578,.F.);
#6578 = EDGE_CURVE('',#6579,#2511,#6581,.T.);
#6579 = VERTEX_POINT('',#6580);
#6580 = CARTESIAN_POINT('',(46.5,-52.,13.51));
#6581 = SEAM_CURVE('',#6582,(#6586,#6593),.PCURVE_S1.);
#6582 = LINE('',#6583,#6584);
#6583 = CARTESIAN_POINT('',(46.5,-52.,13.51));
#6584 = VECTOR('',#6585,1.);
#6585 = DIRECTION('',(0.,0.,1.));
#6586 = PCURVE('',#2527,#6587);
#6587 = DEFINITIONAL_REPRESENTATION('',(#6588),#6592);
#6588 = LINE('',#6589,#6590);
#6589 = CARTESIAN_POINT('',(6.28318530718,-0.));
#6590 = VECTOR('',#6591,1.);
#6591 = DIRECTION('',(0.,1.));
#6592 = ( GEOMETRIC_REPRESENTATION_CONTEXT(2) 
PARAMETRIC_REPRESENTATION_CONTEXT() REPRESENTATION_CONTEXT('2D SPACE',''
  ) );
#6593 = PCURVE('',#2527,#6594);
#6594 = DEFINITIONAL_REPRESENTATION('',(#6595),#6599);
#6595 = LINE('',#6596,#6597);
#6596 = CARTESIAN_POINT('',(0.,-0.));
#6597 = VECTOR('',#6598,1.);
#6598 = DIRECTION('',(0.,1.));
#6599 = ( GEOMETRIC_REPRESENTATION_CONTEXT(2) 
PARAMETRIC_REPRESENTATION_CONTEXT() REPRESENTATION_CONTEXT('2D SPACE',''
  ) );
#6600 = ORIENTED_EDGE('',*,*,#6601,.T.);
#6601 = EDGE_CURVE('',#6579,#6579,#6602,.T.);
#6602 = SURFACE_CURVE('',#6603,(#6608,#6615),.PCURVE_S1.);
#6603 = CIRCLE('',#6604,6.);
#6604 = AXIS2_PLACEMENT_3D('',#6605,#6606,#6607);
#6605 = CARTESIAN_POINT('',(40.5,-52.,13.51));
#6606 = DIRECTION('',(0.,0.,1.));
#6607 = DIRECTION('',(1.,0.,-0.));
#6608 = PCURVE('',#2527,#6609);
#6609 = DEFINITIONAL_REPRESENTATION('',(#6610),#6614);
#6610 = LINE('',#6611,#6612);
#6611 = CARTESIAN_POINT('',(0.,0.));
#6612 = VECTOR('',#6613,1.);
#6613 = DIRECTION('',(1.,0.));
#6614 = ( GEOMETRIC_REPRESENTATION_CONTEXT(2) 
PARAMETRIC_REPRESENTATION_CONTEXT() REPRESENTATION_CONTEXT('2D SPACE',''
  ) );
#6615 = PCURVE('',#6616,#6621);
#6616 = PLANE('',#6617);
#6617 = AXIS2_PLACEMENT_3D('',#6618,#6619,#6620);
#6618 = CARTESIAN_POINT('',(40.5,-52.,13.51));
#6619 = DIRECTION('',(0.,0.,1.));
#6620 = DIRECTION('',(1.,0.,-0.));
#6621 = DEFINITIONAL_REPRESENTATION('',(#6622),#6626);
#6622 = CIRCLE('',#6623,6.);
#6623 = AXIS2_PLACEMENT_2D('',#6624,#6625);
#6624 = CARTESIAN_POINT('',(0.,0.));
#6625 = DIRECTION('',(1.,0.));
#6626 = ( GEOMETRIC_REPRESENTATION_CONTEXT(2) 
PARAMETRIC_REPRESENTATION_CONTEXT() REPRESENTATION_CONTEXT('2D SPACE',''
  ) );
#6627 = ORIENTED_EDGE('',*,*,#6578,.T.);
#6628 = ADVANCED_FACE('',(#6629),#2558,.F.);
#6629 = FACE_BOUND('',#6630,.F.);
#6630 = EDGE_LOOP('',(#6631,#6632,#6655,#6682));
#6631 = ORIENTED_EDGE('',*,*,#2541,.F.);
#6632 = ORIENTED_EDGE('',*,*,#6633,.F.);
#6633 = EDGE_CURVE('',#6634,#2542,#6636,.T.);
#6634 = VERTEX_POINT('',#6635);
#6635 = CARTESIAN_POINT('',(59.5,-52.,13.51));
#6636 = SEAM_CURVE('',#6637,(#6641,#6648),.PCURVE_S1.);
#6637 = LINE('',#6638,#6639);
#6638 = CARTESIAN_POINT('',(59.5,-52.,13.51));
#6639 = VECTOR('',#6640,1.);
#6640 = DIRECTION('',(0.,0.,1.));
#6641 = PCURVE('',#2558,#6642);
#6642 = DEFINITIONAL_REPRESENTATION('',(#6643),#6647);
#6643 = LINE('',#6644,#6645);
#6644 = CARTESIAN_POINT('',(6.28318530718,-0.));
#6645 = VECTOR('',#6646,1.);
#6646 = DIRECTION('',(0.,1.));
#6647 = ( GEOMETRIC_REPRESENTATION_CONTEXT(2) 
PARAMETRIC_REPRESENTATION_CONTEXT() REPRESENTATION_CONTEXT('2D SPACE',''
  ) );
#6648 = PCURVE('',#2558,#6649);
#6649 = DEFINITIONAL_REPRESENTATION('',(#6650),#6654);
#6650 = LINE('',#6651,#6652);
#6651 = CARTESIAN_POINT('',(0.,-0.));
#6652 = VECTOR('',#6653,1.);
#6653 = DIRECTION('',(0.,1.));
#6654 = ( GEOMETRIC_REPRESENTATION_CONTEXT(2) 
PARAMETRIC_REPRESENTATION_CONTEXT() REPRESENTATION_CONTEXT('2D SPACE',''
  ) );
#6655 = ORIENTED_EDGE('',*,*,#6656,.T.);
#6656 = EDGE_CURVE('',#6634,#6634,#6657,.T.);
#6657 = SURFACE_CURVE('',#6658,(#6663,#6670),.PCURVE_S1.);
#6658 = CIRCLE('',#6659,6.);
#6659 = AXIS2_PLACEMENT_3D('',#6660,#6661,#6662);
#6660 = CARTESIAN_POINT('',(53.5,-52.,13.51));
#6661 = DIRECTION('',(0.,0.,1.));
#6662 = DIRECTION('',(1.,0.,-0.));
#6663 = PCURVE('',#2558,#6664);
#6664 = DEFINITIONAL_REPRESENTATION('',(#6665),#6669);
#6665 = LINE('',#6666,#6667);
#6666 = CARTESIAN_POINT('',(0.,0.));
#6667 = VECTOR('',#6668,1.);
#6668 = DIRECTION('',(1.,0.));
#6669 = ( GEOMETRIC_REPRESENTATION_CONTEXT(2) 
PARAMETRIC_REPRESENTATION_CONTEXT() REPRESENTATION_CONTEXT('2D SPACE',''
  ) );
#6670 = PCURVE('',#6671,#6676);
#6671 = PLANE('',#6672);
#6672 = AXIS2_PLACEMENT_3D('',#6673,#6674,#6675);
#6673 = CARTESIAN_POINT('',(53.5,-52.,13.51));
#6674 = DIRECTION('',(0.,0.,1.));
#6675 = DIRECTION('',(1.,0.,-0.));
#6676 = DEFINITIONAL_REPRESENTATION('',(#6677),#6681);
#6677 = CIRCLE('',#6678,6.);
#6678 = AXIS2_PLACEMENT_2D('',#6679,#6680);
#6679 = CARTESIAN_POINT('',(0.,0.));
#6680 = DIRECTION('',(1.,0.));
#6681 = ( GEOMETRIC_REPRESENTATION_CONTEXT(2) 
PARAMETRIC_REPRESENTATION_CONTEXT() REPRESENTATION_CONTEXT('2D SPACE',''
  ) );
#6682 = ORIENTED_EDGE('',*,*,#6633,.T.);
#6683 = ADVANCED_FACE('',(#6684),#2589,.F.);
#6684 = FACE_BOUND('',#6685,.F.);
#6685 = EDGE_LOOP('',(#6686,#6687,#6708,#6709));
#6686 = ORIENTED_EDGE('',*,*,#2572,.F.);
#6687 = ORIENTED_EDGE('',*,*,#6688,.F.);
#6688 = EDGE_CURVE('',#3827,#2573,#6689,.T.);
#6689 = SEAM_CURVE('',#6690,(#6694,#6701),.PCURVE_S1.);
#6690 = LINE('',#6691,#6692);
#6691 = CARTESIAN_POINT('',(116.7,-71.,12.31));
#6692 = VECTOR('',#6693,1.);
#6693 = DIRECTION('',(0.685364699005,-1.67865936977E-16,0.728199992693)
  );
#6694 = PCURVE('',#2589,#6695);
#6695 = DEFINITIONAL_REPRESENTATION('',(#6696),#6700);
#6696 = LINE('',#6697,#6698);
#6697 = CARTESIAN_POINT('',(6.28318530718,-0.));
#6698 = VECTOR('',#6699,1.);
#6699 = DIRECTION('',(0.,1.));
#6700 = ( GEOMETRIC_REPRESENTATION_CONTEXT(2) 
PARAMETRIC_REPRESENTATION_CONTEXT() REPRESENTATION_CONTEXT('2D SPACE',''
  ) );
#6701 = PCURVE('',#2589,#6702);
#6702 = DEFINITIONAL_REPRESENTATION('',(#6703),#6707);
#6703 = LINE('',#6704,#6705);
#6704 = CARTESIAN_POINT('',(0.,-0.));
#6705 = VECTOR('',#6706,1.);
#6706 = DIRECTION('',(0.,1.));
#6707 = ( GEOMETRIC_REPRESENTATION_CONTEXT(2) 
PARAMETRIC_REPRESENTATION_CONTEXT() REPRESENTATION_CONTEXT('2D SPACE',''
  ) );
#6708 = ORIENTED_EDGE('',*,*,#3826,.T.);
#6709 = ORIENTED_EDGE('',*,*,#6688,.T.);
#6710 = ADVANCED_FACE('',(#6711),#2620,.F.);
#6711 = FACE_BOUND('',#6712,.F.);
#6712 = EDGE_LOOP('',(#6713,#6736,#6757,#6758));
#6713 = ORIENTED_EDGE('',*,*,#6714,.T.);
#6714 = EDGE_CURVE('',#6715,#6717,#6719,.T.);
#6715 = VERTEX_POINT('',#6716);
#6716 = CARTESIAN_POINT('',(7.74,-10.30000000109,8.06));
#6717 = VERTEX_POINT('',#6718);
#6718 = CARTESIAN_POINT('',(7.74,-41.9,8.06));
#6719 = SURFACE_CURVE('',#6720,(#6724,#6730),.PCURVE_S1.);
#6720 = LINE('',#6721,#6722);
#6721 = CARTESIAN_POINT('',(7.74,-34.00000000012,8.06));
#6722 = VECTOR('',#6723,1.);
#6723 = DIRECTION('',(0.,-1.,0.));
#6724 = PCURVE('',#2620,#6725);
#6725 = DEFINITIONAL_REPRESENTATION('',(#6726),#6729);
#6726 = B_SPLINE_CURVE_WITH_KNOTS('',1,(#6727,#6728),.UNSPECIFIED.,.F.,
  .F.,(2,2),(-23.69999999902,7.899999999879),.PIECEWISE_BEZIER_KNOTS.);
#6727 = CARTESIAN_POINT('',(31.599999998906,-1.E-01));
#6728 = CARTESIAN_POINT('',(0.,-1.E-01));
#6729 = ( GEOMETRIC_REPRESENTATION_CONTEXT(2) 
PARAMETRIC_REPRESENTATION_CONTEXT() REPRESENTATION_CONTEXT('2D SPACE',''
  ) );
#6730 = PCURVE('',#5032,#6731);
#6731 = DEFINITIONAL_REPRESENTATION('',(#6732),#6735);
#6732 = B_SPLINE_CURVE_WITH_KNOTS('',1,(#6733,#6734),.UNSPECIFIED.,.F.,
  .F.,(2,2),(-23.69999999902,7.899999999879),.PIECEWISE_BEZIER_KNOTS.);
#6733 = CARTESIAN_POINT('',(-23.3,15.799999999148));
#6734 = CARTESIAN_POINT('',(-23.3,-15.79999999975));
#6735 = ( GEOMETRIC_REPRESENTATION_CONTEXT(2) 
PARAMETRIC_REPRESENTATION_CONTEXT() REPRESENTATION_CONTEXT('2D SPACE',''
  ) );
#6736 = ORIENTED_EDGE('',*,*,#6737,.T.);
#6737 = EDGE_CURVE('',#6717,#2606,#6738,.T.);
#6738 = SURFACE_CURVE('',#6739,(#6743,#6750),.PCURVE_S1.);
#6739 = LINE('',#6740,#6741);
#6740 = CARTESIAN_POINT('',(7.74,-41.9,7.96));
#6741 = VECTOR('',#6742,1.);
#6742 = DIRECTION('',(0.,0.,1.));
#6743 = PCURVE('',#2620,#6744);
#6744 = DEFINITIONAL_REPRESENTATION('',(#6745),#6749);
#6745 = LINE('',#6746,#6747);
#6746 = CARTESIAN_POINT('',(0.,0.));
#6747 = VECTOR('',#6748,1.);
#6748 = DIRECTION('',(0.,-1.));
#6749 = ( GEOMETRIC_REPRESENTATION_CONTEXT(2) 
PARAMETRIC_REPRESENTATION_CONTEXT() REPRESENTATION_CONTEXT('2D SPACE',''
  ) );
#6750 = PCURVE('',#2827,#6751);
#6751 = DEFINITIONAL_REPRESENTATION('',(#6752),#6756);
#6752 = LINE('',#6753,#6754);
#6753 = CARTESIAN_POINT('',(-3.14159265359,0.));
#6754 = VECTOR('',#6755,1.);
#6755 = DIRECTION('',(-0.,-1.));
#6756 = ( GEOMETRIC_REPRESENTATION_CONTEXT(2) 
PARAMETRIC_REPRESENTATION_CONTEXT() REPRESENTATION_CONTEXT('2D SPACE',''
  ) );
#6757 = ORIENTED_EDGE('',*,*,#2603,.F.);
#6758 = ORIENTED_EDGE('',*,*,#6759,.F.);
#6759 = EDGE_CURVE('',#6715,#2604,#6760,.T.);
#6760 = SURFACE_CURVE('',#6761,(#6765,#6772),.PCURVE_S1.);
#6761 = LINE('',#6762,#6763);
#6762 = CARTESIAN_POINT('',(7.74,-10.30000000109,7.96));
#6763 = VECTOR('',#6764,1.);
#6764 = DIRECTION('',(0.,0.,1.));
#6765 = PCURVE('',#2620,#6766);
#6766 = DEFINITIONAL_REPRESENTATION('',(#6767),#6771);
#6767 = LINE('',#6768,#6769);
#6768 = CARTESIAN_POINT('',(31.599999998906,0.));
#6769 = VECTOR('',#6770,1.);
#6770 = DIRECTION('',(0.,-1.));
#6771 = ( GEOMETRIC_REPRESENTATION_CONTEXT(2) 
PARAMETRIC_REPRESENTATION_CONTEXT() REPRESENTATION_CONTEXT('2D SPACE',''
  ) );
#6772 = PCURVE('',#2652,#6773);
#6773 = DEFINITIONAL_REPRESENTATION('',(#6774),#6778);
#6774 = LINE('',#6775,#6776);
#6775 = CARTESIAN_POINT('',(-3.14159265359,0.));
#6776 = VECTOR('',#6777,1.);
#6777 = DIRECTION('',(-0.,-1.));
#6778 = ( GEOMETRIC_REPRESENTATION_CONTEXT(2) 
PARAMETRIC_REPRESENTATION_CONTEXT() REPRESENTATION_CONTEXT('2D SPACE',''
  ) );
#6779 = ADVANCED_FACE('',(#6780),#2652,.F.);
#6780 = FACE_BOUND('',#6781,.T.);
#6781 = EDGE_LOOP('',(#6782,#6810,#6831,#6832));
#6782 = ORIENTED_EDGE('',*,*,#6783,.T.);
#6783 = EDGE_CURVE('',#6715,#6784,#6786,.T.);
#6784 = VERTEX_POINT('',#6785);
#6785 = CARTESIAN_POINT('',(8.74,-9.300000000547,8.06));
#6786 = SURFACE_CURVE('',#6787,(#6792,#6799),.PCURVE_S1.);
#6787 = CIRCLE('',#6788,1.);
#6788 = AXIS2_PLACEMENT_3D('',#6789,#6790,#6791);
#6789 = CARTESIAN_POINT('',(8.74,-10.30000000109,8.06));
#6790 = DIRECTION('',(0.,0.,-1.));
#6791 = DIRECTION('',(1.,0.,0.));
#6792 = PCURVE('',#2652,#6793);
#6793 = DEFINITIONAL_REPRESENTATION('',(#6794),#6798);
#6794 = LINE('',#6795,#6796);
#6795 = CARTESIAN_POINT('',(-6.28318530718,-1.E-01));
#6796 = VECTOR('',#6797,1.);
#6797 = DIRECTION('',(1.,-0.));
#6798 = ( GEOMETRIC_REPRESENTATION_CONTEXT(2) 
PARAMETRIC_REPRESENTATION_CONTEXT() REPRESENTATION_CONTEXT('2D SPACE',''
  ) );
#6799 = PCURVE('',#5032,#6800);
#6800 = DEFINITIONAL_REPRESENTATION('',(#6801),#6809);
#6801 = ( BOUNDED_CURVE() B_SPLINE_CURVE(2,(#6802,#6803,#6804,#6805,
#6806,#6807,#6808),.UNSPECIFIED.,.T.,.F.) B_SPLINE_CURVE_WITH_KNOTS((1,2
    ,2,2,2,1),(-2.094395102393,0.,2.094395102393,4.188790204786,
6.28318530718,8.377580409573),.UNSPECIFIED.) CURVE() 
GEOMETRIC_REPRESENTATION_ITEM() RATIONAL_B_SPLINE_CURVE((1.,0.5,1.,0.5,
1.,0.5,1.)) REPRESENTATION_ITEM('') );
#6802 = CARTESIAN_POINT('',(-21.3,15.799999999148));
#6803 = CARTESIAN_POINT('',(-21.3,14.067949191579));
#6804 = CARTESIAN_POINT('',(-22.8,14.933974595364));
#6805 = CARTESIAN_POINT('',(-24.3,15.799999999148));
#6806 = CARTESIAN_POINT('',(-22.8,16.666025402932));
#6807 = CARTESIAN_POINT('',(-21.3,17.532050806717));
#6808 = CARTESIAN_POINT('',(-21.3,15.799999999148));
#6809 = ( GEOMETRIC_REPRESENTATION_CONTEXT(2) 
PARAMETRIC_REPRESENTATION_CONTEXT() REPRESENTATION_CONTEXT('2D SPACE',''
  ) );
#6810 = ORIENTED_EDGE('',*,*,#6811,.T.);
#6811 = EDGE_CURVE('',#6784,#2632,#6812,.T.);
#6812 = SURFACE_CURVE('',#6813,(#6817,#6824),.PCURVE_S1.);
#6813 = LINE('',#6814,#6815);
#6814 = CARTESIAN_POINT('',(8.74,-9.300000000547,7.96));
#6815 = VECTOR('',#6816,1.);
#6816 = DIRECTION('',(0.,0.,1.));
#6817 = PCURVE('',#2652,#6818);
#6818 = DEFINITIONAL_REPRESENTATION('',(#6819),#6823);
#6819 = LINE('',#6820,#6821);
#6820 = CARTESIAN_POINT('',(-1.570796326795,0.));
#6821 = VECTOR('',#6822,1.);
#6822 = DIRECTION('',(-0.,-1.));
#6823 = ( GEOMETRIC_REPRESENTATION_CONTEXT(2) 
PARAMETRIC_REPRESENTATION_CONTEXT() REPRESENTATION_CONTEXT('2D SPACE',''
  ) );
#6824 = PCURVE('',#2679,#6825);
#6825 = DEFINITIONAL_REPRESENTATION('',(#6826),#6830);
#6826 = LINE('',#6827,#6828);
#6827 = CARTESIAN_POINT('',(0.,0.));
#6828 = VECTOR('',#6829,1.);
#6829 = DIRECTION('',(0.,-1.));
#6830 = ( GEOMETRIC_REPRESENTATION_CONTEXT(2) 
PARAMETRIC_REPRESENTATION_CONTEXT() REPRESENTATION_CONTEXT('2D SPACE',''
  ) );
#6831 = ORIENTED_EDGE('',*,*,#2631,.F.);
#6832 = ORIENTED_EDGE('',*,*,#6759,.F.);
#6833 = ADVANCED_FACE('',(#6834),#2827,.F.);
#6834 = FACE_BOUND('',#6835,.T.);
#6835 = EDGE_LOOP('',(#6836,#6864,#6865,#6866));
#6836 = ORIENTED_EDGE('',*,*,#6837,.T.);
#6837 = EDGE_CURVE('',#6838,#6717,#6840,.T.);
#6838 = VERTEX_POINT('',#6839);
#6839 = CARTESIAN_POINT('',(8.74,-42.9,8.06));
#6840 = SURFACE_CURVE('',#6841,(#6846,#6853),.PCURVE_S1.);
#6841 = CIRCLE('',#6842,1.);
#6842 = AXIS2_PLACEMENT_3D('',#6843,#6844,#6845);
#6843 = CARTESIAN_POINT('',(8.74,-41.9,8.06));
#6844 = DIRECTION('',(0.,0.,-1.));
#6845 = DIRECTION('',(1.,0.,0.));
#6846 = PCURVE('',#2827,#6847);
#6847 = DEFINITIONAL_REPRESENTATION('',(#6848),#6852);
#6848 = LINE('',#6849,#6850);
#6849 = CARTESIAN_POINT('',(-6.28318530718,-1.E-01));
#6850 = VECTOR('',#6851,1.);
#6851 = DIRECTION('',(1.,-0.));
#6852 = ( GEOMETRIC_REPRESENTATION_CONTEXT(2) 
PARAMETRIC_REPRESENTATION_CONTEXT() REPRESENTATION_CONTEXT('2D SPACE',''
  ) );
#6853 = PCURVE('',#5032,#6854);
#6854 = DEFINITIONAL_REPRESENTATION('',(#6855),#6863);
#6855 = ( BOUNDED_CURVE() B_SPLINE_CURVE(2,(#6856,#6857,#6858,#6859,
#6860,#6861,#6862),.UNSPECIFIED.,.T.,.F.) B_SPLINE_CURVE_WITH_KNOTS((1,2
    ,2,2,2,1),(-2.094395102393,0.,2.094395102393,4.188790204786,
6.28318530718,8.377580409573),.UNSPECIFIED.) CURVE() 
GEOMETRIC_REPRESENTATION_ITEM() RATIONAL_B_SPLINE_CURVE((1.,0.5,1.,0.5,
1.,0.5,1.)) REPRESENTATION_ITEM('') );
#6856 = CARTESIAN_POINT('',(-21.3,-15.79999999975));
#6857 = CARTESIAN_POINT('',(-21.3,-17.53205080732));
#6858 = CARTESIAN_POINT('',(-22.8,-16.66602540354));
#6859 = CARTESIAN_POINT('',(-24.3,-15.79999999975));
#6860 = CARTESIAN_POINT('',(-22.8,-14.93397459597));
#6861 = CARTESIAN_POINT('',(-21.3,-14.06794919218));
#6862 = CARTESIAN_POINT('',(-21.3,-15.79999999975));
#6863 = ( GEOMETRIC_REPRESENTATION_CONTEXT(2) 
PARAMETRIC_REPRESENTATION_CONTEXT() REPRESENTATION_CONTEXT('2D SPACE',''
  ) );
#6864 = ORIENTED_EDGE('',*,*,#6737,.T.);
#6865 = ORIENTED_EDGE('',*,*,#2808,.F.);
#6866 = ORIENTED_EDGE('',*,*,#6867,.F.);
#6867 = EDGE_CURVE('',#6838,#2783,#6868,.T.);
#6868 = SURFACE_CURVE('',#6869,(#6873,#6880),.PCURVE_S1.);
#6869 = LINE('',#6870,#6871);
#6870 = CARTESIAN_POINT('',(8.74,-42.9,7.96));
#6871 = VECTOR('',#6872,1.);
#6872 = DIRECTION('',(0.,0.,1.));
#6873 = PCURVE('',#2827,#6874);
#6874 = DEFINITIONAL_REPRESENTATION('',(#6875),#6879);
#6875 = LINE('',#6876,#6877);
#6876 = CARTESIAN_POINT('',(-4.712388980385,0.));
#6877 = VECTOR('',#6878,1.);
#6878 = DIRECTION('',(-0.,-1.));
#6879 = ( GEOMETRIC_REPRESENTATION_CONTEXT(2) 
PARAMETRIC_REPRESENTATION_CONTEXT() REPRESENTATION_CONTEXT('2D SPACE',''
  ) );
#6880 = PCURVE('',#2797,#6881);
#6881 = DEFINITIONAL_REPRESENTATION('',(#6882),#6886);
#6882 = LINE('',#6883,#6884);
#6883 = CARTESIAN_POINT('',(0.,0.));
#6884 = VECTOR('',#6885,1.);
#6885 = DIRECTION('',(0.,-1.));
#6886 = ( GEOMETRIC_REPRESENTATION_CONTEXT(2) 
PARAMETRIC_REPRESENTATION_CONTEXT() REPRESENTATION_CONTEXT('2D SPACE',''
  ) );
#6887 = ADVANCED_FACE('',(#6888),#2679,.F.);
#6888 = FACE_BOUND('',#6889,.F.);
#6889 = EDGE_LOOP('',(#6890,#6911,#6912,#6913));
#6890 = ORIENTED_EDGE('',*,*,#6891,.T.);
#6891 = EDGE_CURVE('',#6892,#6784,#6894,.T.);
#6892 = VERTEX_POINT('',#6893);
#6893 = CARTESIAN_POINT('',(53.34,-9.300000000547,8.06));
#6894 = SURFACE_CURVE('',#6895,(#6899,#6905),.PCURVE_S1.);
#6895 = LINE('',#6896,#6897);
#6896 = CARTESIAN_POINT('',(19.89,-9.299999999998,8.06));
#6897 = VECTOR('',#6898,1.);
#6898 = DIRECTION('',(-1.,0.,0.));
#6899 = PCURVE('',#2679,#6900);
#6900 = DEFINITIONAL_REPRESENTATION('',(#6901),#6904);
#6901 = B_SPLINE_CURVE_WITH_KNOTS('',1,(#6902,#6903),.UNSPECIFIED.,.F.,
  .F.,(2,2),(-33.45,11.15),.PIECEWISE_BEZIER_KNOTS.);
#6902 = CARTESIAN_POINT('',(44.6,-1.E-01));
#6903 = CARTESIAN_POINT('',(0.,-1.E-01));
#6904 = ( GEOMETRIC_REPRESENTATION_CONTEXT(2) 
PARAMETRIC_REPRESENTATION_CONTEXT() REPRESENTATION_CONTEXT('2D SPACE',''
  ) );
#6905 = PCURVE('',#5032,#6906);
#6906 = DEFINITIONAL_REPRESENTATION('',(#6907),#6910);
#6907 = B_SPLINE_CURVE_WITH_KNOTS('',1,(#6908,#6909),.UNSPECIFIED.,.F.,
  .F.,(2,2),(-33.45,11.15),.PIECEWISE_BEZIER_KNOTS.);
#6908 = CARTESIAN_POINT('',(22.3,16.800000000245));
#6909 = CARTESIAN_POINT('',(-22.3,16.800000000245));
#6910 = ( GEOMETRIC_REPRESENTATION_CONTEXT(2) 
PARAMETRIC_REPRESENTATION_CONTEXT() REPRESENTATION_CONTEXT('2D SPACE',''
  ) );
#6911 = ORIENTED_EDGE('',*,*,#6811,.T.);
#6912 = ORIENTED_EDGE('',*,*,#2664,.F.);
#6913 = ORIENTED_EDGE('',*,*,#6914,.F.);
#6914 = EDGE_CURVE('',#6892,#2665,#6915,.T.);
#6915 = SURFACE_CURVE('',#6916,(#6920,#6927),.PCURVE_S1.);
#6916 = LINE('',#6917,#6918);
#6917 = CARTESIAN_POINT('',(53.34,-9.300000000547,7.96));
#6918 = VECTOR('',#6919,1.);
#6919 = DIRECTION('',(0.,0.,1.));
#6920 = PCURVE('',#2679,#6921);
#6921 = DEFINITIONAL_REPRESENTATION('',(#6922),#6926);
#6922 = LINE('',#6923,#6924);
#6923 = CARTESIAN_POINT('',(44.6,0.));
#6924 = VECTOR('',#6925,1.);
#6925 = DIRECTION('',(0.,-1.));
#6926 = ( GEOMETRIC_REPRESENTATION_CONTEXT(2) 
PARAMETRIC_REPRESENTATION_CONTEXT() REPRESENTATION_CONTEXT('2D SPACE',''
  ) );
#6927 = PCURVE('',#2711,#6928);
#6928 = DEFINITIONAL_REPRESENTATION('',(#6929),#6933);
#6929 = LINE('',#6930,#6931);
#6930 = CARTESIAN_POINT('',(-1.570796326795,0.));
#6931 = VECTOR('',#6932,1.);
#6932 = DIRECTION('',(-0.,-1.));
#6933 = ( GEOMETRIC_REPRESENTATION_CONTEXT(2) 
PARAMETRIC_REPRESENTATION_CONTEXT() REPRESENTATION_CONTEXT('2D SPACE',''
  ) );
#6934 = ADVANCED_FACE('',(#6935),#2797,.T.);
#6935 = FACE_BOUND('',#6936,.T.);
#6936 = EDGE_LOOP('',(#6937,#6958,#6959,#6960));
#6937 = ORIENTED_EDGE('',*,*,#6938,.T.);
#6938 = EDGE_CURVE('',#6939,#6838,#6941,.T.);
#6939 = VERTEX_POINT('',#6940);
#6940 = CARTESIAN_POINT('',(53.34,-42.9,8.06));
#6941 = SURFACE_CURVE('',#6942,(#6946,#6952),.PCURVE_S1.);
#6942 = LINE('',#6943,#6944);
#6943 = CARTESIAN_POINT('',(19.89,-42.89999999999,8.06));
#6944 = VECTOR('',#6945,1.);
#6945 = DIRECTION('',(-1.,0.,0.));
#6946 = PCURVE('',#2797,#6947);
#6947 = DEFINITIONAL_REPRESENTATION('',(#6948),#6951);
#6948 = B_SPLINE_CURVE_WITH_KNOTS('',1,(#6949,#6950),.UNSPECIFIED.,.F.,
  .F.,(2,2),(-33.45,11.15),.PIECEWISE_BEZIER_KNOTS.);
#6949 = CARTESIAN_POINT('',(44.6,-1.E-01));
#6950 = CARTESIAN_POINT('',(0.,-1.E-01));
#6951 = ( GEOMETRIC_REPRESENTATION_CONTEXT(2) 
PARAMETRIC_REPRESENTATION_CONTEXT() REPRESENTATION_CONTEXT('2D SPACE',''
  ) );
#6952 = PCURVE('',#5032,#6953);
#6953 = DEFINITIONAL_REPRESENTATION('',(#6954),#6957);
#6954 = B_SPLINE_CURVE_WITH_KNOTS('',1,(#6955,#6956),.UNSPECIFIED.,.F.,
  .F.,(2,2),(-33.45,11.15),.PIECEWISE_BEZIER_KNOTS.);
#6955 = CARTESIAN_POINT('',(22.3,-16.79999999975));
#6956 = CARTESIAN_POINT('',(-22.3,-16.79999999975));
#6957 = ( GEOMETRIC_REPRESENTATION_CONTEXT(2) 
PARAMETRIC_REPRESENTATION_CONTEXT() REPRESENTATION_CONTEXT('2D SPACE',''
  ) );
#6958 = ORIENTED_EDGE('',*,*,#6867,.T.);
#6959 = ORIENTED_EDGE('',*,*,#2782,.F.);
#6960 = ORIENTED_EDGE('',*,*,#6961,.F.);
#6961 = EDGE_CURVE('',#6939,#2750,#6962,.T.);
#6962 = SURFACE_CURVE('',#6963,(#6967,#6974),.PCURVE_S1.);
#6963 = LINE('',#6964,#6965);
#6964 = CARTESIAN_POINT('',(53.34,-42.9,7.96));
#6965 = VECTOR('',#6966,1.);
#6966 = DIRECTION('',(0.,0.,1.));
#6967 = PCURVE('',#2797,#6968);
#6968 = DEFINITIONAL_REPRESENTATION('',(#6969),#6973);
#6969 = LINE('',#6970,#6971);
#6970 = CARTESIAN_POINT('',(44.6,0.));
#6971 = VECTOR('',#6972,1.);
#6972 = DIRECTION('',(0.,-1.));
#6973 = ( GEOMETRIC_REPRESENTATION_CONTEXT(2) 
PARAMETRIC_REPRESENTATION_CONTEXT() REPRESENTATION_CONTEXT('2D SPACE',''
  ) );
#6974 = PCURVE('',#2770,#6975);
#6975 = DEFINITIONAL_REPRESENTATION('',(#6976),#6980);
#6976 = LINE('',#6977,#6978);
#6977 = CARTESIAN_POINT('',(-4.712388980385,0.));
#6978 = VECTOR('',#6979,1.);
#6979 = DIRECTION('',(-0.,-1.));
#6980 = ( GEOMETRIC_REPRESENTATION_CONTEXT(2) 
PARAMETRIC_REPRESENTATION_CONTEXT() REPRESENTATION_CONTEXT('2D SPACE',''
  ) );
#6981 = ADVANCED_FACE('',(#6982),#2711,.F.);
#6982 = FACE_BOUND('',#6983,.T.);
#6983 = EDGE_LOOP('',(#6984,#7012,#7033,#7034));
#6984 = ORIENTED_EDGE('',*,*,#6985,.T.);
#6985 = EDGE_CURVE('',#6892,#6986,#6988,.T.);
#6986 = VERTEX_POINT('',#6987);
#6987 = CARTESIAN_POINT('',(54.34,-10.30000000109,8.06));
#6988 = SURFACE_CURVE('',#6989,(#6994,#7001),.PCURVE_S1.);
#6989 = CIRCLE('',#6990,1.);
#6990 = AXIS2_PLACEMENT_3D('',#6991,#6992,#6993);
#6991 = CARTESIAN_POINT('',(53.34,-10.30000000109,8.06));
#6992 = DIRECTION('',(0.,0.,-1.));
#6993 = DIRECTION('',(1.,0.,0.));
#6994 = PCURVE('',#2711,#6995);
#6995 = DEFINITIONAL_REPRESENTATION('',(#6996),#7000);
#6996 = LINE('',#6997,#6998);
#6997 = CARTESIAN_POINT('',(-6.28318530718,-1.E-01));
#6998 = VECTOR('',#6999,1.);
#6999 = DIRECTION('',(1.,-0.));
#7000 = ( GEOMETRIC_REPRESENTATION_CONTEXT(2) 
PARAMETRIC_REPRESENTATION_CONTEXT() REPRESENTATION_CONTEXT('2D SPACE',''
  ) );
#7001 = PCURVE('',#5032,#7002);
#7002 = DEFINITIONAL_REPRESENTATION('',(#7003),#7011);
#7003 = ( BOUNDED_CURVE() B_SPLINE_CURVE(2,(#7004,#7005,#7006,#7007,
#7008,#7009,#7010),.UNSPECIFIED.,.T.,.F.) B_SPLINE_CURVE_WITH_KNOTS((1,2
    ,2,2,2,1),(-2.094395102393,0.,2.094395102393,4.188790204786,
6.28318530718,8.377580409573),.UNSPECIFIED.) CURVE() 
GEOMETRIC_REPRESENTATION_ITEM() RATIONAL_B_SPLINE_CURVE((1.,0.5,1.,0.5,
1.,0.5,1.)) REPRESENTATION_ITEM('') );
#7004 = CARTESIAN_POINT('',(23.3,15.799999999148));
#7005 = CARTESIAN_POINT('',(23.3,14.067949191579));
#7006 = CARTESIAN_POINT('',(21.8,14.933974595364));
#7007 = CARTESIAN_POINT('',(20.3,15.799999999148));
#7008 = CARTESIAN_POINT('',(21.8,16.666025402932));
#7009 = CARTESIAN_POINT('',(23.3,17.532050806717));
#7010 = CARTESIAN_POINT('',(23.3,15.799999999148));
#7011 = ( GEOMETRIC_REPRESENTATION_CONTEXT(2) 
PARAMETRIC_REPRESENTATION_CONTEXT() REPRESENTATION_CONTEXT('2D SPACE',''
  ) );
#7012 = ORIENTED_EDGE('',*,*,#7013,.T.);
#7013 = EDGE_CURVE('',#6986,#2691,#7014,.T.);
#7014 = SURFACE_CURVE('',#7015,(#7019,#7026),.PCURVE_S1.);
#7015 = LINE('',#7016,#7017);
#7016 = CARTESIAN_POINT('',(54.34,-10.30000000109,7.96));
#7017 = VECTOR('',#7018,1.);
#7018 = DIRECTION('',(0.,0.,1.));
#7019 = PCURVE('',#2711,#7020);
#7020 = DEFINITIONAL_REPRESENTATION('',(#7021),#7025);
#7021 = LINE('',#7022,#7023);
#7022 = CARTESIAN_POINT('',(-0.,0.));
#7023 = VECTOR('',#7024,1.);
#7024 = DIRECTION('',(-0.,-1.));
#7025 = ( GEOMETRIC_REPRESENTATION_CONTEXT(2) 
PARAMETRIC_REPRESENTATION_CONTEXT() REPRESENTATION_CONTEXT('2D SPACE',''
  ) );
#7026 = PCURVE('',#2738,#7027);
#7027 = DEFINITIONAL_REPRESENTATION('',(#7028),#7032);
#7028 = LINE('',#7029,#7030);
#7029 = CARTESIAN_POINT('',(31.599999998906,0.));
#7030 = VECTOR('',#7031,1.);
#7031 = DIRECTION('',(0.,-1.));
#7032 = ( GEOMETRIC_REPRESENTATION_CONTEXT(2) 
PARAMETRIC_REPRESENTATION_CONTEXT() REPRESENTATION_CONTEXT('2D SPACE',''
  ) );
#7033 = ORIENTED_EDGE('',*,*,#2690,.F.);
#7034 = ORIENTED_EDGE('',*,*,#6914,.F.);
#7035 = ADVANCED_FACE('',(#7036),#2770,.F.);
#7036 = FACE_BOUND('',#7037,.T.);
#7037 = EDGE_LOOP('',(#7038,#7066,#7067,#7068));
#7038 = ORIENTED_EDGE('',*,*,#7039,.T.);
#7039 = EDGE_CURVE('',#7040,#6939,#7042,.T.);
#7040 = VERTEX_POINT('',#7041);
#7041 = CARTESIAN_POINT('',(54.34,-41.9,8.06));
#7042 = SURFACE_CURVE('',#7043,(#7048,#7055),.PCURVE_S1.);
#7043 = CIRCLE('',#7044,1.);
#7044 = AXIS2_PLACEMENT_3D('',#7045,#7046,#7047);
#7045 = CARTESIAN_POINT('',(53.34,-41.9,8.06));
#7046 = DIRECTION('',(0.,0.,-1.));
#7047 = DIRECTION('',(1.,0.,0.));
#7048 = PCURVE('',#2770,#7049);
#7049 = DEFINITIONAL_REPRESENTATION('',(#7050),#7054);
#7050 = LINE('',#7051,#7052);
#7051 = CARTESIAN_POINT('',(-6.28318530718,-1.E-01));
#7052 = VECTOR('',#7053,1.);
#7053 = DIRECTION('',(1.,-0.));
#7054 = ( GEOMETRIC_REPRESENTATION_CONTEXT(2) 
PARAMETRIC_REPRESENTATION_CONTEXT() REPRESENTATION_CONTEXT('2D SPACE',''
  ) );
#7055 = PCURVE('',#5032,#7056);
#7056 = DEFINITIONAL_REPRESENTATION('',(#7057),#7065);
#7057 = ( BOUNDED_CURVE() B_SPLINE_CURVE(2,(#7058,#7059,#7060,#7061,
#7062,#7063,#7064),.UNSPECIFIED.,.T.,.F.) B_SPLINE_CURVE_WITH_KNOTS((1,2
    ,2,2,2,1),(-2.094395102393,0.,2.094395102393,4.188790204786,
6.28318530718,8.377580409573),.UNSPECIFIED.) CURVE() 
GEOMETRIC_REPRESENTATION_ITEM() RATIONAL_B_SPLINE_CURVE((1.,0.5,1.,0.5,
1.,0.5,1.)) REPRESENTATION_ITEM('') );
#7058 = CARTESIAN_POINT('',(23.3,-15.79999999975));
#7059 = CARTESIAN_POINT('',(23.3,-17.53205080732));
#7060 = CARTESIAN_POINT('',(21.8,-16.66602540354));
#7061 = CARTESIAN_POINT('',(20.3,-15.79999999975));
#7062 = CARTESIAN_POINT('',(21.8,-14.93397459597));
#7063 = CARTESIAN_POINT('',(23.3,-14.06794919218));
#7064 = CARTESIAN_POINT('',(23.3,-15.79999999975));
#7065 = ( GEOMETRIC_REPRESENTATION_CONTEXT(2) 
PARAMETRIC_REPRESENTATION_CONTEXT() REPRESENTATION_CONTEXT('2D SPACE',''
  ) );
#7066 = ORIENTED_EDGE('',*,*,#6961,.T.);
#7067 = ORIENTED_EDGE('',*,*,#2749,.F.);
#7068 = ORIENTED_EDGE('',*,*,#7069,.F.);
#7069 = EDGE_CURVE('',#7040,#2724,#7070,.T.);
#7070 = SURFACE_CURVE('',#7071,(#7075,#7082),.PCURVE_S1.);
#7071 = LINE('',#7072,#7073);
#7072 = CARTESIAN_POINT('',(54.34,-41.9,7.96));
#7073 = VECTOR('',#7074,1.);
#7074 = DIRECTION('',(0.,0.,1.));
#7075 = PCURVE('',#2770,#7076);
#7076 = DEFINITIONAL_REPRESENTATION('',(#7077),#7081);
#7077 = LINE('',#7078,#7079);
#7078 = CARTESIAN_POINT('',(-6.28318530718,0.));
#7079 = VECTOR('',#7080,1.);
#7080 = DIRECTION('',(-0.,-1.));
#7081 = ( GEOMETRIC_REPRESENTATION_CONTEXT(2) 
PARAMETRIC_REPRESENTATION_CONTEXT() REPRESENTATION_CONTEXT('2D SPACE',''
  ) );
#7082 = PCURVE('',#2738,#7083);
#7083 = DEFINITIONAL_REPRESENTATION('',(#7084),#7088);
#7084 = LINE('',#7085,#7086);
#7085 = CARTESIAN_POINT('',(0.,0.));
#7086 = VECTOR('',#7087,1.);
#7087 = DIRECTION('',(0.,-1.));
#7088 = ( GEOMETRIC_REPRESENTATION_CONTEXT(2) 
PARAMETRIC_REPRESENTATION_CONTEXT() REPRESENTATION_CONTEXT('2D SPACE',''
  ) );
#7089 = ADVANCED_FACE('',(#7090),#2738,.T.);
#7090 = FACE_BOUND('',#7091,.T.);
#7091 = EDGE_LOOP('',(#7092,#7111,#7112,#7113));
#7092 = ORIENTED_EDGE('',*,*,#7093,.T.);
#7093 = EDGE_CURVE('',#6986,#7040,#7094,.T.);
#7094 = SURFACE_CURVE('',#7095,(#7099,#7105),.PCURVE_S1.);
#7095 = LINE('',#7096,#7097);
#7096 = CARTESIAN_POINT('',(54.34,-34.00000000012,8.06));
#7097 = VECTOR('',#7098,1.);
#7098 = DIRECTION('',(0.,-1.,0.));
#7099 = PCURVE('',#2738,#7100);
#7100 = DEFINITIONAL_REPRESENTATION('',(#7101),#7104);
#7101 = B_SPLINE_CURVE_WITH_KNOTS('',1,(#7102,#7103),.UNSPECIFIED.,.F.,
  .F.,(2,2),(-23.69999999902,7.899999999879),.PIECEWISE_BEZIER_KNOTS.);
#7102 = CARTESIAN_POINT('',(31.599999998906,-1.E-01));
#7103 = CARTESIAN_POINT('',(0.,-1.E-01));
#7104 = ( GEOMETRIC_REPRESENTATION_CONTEXT(2) 
PARAMETRIC_REPRESENTATION_CONTEXT() REPRESENTATION_CONTEXT('2D SPACE',''
  ) );
#7105 = PCURVE('',#5032,#7106);
#7106 = DEFINITIONAL_REPRESENTATION('',(#7107),#7110);
#7107 = B_SPLINE_CURVE_WITH_KNOTS('',1,(#7108,#7109),.UNSPECIFIED.,.F.,
  .F.,(2,2),(-23.69999999902,7.899999999879),.PIECEWISE_BEZIER_KNOTS.);
#7108 = CARTESIAN_POINT('',(23.3,15.799999999148));
#7109 = CARTESIAN_POINT('',(23.3,-15.79999999975));
#7110 = ( GEOMETRIC_REPRESENTATION_CONTEXT(2) 
PARAMETRIC_REPRESENTATION_CONTEXT() REPRESENTATION_CONTEXT('2D SPACE',''
  ) );
#7111 = ORIENTED_EDGE('',*,*,#7069,.T.);
#7112 = ORIENTED_EDGE('',*,*,#2723,.F.);
#7113 = ORIENTED_EDGE('',*,*,#7013,.F.);
#7114 = ADVANCED_FACE('',(#7115),#2858,.F.);
#7115 = FACE_BOUND('',#7116,.F.);
#7116 = EDGE_LOOP('',(#7117,#7118,#7139,#7140));
#7117 = ORIENTED_EDGE('',*,*,#2841,.F.);
#7118 = ORIENTED_EDGE('',*,*,#7119,.F.);
#7119 = EDGE_CURVE('',#5388,#2842,#7120,.T.);
#7120 = SEAM_CURVE('',#7121,(#7125,#7132),.PCURVE_S1.);
#7121 = LINE('',#7122,#7123);
#7122 = CARTESIAN_POINT('',(4.1,5.,12.31));
#7123 = VECTOR('',#7124,1.);
#7124 = DIRECTION('',(0.685364699005,-1.67865936977E-16,0.728199992693)
  );
#7125 = PCURVE('',#2858,#7126);
#7126 = DEFINITIONAL_REPRESENTATION('',(#7127),#7131);
#7127 = LINE('',#7128,#7129);
#7128 = CARTESIAN_POINT('',(6.28318530718,-0.));
#7129 = VECTOR('',#7130,1.);
#7130 = DIRECTION('',(0.,1.));
#7131 = ( GEOMETRIC_REPRESENTATION_CONTEXT(2) 
PARAMETRIC_REPRESENTATION_CONTEXT() REPRESENTATION_CONTEXT('2D SPACE',''
  ) );
#7132 = PCURVE('',#2858,#7133);
#7133 = DEFINITIONAL_REPRESENTATION('',(#7134),#7138);
#7134 = LINE('',#7135,#7136);
#7135 = CARTESIAN_POINT('',(0.,-0.));
#7136 = VECTOR('',#7137,1.);
#7137 = DIRECTION('',(0.,1.));
#7138 = ( GEOMETRIC_REPRESENTATION_CONTEXT(2) 
PARAMETRIC_REPRESENTATION_CONTEXT() REPRESENTATION_CONTEXT('2D SPACE',''
  ) );
#7139 = ORIENTED_EDGE('',*,*,#5387,.T.);
#7140 = ORIENTED_EDGE('',*,*,#7119,.T.);
#7141 = ADVANCED_FACE('',(#7142),#2915,.F.);
#7142 = FACE_BOUND('',#7143,.F.);
#7143 = EDGE_LOOP('',(#7144,#7145,#7166,#7167));
#7144 = ORIENTED_EDGE('',*,*,#2898,.F.);
#7145 = ORIENTED_EDGE('',*,*,#7146,.F.);
#7146 = EDGE_CURVE('',#5465,#2899,#7147,.T.);
#7147 = SEAM_CURVE('',#7148,(#7152,#7159),.PCURVE_S1.);
#7148 = LINE('',#7149,#7150);
#7149 = CARTESIAN_POINT('',(117.2,-18.,12.31));
#7150 = VECTOR('',#7151,1.);
#7151 = DIRECTION('',(0.685364699005,-1.67865936977E-16,0.728199992693)
  );
#7152 = PCURVE('',#2915,#7153);
#7153 = DEFINITIONAL_REPRESENTATION('',(#7154),#7158);
#7154 = LINE('',#7155,#7156);
#7155 = CARTESIAN_POINT('',(6.28318530718,-0.));
#7156 = VECTOR('',#7157,1.);
#7157 = DIRECTION('',(0.,1.));
#7158 = ( GEOMETRIC_REPRESENTATION_CONTEXT(2) 
PARAMETRIC_REPRESENTATION_CONTEXT() REPRESENTATION_CONTEXT('2D SPACE',''
  ) );
#7159 = PCURVE('',#2915,#7160);
#7160 = DEFINITIONAL_REPRESENTATION('',(#7161),#7165);
#7161 = LINE('',#7162,#7163);
#7162 = CARTESIAN_POINT('',(0.,-0.));
#7163 = VECTOR('',#7164,1.);
#7164 = DIRECTION('',(0.,1.));
#7165 = ( GEOMETRIC_REPRESENTATION_CONTEXT(2) 
PARAMETRIC_REPRESENTATION_CONTEXT() REPRESENTATION_CONTEXT('2D SPACE',''
  ) );
#7166 = ORIENTED_EDGE('',*,*,#5464,.T.);
#7167 = ORIENTED_EDGE('',*,*,#7146,.T.);
#7168 = ADVANCED_FACE('',(#7169),#3133,.T.);
#7169 = FACE_BOUND('',#7170,.T.);
#7170 = EDGE_LOOP('',(#7171,#7172,#7173,#7174,#7175,#7176,#7177,#7178,
    #7179,#7180,#7181));
#7171 = ORIENTED_EDGE('',*,*,#6337,.F.);
#7172 = ORIENTED_EDGE('',*,*,#6416,.F.);
#7173 = ORIENTED_EDGE('',*,*,#6387,.T.);
#7174 = ORIENTED_EDGE('',*,*,#6269,.F.);
#7175 = ORIENTED_EDGE('',*,*,#6187,.T.);
#7176 = ORIENTED_EDGE('',*,*,#6065,.F.);
#7177 = ORIENTED_EDGE('',*,*,#5985,.T.);
#7178 = ORIENTED_EDGE('',*,*,#3117,.F.);
#7179 = ORIENTED_EDGE('',*,*,#6035,.F.);
#7180 = ORIENTED_EDGE('',*,*,#6138,.F.);
#7181 = ORIENTED_EDGE('',*,*,#6237,.F.);
#7182 = ADVANCED_FACE('',(#7183),#3238,.F.);
#7183 = FACE_BOUND('',#7184,.F.);
#7184 = EDGE_LOOP('',(#7185,#7186,#7187,#7188));
#7185 = ORIENTED_EDGE('',*,*,#3293,.F.);
#7186 = ORIENTED_EDGE('',*,*,#3220,.T.);
#7187 = ORIENTED_EDGE('',*,*,#3361,.F.);
#7188 = ORIENTED_EDGE('',*,*,#3389,.T.);
#7189 = ADVANCED_FACE('',(#7190,#7193),#3451,.F.);
#7190 = FACE_BOUND('',#7191,.F.);
#7191 = EDGE_LOOP('',(#7192));
#7192 = ORIENTED_EDGE('',*,*,#3436,.T.);
#7193 = FACE_BOUND('',#7194,.F.);
#7194 = EDGE_LOOP('',(#7195));
#7195 = ORIENTED_EDGE('',*,*,#7196,.F.);
#7196 = EDGE_CURVE('',#7197,#7197,#7199,.T.);
#7197 = VERTEX_POINT('',#7198);
#7198 = CARTESIAN_POINT('',(16.5,-52.,12.91));
#7199 = SURFACE_CURVE('',#7200,(#7205,#7212),.PCURVE_S1.);
#7200 = CIRCLE('',#7201,2.);
#7201 = AXIS2_PLACEMENT_3D('',#7202,#7203,#7204);
#7202 = CARTESIAN_POINT('',(14.5,-52.,12.91));
#7203 = DIRECTION('',(0.,0.,1.));
#7204 = DIRECTION('',(1.,0.,-0.));
#7205 = PCURVE('',#3451,#7206);
#7206 = DEFINITIONAL_REPRESENTATION('',(#7207),#7211);
#7207 = CIRCLE('',#7208,2.);
#7208 = AXIS2_PLACEMENT_2D('',#7209,#7210);
#7209 = CARTESIAN_POINT('',(0.,0.));
#7210 = DIRECTION('',(1.,0.));
#7211 = ( GEOMETRIC_REPRESENTATION_CONTEXT(2) 
PARAMETRIC_REPRESENTATION_CONTEXT() REPRESENTATION_CONTEXT('2D SPACE',''
  ) );
#7212 = PCURVE('',#7213,#7218);
#7213 = CYLINDRICAL_SURFACE('',#7214,2.);
#7214 = AXIS2_PLACEMENT_3D('',#7215,#7216,#7217);
#7215 = CARTESIAN_POINT('',(14.5,-52.,10.11));
#7216 = DIRECTION('',(0.,0.,1.));
#7217 = DIRECTION('',(1.,0.,-0.));
#7218 = DEFINITIONAL_REPRESENTATION('',(#7219),#7223);
#7219 = LINE('',#7220,#7221);
#7220 = CARTESIAN_POINT('',(0.,2.8));
#7221 = VECTOR('',#7222,1.);
#7222 = DIRECTION('',(1.,0.));
#7223 = ( GEOMETRIC_REPRESENTATION_CONTEXT(2) 
PARAMETRIC_REPRESENTATION_CONTEXT() REPRESENTATION_CONTEXT('2D SPACE',''
  ) );
#7224 = ADVANCED_FACE('',(#7225,#7228),#3506,.F.);
#7225 = FACE_BOUND('',#7226,.F.);
#7226 = EDGE_LOOP('',(#7227));
#7227 = ORIENTED_EDGE('',*,*,#3491,.T.);
#7228 = FACE_BOUND('',#7229,.F.);
#7229 = EDGE_LOOP('',(#7230));
#7230 = ORIENTED_EDGE('',*,*,#7231,.F.);
#7231 = EDGE_CURVE('',#7232,#7232,#7234,.T.);
#7232 = VERTEX_POINT('',#7233);
#7233 = CARTESIAN_POINT('',(29.5,-52.,12.91));
#7234 = SURFACE_CURVE('',#7235,(#7240,#7247),.PCURVE_S1.);
#7235 = CIRCLE('',#7236,2.);
#7236 = AXIS2_PLACEMENT_3D('',#7237,#7238,#7239);
#7237 = CARTESIAN_POINT('',(27.5,-52.,12.91));
#7238 = DIRECTION('',(0.,0.,1.));
#7239 = DIRECTION('',(1.,0.,-0.));
#7240 = PCURVE('',#3506,#7241);
#7241 = DEFINITIONAL_REPRESENTATION('',(#7242),#7246);
#7242 = CIRCLE('',#7243,2.);
#7243 = AXIS2_PLACEMENT_2D('',#7244,#7245);
#7244 = CARTESIAN_POINT('',(0.,0.));
#7245 = DIRECTION('',(1.,0.));
#7246 = ( GEOMETRIC_REPRESENTATION_CONTEXT(2) 
PARAMETRIC_REPRESENTATION_CONTEXT() REPRESENTATION_CONTEXT('2D SPACE',''
  ) );
#7247 = PCURVE('',#7248,#7253);
#7248 = CYLINDRICAL_SURFACE('',#7249,2.);
#7249 = AXIS2_PLACEMENT_3D('',#7250,#7251,#7252);
#7250 = CARTESIAN_POINT('',(27.5,-52.,10.11));
#7251 = DIRECTION('',(0.,0.,1.));
#7252 = DIRECTION('',(1.,0.,-0.));
#7253 = DEFINITIONAL_REPRESENTATION('',(#7254),#7258);
#7254 = LINE('',#7255,#7256);
#7255 = CARTESIAN_POINT('',(0.,2.8));
#7256 = VECTOR('',#7257,1.);
#7257 = DIRECTION('',(1.,0.));
#7258 = ( GEOMETRIC_REPRESENTATION_CONTEXT(2) 
PARAMETRIC_REPRESENTATION_CONTEXT() REPRESENTATION_CONTEXT('2D SPACE',''
  ) );
#7259 = ADVANCED_FACE('',(#7260),#3542,.F.);
#7260 = FACE_BOUND('',#7261,.F.);
#7261 = EDGE_LOOP('',(#7262,#7263,#7264,#7265));
#7262 = ORIENTED_EDGE('',*,*,#3641,.F.);
#7263 = ORIENTED_EDGE('',*,*,#3523,.F.);
#7264 = ORIENTED_EDGE('',*,*,#3617,.F.);
#7265 = ORIENTED_EDGE('',*,*,#3689,.F.);
#7266 = ADVANCED_FACE('',(#7267,#7270),#3754,.F.);
#7267 = FACE_BOUND('',#7268,.F.);
#7268 = EDGE_LOOP('',(#7269));
#7269 = ORIENTED_EDGE('',*,*,#3739,.T.);
#7270 = FACE_BOUND('',#7271,.F.);
#7271 = EDGE_LOOP('',(#7272));
#7272 = ORIENTED_EDGE('',*,*,#7273,.F.);
#7273 = EDGE_CURVE('',#7274,#7274,#7276,.T.);
#7274 = VERTEX_POINT('',#7275);
#7275 = CARTESIAN_POINT('',(42.5,-52.,12.91));
#7276 = SURFACE_CURVE('',#7277,(#7282,#7289),.PCURVE_S1.);
#7277 = CIRCLE('',#7278,2.);
#7278 = AXIS2_PLACEMENT_3D('',#7279,#7280,#7281);
#7279 = CARTESIAN_POINT('',(40.5,-52.,12.91));
#7280 = DIRECTION('',(0.,0.,1.));
#7281 = DIRECTION('',(1.,0.,-0.));
#7282 = PCURVE('',#3754,#7283);
#7283 = DEFINITIONAL_REPRESENTATION('',(#7284),#7288);
#7284 = CIRCLE('',#7285,2.);
#7285 = AXIS2_PLACEMENT_2D('',#7286,#7287);
#7286 = CARTESIAN_POINT('',(0.,0.));
#7287 = DIRECTION('',(1.,0.));
#7288 = ( GEOMETRIC_REPRESENTATION_CONTEXT(2) 
PARAMETRIC_REPRESENTATION_CONTEXT() REPRESENTATION_CONTEXT('2D SPACE',''
  ) );
#7289 = PCURVE('',#7290,#7295);
#7290 = CYLINDRICAL_SURFACE('',#7291,2.);
#7291 = AXIS2_PLACEMENT_3D('',#7292,#7293,#7294);
#7292 = CARTESIAN_POINT('',(40.5,-52.,10.11));
#7293 = DIRECTION('',(0.,0.,1.));
#7294 = DIRECTION('',(1.,0.,-0.));
#7295 = DEFINITIONAL_REPRESENTATION('',(#7296),#7300);
#7296 = LINE('',#7297,#7298);
#7297 = CARTESIAN_POINT('',(0.,2.8));
#7298 = VECTOR('',#7299,1.);
#7299 = DIRECTION('',(1.,0.));
#7300 = ( GEOMETRIC_REPRESENTATION_CONTEXT(2) 
PARAMETRIC_REPRESENTATION_CONTEXT() REPRESENTATION_CONTEXT('2D SPACE',''
  ) );
#7301 = ADVANCED_FACE('',(#7302,#7305),#3809,.F.);
#7302 = FACE_BOUND('',#7303,.F.);
#7303 = EDGE_LOOP('',(#7304));
#7304 = ORIENTED_EDGE('',*,*,#3794,.T.);
#7305 = FACE_BOUND('',#7306,.F.);
#7306 = EDGE_LOOP('',(#7307));
#7307 = ORIENTED_EDGE('',*,*,#7308,.F.);
#7308 = EDGE_CURVE('',#7309,#7309,#7311,.T.);
#7309 = VERTEX_POINT('',#7310);
#7310 = CARTESIAN_POINT('',(55.5,-52.,12.91));
#7311 = SURFACE_CURVE('',#7312,(#7317,#7324),.PCURVE_S1.);
#7312 = CIRCLE('',#7313,2.);
#7313 = AXIS2_PLACEMENT_3D('',#7314,#7315,#7316);
#7314 = CARTESIAN_POINT('',(53.5,-52.,12.91));
#7315 = DIRECTION('',(0.,0.,1.));
#7316 = DIRECTION('',(1.,0.,-0.));
#7317 = PCURVE('',#3809,#7318);
#7318 = DEFINITIONAL_REPRESENTATION('',(#7319),#7323);
#7319 = CIRCLE('',#7320,2.);
#7320 = AXIS2_PLACEMENT_2D('',#7321,#7322);
#7321 = CARTESIAN_POINT('',(0.,0.));
#7322 = DIRECTION('',(1.,0.));
#7323 = ( GEOMETRIC_REPRESENTATION_CONTEXT(2) 
PARAMETRIC_REPRESENTATION_CONTEXT() REPRESENTATION_CONTEXT('2D SPACE',''
  ) );
#7324 = PCURVE('',#7325,#7330);
#7325 = CYLINDRICAL_SURFACE('',#7326,2.);
#7326 = AXIS2_PLACEMENT_3D('',#7327,#7328,#7329);
#7327 = CARTESIAN_POINT('',(53.5,-52.,10.11));
#7328 = DIRECTION('',(0.,0.,1.));
#7329 = DIRECTION('',(1.,0.,-0.));
#7330 = DEFINITIONAL_REPRESENTATION('',(#7331),#7335);
#7331 = LINE('',#7332,#7333);
#7332 = CARTESIAN_POINT('',(0.,2.8));
#7333 = VECTOR('',#7334,1.);
#7334 = DIRECTION('',(1.,0.));
#7335 = ( GEOMETRIC_REPRESENTATION_CONTEXT(2) 
PARAMETRIC_REPRESENTATION_CONTEXT() REPRESENTATION_CONTEXT('2D SPACE',''
  ) );
#7336 = ADVANCED_FACE('',(#7337),#3916,.F.);
#7337 = FACE_BOUND('',#7338,.F.);
#7338 = EDGE_LOOP('',(#7339,#7340,#7341,#7342,#7343,#7344,#7345,#7346,
    #7347,#7348,#7349));
#7339 = ORIENTED_EDGE('',*,*,#3900,.F.);
#7340 = ORIENTED_EDGE('',*,*,#4030,.F.);
#7341 = ORIENTED_EDGE('',*,*,#4107,.T.);
#7342 = ORIENTED_EDGE('',*,*,#4693,.F.);
#7343 = ORIENTED_EDGE('',*,*,#4799,.T.);
#7344 = ORIENTED_EDGE('',*,*,#4944,.T.);
#7345 = ORIENTED_EDGE('',*,*,#4456,.F.);
#7346 = ORIENTED_EDGE('',*,*,#4353,.T.);
#7347 = ORIENTED_EDGE('',*,*,#4185,.F.);
#7348 = ORIENTED_EDGE('',*,*,#4083,.F.);
#7349 = ORIENTED_EDGE('',*,*,#3954,.F.);
#7350 = ADVANCED_FACE('',(#7351),#4167,.T.);
#7351 = FACE_BOUND('',#7352,.T.);
#7352 = EDGE_LOOP('',(#7353,#7354,#7355,#7374,#7375));
#7353 = ORIENTED_EDGE('',*,*,#4720,.F.);
#7354 = ORIENTED_EDGE('',*,*,#4528,.T.);
#7355 = ORIENTED_EDGE('',*,*,#7356,.T.);
#7356 = EDGE_CURVE('',#4529,#4234,#7357,.T.);
#7357 = SURFACE_CURVE('',#7358,(#7362,#7368),.PCURVE_S1.);
#7358 = LINE('',#7359,#7360);
#7359 = CARTESIAN_POINT('',(86.35,-56.,11.51));
#7360 = VECTOR('',#7361,1.);
#7361 = DIRECTION('',(-1.,-0.,0.));
#7362 = PCURVE('',#4167,#7363);
#7363 = DEFINITIONAL_REPRESENTATION('',(#7364),#7367);
#7364 = B_SPLINE_CURVE_WITH_KNOTS('',1,(#7365,#7366),.UNSPECIFIED.,.F.,
  .F.,(2,2),(-31.4,-30.2),.PIECEWISE_BEZIER_KNOTS.);
#7365 = CARTESIAN_POINT('',(59.05,-22.99999999673));
#7366 = CARTESIAN_POINT('',(57.85,-22.99999999673));
#7367 = ( GEOMETRIC_REPRESENTATION_CONTEXT(2) 
PARAMETRIC_REPRESENTATION_CONTEXT() REPRESENTATION_CONTEXT('2D SPACE',''
  ) );
#7368 = PCURVE('',#4250,#7369);
#7369 = DEFINITIONAL_REPRESENTATION('',(#7370),#7373);
#7370 = B_SPLINE_CURVE_WITH_KNOTS('',1,(#7371,#7372),.UNSPECIFIED.,.F.,
  .F.,(2,2),(-31.4,-30.2),.PIECEWISE_BEZIER_KNOTS.);
#7371 = CARTESIAN_POINT('',(3.75,-3.2));
#7372 = CARTESIAN_POINT('',(2.55,-3.2));
#7373 = ( GEOMETRIC_REPRESENTATION_CONTEXT(2) 
PARAMETRIC_REPRESENTATION_CONTEXT() REPRESENTATION_CONTEXT('2D SPACE',''
  ) );
#7374 = ORIENTED_EDGE('',*,*,#4307,.T.);
#7375 = ORIENTED_EDGE('',*,*,#4153,.T.);
#7376 = ADVANCED_FACE('',(#7377),#4250,.T.);
#7377 = FACE_BOUND('',#7378,.T.);
#7378 = EDGE_LOOP('',(#7379,#7380,#7399,#7400));
#7379 = ORIENTED_EDGE('',*,*,#4551,.T.);
#7380 = ORIENTED_EDGE('',*,*,#7381,.T.);
#7381 = EDGE_CURVE('',#4504,#4236,#7382,.T.);
#7382 = SURFACE_CURVE('',#7383,(#7387,#7393),.PCURVE_S1.);
#7383 = LINE('',#7384,#7385);
#7384 = CARTESIAN_POINT('',(86.35,-56.,8.51));
#7385 = VECTOR('',#7386,1.);
#7386 = DIRECTION('',(-1.,-0.,0.));
#7387 = PCURVE('',#4250,#7388);
#7388 = DEFINITIONAL_REPRESENTATION('',(#7389),#7392);
#7389 = B_SPLINE_CURVE_WITH_KNOTS('',1,(#7390,#7391),.UNSPECIFIED.,.F.,
  .F.,(2,2),(-31.4,-30.2),.PIECEWISE_BEZIER_KNOTS.);
#7390 = CARTESIAN_POINT('',(3.75,-0.2));
#7391 = CARTESIAN_POINT('',(2.55,-0.2));
#7392 = ( GEOMETRIC_REPRESENTATION_CONTEXT(2) 
PARAMETRIC_REPRESENTATION_CONTEXT() REPRESENTATION_CONTEXT('2D SPACE',''
  ) );
#7393 = PCURVE('',#4276,#7394);
#7394 = DEFINITIONAL_REPRESENTATION('',(#7395),#7398);
#7395 = B_SPLINE_CURVE_WITH_KNOTS('',1,(#7396,#7397),.UNSPECIFIED.,.F.,
  .F.,(2,2),(-31.4,-30.2),.PIECEWISE_BEZIER_KNOTS.);
#7396 = CARTESIAN_POINT('',(59.05,-22.99999999673));
#7397 = CARTESIAN_POINT('',(57.85,-22.99999999673));
#7398 = ( GEOMETRIC_REPRESENTATION_CONTEXT(2) 
PARAMETRIC_REPRESENTATION_CONTEXT() REPRESENTATION_CONTEXT('2D SPACE',''
  ) );
#7399 = ORIENTED_EDGE('',*,*,#4233,.F.);
#7400 = ORIENTED_EDGE('',*,*,#7356,.F.);
#7401 = ADVANCED_FACE('',(#7402),#4276,.F.);
#7402 = FACE_BOUND('',#7403,.F.);
#7403 = EDGE_LOOP('',(#7404,#7405,#7406,#7407));
#7404 = ORIENTED_EDGE('',*,*,#4400,.F.);
#7405 = ORIENTED_EDGE('',*,*,#4503,.T.);
#7406 = ORIENTED_EDGE('',*,*,#7381,.T.);
#7407 = ORIENTED_EDGE('',*,*,#4261,.T.);
#7408 = ADVANCED_FACE('',(#7409),#4442,.T.);
#7409 = FACE_BOUND('',#7410,.T.);
#7410 = EDGE_LOOP('',(#7411,#7430,#7431,#7432,#7433));
#7411 = ORIENTED_EDGE('',*,*,#7412,.F.);
#7412 = EDGE_CURVE('',#4870,#4621,#7413,.T.);
#7413 = SURFACE_CURVE('',#7414,(#7418,#7424),.PCURVE_S1.);
#7414 = LINE('',#7415,#7416);
#7415 = CARTESIAN_POINT('',(86.35,-42.,11.51));
#7416 = VECTOR('',#7417,1.);
#7417 = DIRECTION('',(-1.,-0.,0.));
#7418 = PCURVE('',#4442,#7419);
#7419 = DEFINITIONAL_REPRESENTATION('',(#7420),#7423);
#7420 = B_SPLINE_CURVE_WITH_KNOTS('',1,(#7421,#7422),.UNSPECIFIED.,.F.,
  .F.,(2,2),(-31.4,-30.2),.PIECEWISE_BEZIER_KNOTS.);
#7421 = CARTESIAN_POINT('',(59.05,-8.999999996733));
#7422 = CARTESIAN_POINT('',(57.85,-8.999999996733));
#7423 = ( GEOMETRIC_REPRESENTATION_CONTEXT(2) 
PARAMETRIC_REPRESENTATION_CONTEXT() REPRESENTATION_CONTEXT('2D SPACE',''
  ) );
#7424 = PCURVE('',#4635,#7425);
#7425 = DEFINITIONAL_REPRESENTATION('',(#7426),#7429);
#7426 = B_SPLINE_CURVE_WITH_KNOTS('',1,(#7427,#7428),.UNSPECIFIED.,.F.,
  .F.,(2,2),(-31.4,-30.2),.PIECEWISE_BEZIER_KNOTS.);
#7427 = CARTESIAN_POINT('',(3.75,-3.2));
#7428 = CARTESIAN_POINT('',(2.55,-3.2));
#7429 = ( GEOMETRIC_REPRESENTATION_CONTEXT(2) 
PARAMETRIC_REPRESENTATION_CONTEXT() REPRESENTATION_CONTEXT('2D SPACE',''
  ) );
#7430 = ORIENTED_EDGE('',*,*,#4890,.T.);
#7431 = ORIENTED_EDGE('',*,*,#4916,.F.);
#7432 = ORIENTED_EDGE('',*,*,#4427,.T.);
#7433 = ORIENTED_EDGE('',*,*,#4646,.T.);
#7434 = ADVANCED_FACE('',(#7435),#4635,.F.);
#7435 = FACE_BOUND('',#7436,.F.);
#7436 = EDGE_LOOP('',(#7437,#7438,#7457,#7458));
#7437 = ORIENTED_EDGE('',*,*,#4869,.T.);
#7438 = ORIENTED_EDGE('',*,*,#7439,.T.);
#7439 = EDGE_CURVE('',#4847,#4595,#7440,.T.);
#7440 = SURFACE_CURVE('',#7441,(#7445,#7451),.PCURVE_S1.);
#7441 = LINE('',#7442,#7443);
#7442 = CARTESIAN_POINT('',(86.35,-42.,8.51));
#7443 = VECTOR('',#7444,1.);
#7444 = DIRECTION('',(-1.,-0.,0.));
#7445 = PCURVE('',#4635,#7446);
#7446 = DEFINITIONAL_REPRESENTATION('',(#7447),#7450);
#7447 = B_SPLINE_CURVE_WITH_KNOTS('',1,(#7448,#7449),.UNSPECIFIED.,.F.,
  .F.,(2,2),(-31.4,-30.2),.PIECEWISE_BEZIER_KNOTS.);
#7448 = CARTESIAN_POINT('',(3.75,-0.2));
#7449 = CARTESIAN_POINT('',(2.55,-0.2));
#7450 = ( GEOMETRIC_REPRESENTATION_CONTEXT(2) 
PARAMETRIC_REPRESENTATION_CONTEXT() REPRESENTATION_CONTEXT('2D SPACE',''
  ) );
#7451 = PCURVE('',#4609,#7452);
#7452 = DEFINITIONAL_REPRESENTATION('',(#7453),#7456);
#7453 = B_SPLINE_CURVE_WITH_KNOTS('',1,(#7454,#7455),.UNSPECIFIED.,.F.,
  .F.,(2,2),(-31.4,-30.2),.PIECEWISE_BEZIER_KNOTS.);
#7454 = CARTESIAN_POINT('',(59.05,-8.999999996733));
#7455 = CARTESIAN_POINT('',(57.85,-8.999999996733));
#7456 = ( GEOMETRIC_REPRESENTATION_CONTEXT(2) 
PARAMETRIC_REPRESENTATION_CONTEXT() REPRESENTATION_CONTEXT('2D SPACE',''
  ) );
#7457 = ORIENTED_EDGE('',*,*,#4620,.F.);
#7458 = ORIENTED_EDGE('',*,*,#7412,.F.);
#7459 = ADVANCED_FACE('',(#7460),#4609,.F.);
#7460 = FACE_BOUND('',#7461,.F.);
#7461 = EDGE_LOOP('',(#7462,#7463,#7464,#7465));
#7462 = ORIENTED_EDGE('',*,*,#7439,.F.);
#7463 = ORIENTED_EDGE('',*,*,#4846,.T.);
#7464 = ORIENTED_EDGE('',*,*,#4750,.F.);
#7465 = ORIENTED_EDGE('',*,*,#4594,.T.);
#7466 = ADVANCED_FACE('',(#7467,#7477),#5032,.F.);
#7467 = FACE_BOUND('',#7468,.F.);
#7468 = EDGE_LOOP('',(#7469,#7470,#7471,#7472,#7473,#7474,#7475,#7476));
#7469 = ORIENTED_EDGE('',*,*,#5125,.F.);
#7470 = ORIENTED_EDGE('',*,*,#5017,.F.);
#7471 = ORIENTED_EDGE('',*,*,#5076,.T.);
#7472 = ORIENTED_EDGE('',*,*,#5174,.F.);
#7473 = ORIENTED_EDGE('',*,*,#5282,.T.);
#7474 = ORIENTED_EDGE('',*,*,#5358,.F.);
#7475 = ORIENTED_EDGE('',*,*,#5331,.F.);
#7476 = ORIENTED_EDGE('',*,*,#5228,.F.);
#7477 = FACE_BOUND('',#7478,.F.);
#7478 = EDGE_LOOP('',(#7479,#7480,#7481,#7482,#7483,#7484,#7485,#7486));
#7479 = ORIENTED_EDGE('',*,*,#6714,.F.);
#7480 = ORIENTED_EDGE('',*,*,#6783,.T.);
#7481 = ORIENTED_EDGE('',*,*,#6891,.F.);
#7482 = ORIENTED_EDGE('',*,*,#6985,.T.);
#7483 = ORIENTED_EDGE('',*,*,#7093,.T.);
#7484 = ORIENTED_EDGE('',*,*,#7039,.T.);
#7485 = ORIENTED_EDGE('',*,*,#6938,.T.);
#7486 = ORIENTED_EDGE('',*,*,#6837,.T.);
#7487 = ADVANCED_FACE('',(#7488),#5586,.F.);
#7488 = FACE_BOUND('',#7489,.F.);
#7489 = EDGE_LOOP('',(#7490,#7491,#7492,#7493,#7494,#7495,#7496,#7497));
#7490 = ORIENTED_EDGE('',*,*,#5643,.F.);
#7491 = ORIENTED_EDGE('',*,*,#5568,.T.);
#7492 = ORIENTED_EDGE('',*,*,#5715,.T.);
#7493 = ORIENTED_EDGE('',*,*,#5787,.F.);
#7494 = ORIENTED_EDGE('',*,*,#5909,.F.);
#7495 = ORIENTED_EDGE('',*,*,#5937,.F.);
#7496 = ORIENTED_EDGE('',*,*,#5834,.T.);
#7497 = ORIENTED_EDGE('',*,*,#5763,.T.);
#7498 = ADVANCED_FACE('',(#7499,#7502),#6506,.T.);
#7499 = FACE_BOUND('',#7500,.T.);
#7500 = EDGE_LOOP('',(#7501));
#7501 = ORIENTED_EDGE('',*,*,#6491,.T.);
#7502 = FACE_BOUND('',#7503,.T.);
#7503 = EDGE_LOOP('',(#7504,#7532,#7558,#7584));
#7504 = ORIENTED_EDGE('',*,*,#7505,.T.);
#7505 = EDGE_CURVE('',#7506,#7508,#7510,.T.);
#7506 = VERTEX_POINT('',#7507);
#7507 = CARTESIAN_POINT('',(16.3,-52.6,13.51));
#7508 = VERTEX_POINT('',#7509);
#7509 = CARTESIAN_POINT('',(12.7,-52.6,13.51));
#7510 = SURFACE_CURVE('',#7511,(#7515,#7521),.PCURVE_S1.);
#7511 = LINE('',#7512,#7513);
#7512 = CARTESIAN_POINT('',(13.6,-52.6,13.51));
#7513 = VECTOR('',#7514,1.);
#7514 = DIRECTION('',(-1.,-0.,0.));
#7515 = PCURVE('',#6506,#7516);
#7516 = DEFINITIONAL_REPRESENTATION('',(#7517),#7520);
#7517 = B_SPLINE_CURVE_WITH_KNOTS('',1,(#7518,#7519),.UNSPECIFIED.,.F.,
  .F.,(2,2),(-2.7,0.9),.PIECEWISE_BEZIER_KNOTS.);
#7518 = CARTESIAN_POINT('',(1.8,-0.6));
#7519 = CARTESIAN_POINT('',(-1.8,-0.6));
#7520 = ( GEOMETRIC_REPRESENTATION_CONTEXT(2) 
PARAMETRIC_REPRESENTATION_CONTEXT() REPRESENTATION_CONTEXT('2D SPACE',''
  ) );
#7521 = PCURVE('',#7522,#7527);
#7522 = PLANE('',#7523);
#7523 = AXIS2_PLACEMENT_3D('',#7524,#7525,#7526);
#7524 = CARTESIAN_POINT('',(12.7,-52.6,12.52));
#7525 = DIRECTION('',(-0.,1.,0.));
#7526 = DIRECTION('',(0.,0.,1.));
#7527 = DEFINITIONAL_REPRESENTATION('',(#7528),#7531);
#7528 = B_SPLINE_CURVE_WITH_KNOTS('',1,(#7529,#7530),.UNSPECIFIED.,.F.,
  .F.,(2,2),(-2.7,0.9),.PIECEWISE_BEZIER_KNOTS.);
#7529 = CARTESIAN_POINT('',(0.99,3.6));
#7530 = CARTESIAN_POINT('',(0.99,0.));
#7531 = ( GEOMETRIC_REPRESENTATION_CONTEXT(2) 
PARAMETRIC_REPRESENTATION_CONTEXT() REPRESENTATION_CONTEXT('2D SPACE',''
  ) );
#7532 = ORIENTED_EDGE('',*,*,#7533,.T.);
#7533 = EDGE_CURVE('',#7508,#7534,#7536,.T.);
#7534 = VERTEX_POINT('',#7535);
#7535 = CARTESIAN_POINT('',(12.7,-51.4,13.51));
#7536 = SURFACE_CURVE('',#7537,(#7541,#7547),.PCURVE_S1.);
#7537 = LINE('',#7538,#7539);
#7538 = CARTESIAN_POINT('',(12.7,-52.3,13.51));
#7539 = VECTOR('',#7540,1.);
#7540 = DIRECTION('',(-0.,1.,0.));
#7541 = PCURVE('',#6506,#7542);
#7542 = DEFINITIONAL_REPRESENTATION('',(#7543),#7546);
#7543 = B_SPLINE_CURVE_WITH_KNOTS('',1,(#7544,#7545),.UNSPECIFIED.,.F.,
  .F.,(2,2),(-0.3,0.9),.PIECEWISE_BEZIER_KNOTS.);
#7544 = CARTESIAN_POINT('',(-1.8,-0.6));
#7545 = CARTESIAN_POINT('',(-1.8,0.6));
#7546 = ( GEOMETRIC_REPRESENTATION_CONTEXT(2) 
PARAMETRIC_REPRESENTATION_CONTEXT() REPRESENTATION_CONTEXT('2D SPACE',''
  ) );
#7547 = PCURVE('',#7548,#7553);
#7548 = PLANE('',#7549);
#7549 = AXIS2_PLACEMENT_3D('',#7550,#7551,#7552);
#7550 = CARTESIAN_POINT('',(12.7,-52.6,12.52));
#7551 = DIRECTION('',(1.,0.,-0.));
#7552 = DIRECTION('',(0.,0.,1.));
#7553 = DEFINITIONAL_REPRESENTATION('',(#7554),#7557);
#7554 = B_SPLINE_CURVE_WITH_KNOTS('',1,(#7555,#7556),.UNSPECIFIED.,.F.,
  .F.,(2,2),(-0.3,0.9),.PIECEWISE_BEZIER_KNOTS.);
#7555 = CARTESIAN_POINT('',(0.99,0.));
#7556 = CARTESIAN_POINT('',(0.99,-1.2));
#7557 = ( GEOMETRIC_REPRESENTATION_CONTEXT(2) 
PARAMETRIC_REPRESENTATION_CONTEXT() REPRESENTATION_CONTEXT('2D SPACE',''
  ) );
#7558 = ORIENTED_EDGE('',*,*,#7559,.F.);
#7559 = EDGE_CURVE('',#7560,#7534,#7562,.T.);
#7560 = VERTEX_POINT('',#7561);
#7561 = CARTESIAN_POINT('',(16.3,-51.4,13.51));
#7562 = SURFACE_CURVE('',#7563,(#7567,#7573),.PCURVE_S1.);
#7563 = LINE('',#7564,#7565);
#7564 = CARTESIAN_POINT('',(13.6,-51.4,13.51));
#7565 = VECTOR('',#7566,1.);
#7566 = DIRECTION('',(-1.,-0.,0.));
#7567 = PCURVE('',#6506,#7568);
#7568 = DEFINITIONAL_REPRESENTATION('',(#7569),#7572);
#7569 = B_SPLINE_CURVE_WITH_KNOTS('',1,(#7570,#7571),.UNSPECIFIED.,.F.,
  .F.,(2,2),(-2.7,0.9),.PIECEWISE_BEZIER_KNOTS.);
#7570 = CARTESIAN_POINT('',(1.8,0.6));
#7571 = CARTESIAN_POINT('',(-1.8,0.6));
#7572 = ( GEOMETRIC_REPRESENTATION_CONTEXT(2) 
PARAMETRIC_REPRESENTATION_CONTEXT() REPRESENTATION_CONTEXT('2D SPACE',''
  ) );
#7573 = PCURVE('',#7574,#7579);
#7574 = PLANE('',#7575);
#7575 = AXIS2_PLACEMENT_3D('',#7576,#7577,#7578);
#7576 = CARTESIAN_POINT('',(12.7,-51.4,12.52));
#7577 = DIRECTION('',(-0.,1.,0.));
#7578 = DIRECTION('',(0.,0.,1.));
#7579 = DEFINITIONAL_REPRESENTATION('',(#7580),#7583);
#7580 = B_SPLINE_CURVE_WITH_KNOTS('',1,(#7581,#7582),.UNSPECIFIED.,.F.,
  .F.,(2,2),(-2.7,0.9),.PIECEWISE_BEZIER_KNOTS.);
#7581 = CARTESIAN_POINT('',(0.99,3.6));
#7582 = CARTESIAN_POINT('',(0.99,0.));
#7583 = ( GEOMETRIC_REPRESENTATION_CONTEXT(2) 
PARAMETRIC_REPRESENTATION_CONTEXT() REPRESENTATION_CONTEXT('2D SPACE',''
  ) );
#7584 = ORIENTED_EDGE('',*,*,#7585,.F.);
#7585 = EDGE_CURVE('',#7506,#7560,#7586,.T.);
#7586 = SURFACE_CURVE('',#7587,(#7591,#7597),.PCURVE_S1.);
#7587 = LINE('',#7588,#7589);
#7588 = CARTESIAN_POINT('',(16.3,-52.3,13.51));
#7589 = VECTOR('',#7590,1.);
#7590 = DIRECTION('',(-0.,1.,0.));
#7591 = PCURVE('',#6506,#7592);
#7592 = DEFINITIONAL_REPRESENTATION('',(#7593),#7596);
#7593 = B_SPLINE_CURVE_WITH_KNOTS('',1,(#7594,#7595),.UNSPECIFIED.,.F.,
  .F.,(2,2),(-0.3,0.9),.PIECEWISE_BEZIER_KNOTS.);
#7594 = CARTESIAN_POINT('',(1.8,-0.6));
#7595 = CARTESIAN_POINT('',(1.8,0.6));
#7596 = ( GEOMETRIC_REPRESENTATION_CONTEXT(2) 
PARAMETRIC_REPRESENTATION_CONTEXT() REPRESENTATION_CONTEXT('2D SPACE',''
  ) );
#7597 = PCURVE('',#7598,#7603);
#7598 = PLANE('',#7599);
#7599 = AXIS2_PLACEMENT_3D('',#7600,#7601,#7602);
#7600 = CARTESIAN_POINT('',(16.3,-52.6,12.52));
#7601 = DIRECTION('',(1.,0.,-0.));
#7602 = DIRECTION('',(0.,0.,1.));
#7603 = DEFINITIONAL_REPRESENTATION('',(#7604),#7607);
#7604 = B_SPLINE_CURVE_WITH_KNOTS('',1,(#7605,#7606),.UNSPECIFIED.,.F.,
  .F.,(2,2),(-0.3,0.9),.PIECEWISE_BEZIER_KNOTS.);
#7605 = CARTESIAN_POINT('',(0.99,0.));
#7606 = CARTESIAN_POINT('',(0.99,-1.2));
#7607 = ( GEOMETRIC_REPRESENTATION_CONTEXT(2) 
PARAMETRIC_REPRESENTATION_CONTEXT() REPRESENTATION_CONTEXT('2D SPACE',''
  ) );
#7608 = ADVANCED_FACE('',(#7609,#7612),#6561,.T.);
#7609 = FACE_BOUND('',#7610,.T.);
#7610 = EDGE_LOOP('',(#7611));
#7611 = ORIENTED_EDGE('',*,*,#6546,.T.);
#7612 = FACE_BOUND('',#7613,.T.);
#7613 = EDGE_LOOP('',(#7614,#7642,#7668,#7694,#7720,#7746,#7772,#7798,
    #7824,#7850,#7876,#7902));
#7614 = ORIENTED_EDGE('',*,*,#7615,.T.);
#7615 = EDGE_CURVE('',#7616,#7618,#7620,.T.);
#7616 = VERTEX_POINT('',#7617);
#7617 = CARTESIAN_POINT('',(26.9,-52.6,13.51));
#7618 = VERTEX_POINT('',#7619);
#7619 = CARTESIAN_POINT('',(25.7,-52.6,13.51));
#7620 = SURFACE_CURVE('',#7621,(#7625,#7631),.PCURVE_S1.);
#7621 = LINE('',#7622,#7623);
#7622 = CARTESIAN_POINT('',(26.6,-52.6,13.51));
#7623 = VECTOR('',#7624,1.);
#7624 = DIRECTION('',(-1.,-0.,0.));
#7625 = PCURVE('',#6561,#7626);
#7626 = DEFINITIONAL_REPRESENTATION('',(#7627),#7630);
#7627 = B_SPLINE_CURVE_WITH_KNOTS('',1,(#7628,#7629),.UNSPECIFIED.,.F.,
  .F.,(2,2),(-0.3,0.9),.PIECEWISE_BEZIER_KNOTS.);
#7628 = CARTESIAN_POINT('',(-0.6,-0.6));
#7629 = CARTESIAN_POINT('',(-1.8,-0.6));
#7630 = ( GEOMETRIC_REPRESENTATION_CONTEXT(2) 
PARAMETRIC_REPRESENTATION_CONTEXT() REPRESENTATION_CONTEXT('2D SPACE',''
  ) );
#7631 = PCURVE('',#7632,#7637);
#7632 = PLANE('',#7633);
#7633 = AXIS2_PLACEMENT_3D('',#7634,#7635,#7636);
#7634 = CARTESIAN_POINT('',(25.7,-52.6,12.52));
#7635 = DIRECTION('',(-0.,1.,0.));
#7636 = DIRECTION('',(0.,0.,1.));
#7637 = DEFINITIONAL_REPRESENTATION('',(#7638),#7641);
#7638 = B_SPLINE_CURVE_WITH_KNOTS('',1,(#7639,#7640),.UNSPECIFIED.,.F.,
  .F.,(2,2),(-0.3,0.9),.PIECEWISE_BEZIER_KNOTS.);
#7639 = CARTESIAN_POINT('',(0.99,1.2));
#7640 = CARTESIAN_POINT('',(0.99,0.));
#7641 = ( GEOMETRIC_REPRESENTATION_CONTEXT(2) 
PARAMETRIC_REPRESENTATION_CONTEXT() REPRESENTATION_CONTEXT('2D SPACE',''
  ) );
#7642 = ORIENTED_EDGE('',*,*,#7643,.T.);
#7643 = EDGE_CURVE('',#7618,#7644,#7646,.T.);
#7644 = VERTEX_POINT('',#7645);
#7645 = CARTESIAN_POINT('',(25.7,-51.4,13.51));
#7646 = SURFACE_CURVE('',#7647,(#7651,#7657),.PCURVE_S1.);
#7647 = LINE('',#7648,#7649);
#7648 = CARTESIAN_POINT('',(25.7,-52.3,13.51));
#7649 = VECTOR('',#7650,1.);
#7650 = DIRECTION('',(-0.,1.,0.));
#7651 = PCURVE('',#6561,#7652);
#7652 = DEFINITIONAL_REPRESENTATION('',(#7653),#7656);
#7653 = B_SPLINE_CURVE_WITH_KNOTS('',1,(#7654,#7655),.UNSPECIFIED.,.F.,
  .F.,(2,2),(-0.3,0.9),.PIECEWISE_BEZIER_KNOTS.);
#7654 = CARTESIAN_POINT('',(-1.8,-0.6));
#7655 = CARTESIAN_POINT('',(-1.8,0.6));
#7656 = ( GEOMETRIC_REPRESENTATION_CONTEXT(2) 
PARAMETRIC_REPRESENTATION_CONTEXT() REPRESENTATION_CONTEXT('2D SPACE',''
  ) );
#7657 = PCURVE('',#7658,#7663);
#7658 = PLANE('',#7659);
#7659 = AXIS2_PLACEMENT_3D('',#7660,#7661,#7662);
#7660 = CARTESIAN_POINT('',(25.7,-52.6,12.52));
#7661 = DIRECTION('',(1.,0.,-0.));
#7662 = DIRECTION('',(0.,0.,1.));
#7663 = DEFINITIONAL_REPRESENTATION('',(#7664),#7667);
#7664 = B_SPLINE_CURVE_WITH_KNOTS('',1,(#7665,#7666),.UNSPECIFIED.,.F.,
  .F.,(2,2),(-0.3,0.9),.PIECEWISE_BEZIER_KNOTS.);
#7665 = CARTESIAN_POINT('',(0.99,0.));
#7666 = CARTESIAN_POINT('',(0.99,-1.2));
#7667 = ( GEOMETRIC_REPRESENTATION_CONTEXT(2) 
PARAMETRIC_REPRESENTATION_CONTEXT() REPRESENTATION_CONTEXT('2D SPACE',''
  ) );
#7668 = ORIENTED_EDGE('',*,*,#7669,.F.);
#7669 = EDGE_CURVE('',#7670,#7644,#7672,.T.);
#7670 = VERTEX_POINT('',#7671);
#7671 = CARTESIAN_POINT('',(26.9,-51.4,13.51));
#7672 = SURFACE_CURVE('',#7673,(#7677,#7683),.PCURVE_S1.);
#7673 = LINE('',#7674,#7675);
#7674 = CARTESIAN_POINT('',(26.6,-51.4,13.51));
#7675 = VECTOR('',#7676,1.);
#7676 = DIRECTION('',(-1.,-0.,0.));
#7677 = PCURVE('',#6561,#7678);
#7678 = DEFINITIONAL_REPRESENTATION('',(#7679),#7682);
#7679 = B_SPLINE_CURVE_WITH_KNOTS('',1,(#7680,#7681),.UNSPECIFIED.,.F.,
  .F.,(2,2),(-0.3,0.9),.PIECEWISE_BEZIER_KNOTS.);
#7680 = CARTESIAN_POINT('',(-0.6,0.6));
#7681 = CARTESIAN_POINT('',(-1.8,0.6));
#7682 = ( GEOMETRIC_REPRESENTATION_CONTEXT(2) 
PARAMETRIC_REPRESENTATION_CONTEXT() REPRESENTATION_CONTEXT('2D SPACE',''
  ) );
#7683 = PCURVE('',#7684,#7689);
#7684 = PLANE('',#7685);
#7685 = AXIS2_PLACEMENT_3D('',#7686,#7687,#7688);
#7686 = CARTESIAN_POINT('',(25.7,-51.4,12.52));
#7687 = DIRECTION('',(-0.,1.,0.));
#7688 = DIRECTION('',(0.,0.,1.));
#7689 = DEFINITIONAL_REPRESENTATION('',(#7690),#7693);
#7690 = B_SPLINE_CURVE_WITH_KNOTS('',1,(#7691,#7692),.UNSPECIFIED.,.F.,
  .F.,(2,2),(-0.3,0.9),.PIECEWISE_BEZIER_KNOTS.);
#7691 = CARTESIAN_POINT('',(0.99,1.2));
#7692 = CARTESIAN_POINT('',(0.99,0.));
#7693 = ( GEOMETRIC_REPRESENTATION_CONTEXT(2) 
PARAMETRIC_REPRESENTATION_CONTEXT() REPRESENTATION_CONTEXT('2D SPACE',''
  ) );
#7694 = ORIENTED_EDGE('',*,*,#7695,.T.);
#7695 = EDGE_CURVE('',#7670,#7696,#7698,.T.);
#7696 = VERTEX_POINT('',#7697);
#7697 = CARTESIAN_POINT('',(26.9,-50.2,13.51));
#7698 = SURFACE_CURVE('',#7699,(#7703,#7709),.PCURVE_S1.);
#7699 = LINE('',#7700,#7701);
#7700 = CARTESIAN_POINT('',(26.9,-52.9,13.51));
#7701 = VECTOR('',#7702,1.);
#7702 = DIRECTION('',(-0.,1.,0.));
#7703 = PCURVE('',#6561,#7704);
#7704 = DEFINITIONAL_REPRESENTATION('',(#7705),#7708);
#7705 = B_SPLINE_CURVE_WITH_KNOTS('',1,(#7706,#7707),.UNSPECIFIED.,.F.,
  .F.,(2,2),(1.5,2.7),.PIECEWISE_BEZIER_KNOTS.);
#7706 = CARTESIAN_POINT('',(-0.6,0.6));
#7707 = CARTESIAN_POINT('',(-0.6,1.8));
#7708 = ( GEOMETRIC_REPRESENTATION_CONTEXT(2) 
PARAMETRIC_REPRESENTATION_CONTEXT() REPRESENTATION_CONTEXT('2D SPACE',''
  ) );
#7709 = PCURVE('',#7710,#7715);
#7710 = PLANE('',#7711);
#7711 = AXIS2_PLACEMENT_3D('',#7712,#7713,#7714);
#7712 = CARTESIAN_POINT('',(26.9,-53.8,12.52));
#7713 = DIRECTION('',(1.,0.,-0.));
#7714 = DIRECTION('',(0.,0.,1.));
#7715 = DEFINITIONAL_REPRESENTATION('',(#7716),#7719);
#7716 = B_SPLINE_CURVE_WITH_KNOTS('',1,(#7717,#7718),.UNSPECIFIED.,.F.,
  .F.,(2,2),(1.5,2.7),.PIECEWISE_BEZIER_KNOTS.);
#7717 = CARTESIAN_POINT('',(0.99,-2.4));
#7718 = CARTESIAN_POINT('',(0.99,-3.6));
#7719 = ( GEOMETRIC_REPRESENTATION_CONTEXT(2) 
PARAMETRIC_REPRESENTATION_CONTEXT() REPRESENTATION_CONTEXT('2D SPACE',''
  ) );
#7720 = ORIENTED_EDGE('',*,*,#7721,.F.);
#7721 = EDGE_CURVE('',#7722,#7696,#7724,.T.);
#7722 = VERTEX_POINT('',#7723);
#7723 = CARTESIAN_POINT('',(28.1,-50.2,13.51));
#7724 = SURFACE_CURVE('',#7725,(#7729,#7735),.PCURVE_S1.);
#7725 = LINE('',#7726,#7727);
#7726 = CARTESIAN_POINT('',(27.2,-50.2,13.51));
#7727 = VECTOR('',#7728,1.);
#7728 = DIRECTION('',(-1.,-0.,0.));
#7729 = PCURVE('',#6561,#7730);
#7730 = DEFINITIONAL_REPRESENTATION('',(#7731),#7734);
#7731 = B_SPLINE_CURVE_WITH_KNOTS('',1,(#7732,#7733),.UNSPECIFIED.,.F.,
  .F.,(2,2),(-0.9,0.3),.PIECEWISE_BEZIER_KNOTS.);
#7732 = CARTESIAN_POINT('',(0.6,1.8));
#7733 = CARTESIAN_POINT('',(-0.6,1.8));
#7734 = ( GEOMETRIC_REPRESENTATION_CONTEXT(2) 
PARAMETRIC_REPRESENTATION_CONTEXT() REPRESENTATION_CONTEXT('2D SPACE',''
  ) );
#7735 = PCURVE('',#7736,#7741);
#7736 = PLANE('',#7737);
#7737 = AXIS2_PLACEMENT_3D('',#7738,#7739,#7740);
#7738 = CARTESIAN_POINT('',(26.9,-50.2,12.52));
#7739 = DIRECTION('',(-0.,1.,0.));
#7740 = DIRECTION('',(0.,0.,1.));
#7741 = DEFINITIONAL_REPRESENTATION('',(#7742),#7745);
#7742 = B_SPLINE_CURVE_WITH_KNOTS('',1,(#7743,#7744),.UNSPECIFIED.,.F.,
  .F.,(2,2),(-0.9,0.3),.PIECEWISE_BEZIER_KNOTS.);
#7743 = CARTESIAN_POINT('',(0.99,1.2));
#7744 = CARTESIAN_POINT('',(0.99,0.));
#7745 = ( GEOMETRIC_REPRESENTATION_CONTEXT(2) 
PARAMETRIC_REPRESENTATION_CONTEXT() REPRESENTATION_CONTEXT('2D SPACE',''
  ) );
#7746 = ORIENTED_EDGE('',*,*,#7747,.F.);
#7747 = EDGE_CURVE('',#7748,#7722,#7750,.T.);
#7748 = VERTEX_POINT('',#7749);
#7749 = CARTESIAN_POINT('',(28.1,-51.4,13.51));
#7750 = SURFACE_CURVE('',#7751,(#7755,#7761),.PCURVE_S1.);
#7751 = LINE('',#7752,#7753);
#7752 = CARTESIAN_POINT('',(28.1,-52.9,13.51));
#7753 = VECTOR('',#7754,1.);
#7754 = DIRECTION('',(-0.,1.,0.));
#7755 = PCURVE('',#6561,#7756);
#7756 = DEFINITIONAL_REPRESENTATION('',(#7757),#7760);
#7757 = B_SPLINE_CURVE_WITH_KNOTS('',1,(#7758,#7759),.UNSPECIFIED.,.F.,
  .F.,(2,2),(1.5,2.7),.PIECEWISE_BEZIER_KNOTS.);
#7758 = CARTESIAN_POINT('',(0.6,0.6));
#7759 = CARTESIAN_POINT('',(0.6,1.8));
#7760 = ( GEOMETRIC_REPRESENTATION_CONTEXT(2) 
PARAMETRIC_REPRESENTATION_CONTEXT() REPRESENTATION_CONTEXT('2D SPACE',''
  ) );
#7761 = PCURVE('',#7762,#7767);
#7762 = PLANE('',#7763);
#7763 = AXIS2_PLACEMENT_3D('',#7764,#7765,#7766);
#7764 = CARTESIAN_POINT('',(28.1,-53.8,12.52));
#7765 = DIRECTION('',(1.,0.,-0.));
#7766 = DIRECTION('',(0.,0.,1.));
#7767 = DEFINITIONAL_REPRESENTATION('',(#7768),#7771);
#7768 = B_SPLINE_CURVE_WITH_KNOTS('',1,(#7769,#7770),.UNSPECIFIED.,.F.,
  .F.,(2,2),(1.5,2.7),.PIECEWISE_BEZIER_KNOTS.);
#7769 = CARTESIAN_POINT('',(0.99,-2.4));
#7770 = CARTESIAN_POINT('',(0.99,-3.6));
#7771 = ( GEOMETRIC_REPRESENTATION_CONTEXT(2) 
PARAMETRIC_REPRESENTATION_CONTEXT() REPRESENTATION_CONTEXT('2D SPACE',''
  ) );
#7772 = ORIENTED_EDGE('',*,*,#7773,.F.);
#7773 = EDGE_CURVE('',#7774,#7748,#7776,.T.);
#7774 = VERTEX_POINT('',#7775);
#7775 = CARTESIAN_POINT('',(29.3,-51.4,13.51));
#7776 = SURFACE_CURVE('',#7777,(#7781,#7787),.PCURVE_S1.);
#7777 = LINE('',#7778,#7779);
#7778 = CARTESIAN_POINT('',(26.6,-51.4,13.51));
#7779 = VECTOR('',#7780,1.);
#7780 = DIRECTION('',(-1.,-0.,0.));
#7781 = PCURVE('',#6561,#7782);
#7782 = DEFINITIONAL_REPRESENTATION('',(#7783),#7786);
#7783 = B_SPLINE_CURVE_WITH_KNOTS('',1,(#7784,#7785),.UNSPECIFIED.,.F.,
  .F.,(2,2),(-2.7,-1.5),.PIECEWISE_BEZIER_KNOTS.);
#7784 = CARTESIAN_POINT('',(1.8,0.6));
#7785 = CARTESIAN_POINT('',(0.6,0.6));
#7786 = ( GEOMETRIC_REPRESENTATION_CONTEXT(2) 
PARAMETRIC_REPRESENTATION_CONTEXT() REPRESENTATION_CONTEXT('2D SPACE',''
  ) );
#7787 = PCURVE('',#7788,#7793);
#7788 = PLANE('',#7789);
#7789 = AXIS2_PLACEMENT_3D('',#7790,#7791,#7792);
#7790 = CARTESIAN_POINT('',(25.7,-51.4,12.52));
#7791 = DIRECTION('',(-0.,1.,0.));
#7792 = DIRECTION('',(0.,0.,1.));
#7793 = DEFINITIONAL_REPRESENTATION('',(#7794),#7797);
#7794 = B_SPLINE_CURVE_WITH_KNOTS('',1,(#7795,#7796),.UNSPECIFIED.,.F.,
  .F.,(2,2),(-2.7,-1.5),.PIECEWISE_BEZIER_KNOTS.);
#7795 = CARTESIAN_POINT('',(0.99,3.6));
#7796 = CARTESIAN_POINT('',(0.99,2.4));
#7797 = ( GEOMETRIC_REPRESENTATION_CONTEXT(2) 
PARAMETRIC_REPRESENTATION_CONTEXT() REPRESENTATION_CONTEXT('2D SPACE',''
  ) );
#7798 = ORIENTED_EDGE('',*,*,#7799,.F.);
#7799 = EDGE_CURVE('',#7800,#7774,#7802,.T.);
#7800 = VERTEX_POINT('',#7801);
#7801 = CARTESIAN_POINT('',(29.3,-52.6,13.51));
#7802 = SURFACE_CURVE('',#7803,(#7807,#7813),.PCURVE_S1.);
#7803 = LINE('',#7804,#7805);
#7804 = CARTESIAN_POINT('',(29.3,-52.3,13.51));
#7805 = VECTOR('',#7806,1.);
#7806 = DIRECTION('',(-0.,1.,0.));
#7807 = PCURVE('',#6561,#7808);
#7808 = DEFINITIONAL_REPRESENTATION('',(#7809),#7812);
#7809 = B_SPLINE_CURVE_WITH_KNOTS('',1,(#7810,#7811),.UNSPECIFIED.,.F.,
  .F.,(2,2),(-0.3,0.9),.PIECEWISE_BEZIER_KNOTS.);
#7810 = CARTESIAN_POINT('',(1.8,-0.6));
#7811 = CARTESIAN_POINT('',(1.8,0.6));
#7812 = ( GEOMETRIC_REPRESENTATION_CONTEXT(2) 
PARAMETRIC_REPRESENTATION_CONTEXT() REPRESENTATION_CONTEXT('2D SPACE',''
  ) );
#7813 = PCURVE('',#7814,#7819);
#7814 = PLANE('',#7815);
#7815 = AXIS2_PLACEMENT_3D('',#7816,#7817,#7818);
#7816 = CARTESIAN_POINT('',(29.3,-52.6,12.52));
#7817 = DIRECTION('',(1.,0.,-0.));
#7818 = DIRECTION('',(0.,0.,1.));
#7819 = DEFINITIONAL_REPRESENTATION('',(#7820),#7823);
#7820 = B_SPLINE_CURVE_WITH_KNOTS('',1,(#7821,#7822),.UNSPECIFIED.,.F.,
  .F.,(2,2),(-0.3,0.9),.PIECEWISE_BEZIER_KNOTS.);
#7821 = CARTESIAN_POINT('',(0.99,0.));
#7822 = CARTESIAN_POINT('',(0.99,-1.2));
#7823 = ( GEOMETRIC_REPRESENTATION_CONTEXT(2) 
PARAMETRIC_REPRESENTATION_CONTEXT() REPRESENTATION_CONTEXT('2D SPACE',''
  ) );
#7824 = ORIENTED_EDGE('',*,*,#7825,.T.);
#7825 = EDGE_CURVE('',#7800,#7826,#7828,.T.);
#7826 = VERTEX_POINT('',#7827);
#7827 = CARTESIAN_POINT('',(28.1,-52.6,13.51));
#7828 = SURFACE_CURVE('',#7829,(#7833,#7839),.PCURVE_S1.);
#7829 = LINE('',#7830,#7831);
#7830 = CARTESIAN_POINT('',(26.6,-52.6,13.51));
#7831 = VECTOR('',#7832,1.);
#7832 = DIRECTION('',(-1.,-0.,0.));
#7833 = PCURVE('',#6561,#7834);
#7834 = DEFINITIONAL_REPRESENTATION('',(#7835),#7838);
#7835 = B_SPLINE_CURVE_WITH_KNOTS('',1,(#7836,#7837),.UNSPECIFIED.,.F.,
  .F.,(2,2),(-2.7,-1.5),.PIECEWISE_BEZIER_KNOTS.);
#7836 = CARTESIAN_POINT('',(1.8,-0.6));
#7837 = CARTESIAN_POINT('',(0.6,-0.6));
#7838 = ( GEOMETRIC_REPRESENTATION_CONTEXT(2) 
PARAMETRIC_REPRESENTATION_CONTEXT() REPRESENTATION_CONTEXT('2D SPACE',''
  ) );
#7839 = PCURVE('',#7840,#7845);
#7840 = PLANE('',#7841);
#7841 = AXIS2_PLACEMENT_3D('',#7842,#7843,#7844);
#7842 = CARTESIAN_POINT('',(25.7,-52.6,12.52));
#7843 = DIRECTION('',(-0.,1.,0.));
#7844 = DIRECTION('',(0.,0.,1.));
#7845 = DEFINITIONAL_REPRESENTATION('',(#7846),#7849);
#7846 = B_SPLINE_CURVE_WITH_KNOTS('',1,(#7847,#7848),.UNSPECIFIED.,.F.,
  .F.,(2,2),(-2.7,-1.5),.PIECEWISE_BEZIER_KNOTS.);
#7847 = CARTESIAN_POINT('',(0.99,3.6));
#7848 = CARTESIAN_POINT('',(0.99,2.4));
#7849 = ( GEOMETRIC_REPRESENTATION_CONTEXT(2) 
PARAMETRIC_REPRESENTATION_CONTEXT() REPRESENTATION_CONTEXT('2D SPACE',''
  ) );
#7850 = ORIENTED_EDGE('',*,*,#7851,.F.);
#7851 = EDGE_CURVE('',#7852,#7826,#7854,.T.);
#7852 = VERTEX_POINT('',#7853);
#7853 = CARTESIAN_POINT('',(28.1,-53.8,13.51));
#7854 = SURFACE_CURVE('',#7855,(#7859,#7865),.PCURVE_S1.);
#7855 = LINE('',#7856,#7857);
#7856 = CARTESIAN_POINT('',(28.1,-52.9,13.51));
#7857 = VECTOR('',#7858,1.);
#7858 = DIRECTION('',(-0.,1.,0.));
#7859 = PCURVE('',#6561,#7860);
#7860 = DEFINITIONAL_REPRESENTATION('',(#7861),#7864);
#7861 = B_SPLINE_CURVE_WITH_KNOTS('',1,(#7862,#7863),.UNSPECIFIED.,.F.,
  .F.,(2,2),(-0.9,0.3),.PIECEWISE_BEZIER_KNOTS.);
#7862 = CARTESIAN_POINT('',(0.6,-1.8));
#7863 = CARTESIAN_POINT('',(0.6,-0.6));
#7864 = ( GEOMETRIC_REPRESENTATION_CONTEXT(2) 
PARAMETRIC_REPRESENTATION_CONTEXT() REPRESENTATION_CONTEXT('2D SPACE',''
  ) );
#7865 = PCURVE('',#7866,#7871);
#7866 = PLANE('',#7867);
#7867 = AXIS2_PLACEMENT_3D('',#7868,#7869,#7870);
#7868 = CARTESIAN_POINT('',(28.1,-53.8,12.52));
#7869 = DIRECTION('',(1.,0.,-0.));
#7870 = DIRECTION('',(0.,0.,1.));
#7871 = DEFINITIONAL_REPRESENTATION('',(#7872),#7875);
#7872 = B_SPLINE_CURVE_WITH_KNOTS('',1,(#7873,#7874),.UNSPECIFIED.,.F.,
  .F.,(2,2),(-0.9,0.3),.PIECEWISE_BEZIER_KNOTS.);
#7873 = CARTESIAN_POINT('',(0.99,0.));
#7874 = CARTESIAN_POINT('',(0.99,-1.2));
#7875 = ( GEOMETRIC_REPRESENTATION_CONTEXT(2) 
PARAMETRIC_REPRESENTATION_CONTEXT() REPRESENTATION_CONTEXT('2D SPACE',''
  ) );
#7876 = ORIENTED_EDGE('',*,*,#7877,.T.);
#7877 = EDGE_CURVE('',#7852,#7878,#7880,.T.);
#7878 = VERTEX_POINT('',#7879);
#7879 = CARTESIAN_POINT('',(26.9,-53.8,13.51));
#7880 = SURFACE_CURVE('',#7881,(#7885,#7891),.PCURVE_S1.);
#7881 = LINE('',#7882,#7883);
#7882 = CARTESIAN_POINT('',(27.2,-53.8,13.51));
#7883 = VECTOR('',#7884,1.);
#7884 = DIRECTION('',(-1.,-0.,0.));
#7885 = PCURVE('',#6561,#7886);
#7886 = DEFINITIONAL_REPRESENTATION('',(#7887),#7890);
#7887 = B_SPLINE_CURVE_WITH_KNOTS('',1,(#7888,#7889),.UNSPECIFIED.,.F.,
  .F.,(2,2),(-0.9,0.3),.PIECEWISE_BEZIER_KNOTS.);
#7888 = CARTESIAN_POINT('',(0.6,-1.8));
#7889 = CARTESIAN_POINT('',(-0.6,-1.8));
#7890 = ( GEOMETRIC_REPRESENTATION_CONTEXT(2) 
PARAMETRIC_REPRESENTATION_CONTEXT() REPRESENTATION_CONTEXT('2D SPACE',''
  ) );
#7891 = PCURVE('',#7892,#7897);
#7892 = PLANE('',#7893);
#7893 = AXIS2_PLACEMENT_3D('',#7894,#7895,#7896);
#7894 = CARTESIAN_POINT('',(26.9,-53.8,12.52));
#7895 = DIRECTION('',(-0.,1.,0.));
#7896 = DIRECTION('',(0.,0.,1.));
#7897 = DEFINITIONAL_REPRESENTATION('',(#7898),#7901);
#7898 = B_SPLINE_CURVE_WITH_KNOTS('',1,(#7899,#7900),.UNSPECIFIED.,.F.,
  .F.,(2,2),(-0.9,0.3),.PIECEWISE_BEZIER_KNOTS.);
#7899 = CARTESIAN_POINT('',(0.99,1.2));
#7900 = CARTESIAN_POINT('',(0.99,0.));
#7901 = ( GEOMETRIC_REPRESENTATION_CONTEXT(2) 
PARAMETRIC_REPRESENTATION_CONTEXT() REPRESENTATION_CONTEXT('2D SPACE',''
  ) );
#7902 = ORIENTED_EDGE('',*,*,#7903,.T.);
#7903 = EDGE_CURVE('',#7878,#7616,#7904,.T.);
#7904 = SURFACE_CURVE('',#7905,(#7909,#7915),.PCURVE_S1.);
#7905 = LINE('',#7906,#7907);
#7906 = CARTESIAN_POINT('',(26.9,-52.9,13.51));
#7907 = VECTOR('',#7908,1.);
#7908 = DIRECTION('',(-0.,1.,0.));
#7909 = PCURVE('',#6561,#7910);
#7910 = DEFINITIONAL_REPRESENTATION('',(#7911),#7914);
#7911 = B_SPLINE_CURVE_WITH_KNOTS('',1,(#7912,#7913),.UNSPECIFIED.,.F.,
  .F.,(2,2),(-0.9,0.3),.PIECEWISE_BEZIER_KNOTS.);
#7912 = CARTESIAN_POINT('',(-0.6,-1.8));
#7913 = CARTESIAN_POINT('',(-0.6,-0.6));
#7914 = ( GEOMETRIC_REPRESENTATION_CONTEXT(2) 
PARAMETRIC_REPRESENTATION_CONTEXT() REPRESENTATION_CONTEXT('2D SPACE',''
  ) );
#7915 = PCURVE('',#7916,#7921);
#7916 = PLANE('',#7917);
#7917 = AXIS2_PLACEMENT_3D('',#7918,#7919,#7920);
#7918 = CARTESIAN_POINT('',(26.9,-53.8,12.52));
#7919 = DIRECTION('',(1.,0.,-0.));
#7920 = DIRECTION('',(0.,0.,1.));
#7921 = DEFINITIONAL_REPRESENTATION('',(#7922),#7925);
#7922 = B_SPLINE_CURVE_WITH_KNOTS('',1,(#7923,#7924),.UNSPECIFIED.,.F.,
  .F.,(2,2),(-0.9,0.3),.PIECEWISE_BEZIER_KNOTS.);
#7923 = CARTESIAN_POINT('',(0.99,0.));
#7924 = CARTESIAN_POINT('',(0.99,-1.2));
#7925 = ( GEOMETRIC_REPRESENTATION_CONTEXT(2) 
PARAMETRIC_REPRESENTATION_CONTEXT() REPRESENTATION_CONTEXT('2D SPACE',''
  ) );
#7926 = ADVANCED_FACE('',(#7927,#7930,#8244),#6616,.T.);
#7927 = FACE_BOUND('',#7928,.T.);
#7928 = EDGE_LOOP('',(#7929));
#7929 = ORIENTED_EDGE('',*,*,#6601,.T.);
#7930 = FACE_BOUND('',#7931,.T.);
#7931 = EDGE_LOOP('',(#7932,#7960,#7986,#8012,#8038,#8064,#8090,#8116,
    #8142,#8168,#8194,#8220));
#7932 = ORIENTED_EDGE('',*,*,#7933,.F.);
#7933 = EDGE_CURVE('',#7934,#7936,#7938,.T.);
#7934 = VERTEX_POINT('',#7935);
#7935 = CARTESIAN_POINT('',(40.9429688,-53.50424804687,13.51));
#7936 = VERTEX_POINT('',#7937);
#7937 = CARTESIAN_POINT('',(41.3408203625,-53.50424804687,13.51));
#7938 = SURFACE_CURVE('',#7939,(#7943,#7949),.PCURVE_S1.);
#7939 = LINE('',#7940,#7941);
#7940 = CARTESIAN_POINT('',(40.92041018125,-53.50424804687,13.51));
#7941 = VECTOR('',#7942,1.);
#7942 = DIRECTION('',(1.,0.,-0.));
#7943 = PCURVE('',#6616,#7944);
#7944 = DEFINITIONAL_REPRESENTATION('',(#7945),#7948);
#7945 = B_SPLINE_CURVE_WITH_KNOTS('',1,(#7946,#7947),.UNSPECIFIED.,.F.,
  .F.,(2,2),(2.255861875E-02,0.42041018125),.PIECEWISE_BEZIER_KNOTS.);
#7946 = CARTESIAN_POINT('',(0.4429688,-1.504248046875));
#7947 = CARTESIAN_POINT('',(0.8408203625,-1.504248046875));
#7948 = ( GEOMETRIC_REPRESENTATION_CONTEXT(2) 
PARAMETRIC_REPRESENTATION_CONTEXT() REPRESENTATION_CONTEXT('2D SPACE',''
  ) );
#7949 = PCURVE('',#7950,#7955);
#7950 = PLANE('',#7951);
#7951 = AXIS2_PLACEMENT_3D('',#7952,#7953,#7954);
#7952 = CARTESIAN_POINT('',(41.3408203625,-53.50424804687,13.0199999));
#7953 = DIRECTION('',(0.,-1.,0.));
#7954 = DIRECTION('',(-1.,0.,0.));
#7955 = DEFINITIONAL_REPRESENTATION('',(#7956),#7959);
#7956 = B_SPLINE_CURVE_WITH_KNOTS('',1,(#7957,#7958),.UNSPECIFIED.,.F.,
  .F.,(2,2),(2.255861875E-02,0.42041018125),.PIECEWISE_BEZIER_KNOTS.);
#7957 = CARTESIAN_POINT('',(0.3978515625,-0.4900001));
#7958 = CARTESIAN_POINT('',(0.,-0.4900001));
#7959 = ( GEOMETRIC_REPRESENTATION_CONTEXT(2) 
PARAMETRIC_REPRESENTATION_CONTEXT() REPRESENTATION_CONTEXT('2D SPACE',''
  ) );
#7960 = ORIENTED_EDGE('',*,*,#7961,.F.);
#7961 = EDGE_CURVE('',#7962,#7934,#7964,.T.);
#7962 = VERTEX_POINT('',#7963);
#7963 = CARTESIAN_POINT('',(40.9429688,-50.49780273437,13.51));
#7964 = SURFACE_CURVE('',#7965,(#7969,#7975),.PCURVE_S1.);
#7965 = LINE('',#7966,#7967);
#7966 = CARTESIAN_POINT('',(40.9429688,-52.75212402343,13.51));
#7967 = VECTOR('',#7968,1.);
#7968 = DIRECTION('',(0.,-1.,0.));
#7969 = PCURVE('',#6616,#7970);
#7970 = DEFINITIONAL_REPRESENTATION('',(#7971),#7974);
#7971 = B_SPLINE_CURVE_WITH_KNOTS('',1,(#7972,#7973),.UNSPECIFIED.,.F.,
  .F.,(2,2),(-2.254321289063,0.752124023437),.PIECEWISE_BEZIER_KNOTS.);
#7972 = CARTESIAN_POINT('',(0.4429688,1.502197265625));
#7973 = CARTESIAN_POINT('',(0.4429688,-1.504248046875));
#7974 = ( GEOMETRIC_REPRESENTATION_CONTEXT(2) 
PARAMETRIC_REPRESENTATION_CONTEXT() REPRESENTATION_CONTEXT('2D SPACE',''
  ) );
#7975 = PCURVE('',#7976,#7981);
#7976 = PLANE('',#7977);
#7977 = AXIS2_PLACEMENT_3D('',#7978,#7979,#7980);
#7978 = CARTESIAN_POINT('',(40.9429688,-53.50424804687,13.0199999));
#7979 = DIRECTION('',(-1.,0.,0.));
#7980 = DIRECTION('',(0.,1.,0.));
#7981 = DEFINITIONAL_REPRESENTATION('',(#7982),#7985);
#7982 = B_SPLINE_CURVE_WITH_KNOTS('',1,(#7983,#7984),.UNSPECIFIED.,.F.,
  .F.,(2,2),(-2.254321289063,0.752124023437),.PIECEWISE_BEZIER_KNOTS.);
#7983 = CARTESIAN_POINT('',(3.0064453125,-0.4900001));
#7984 = CARTESIAN_POINT('',(0.,-0.4900001));
#7985 = ( GEOMETRIC_REPRESENTATION_CONTEXT(2) 
PARAMETRIC_REPRESENTATION_CONTEXT() REPRESENTATION_CONTEXT('2D SPACE',''
  ) );
#7986 = ORIENTED_EDGE('',*,*,#7987,.F.);
#7987 = EDGE_CURVE('',#7988,#7962,#7990,.T.);
#7988 = VERTEX_POINT('',#7989);
#7989 = CARTESIAN_POINT('',(41.3408203625,-50.49780273437,13.51));
#7990 = SURFACE_CURVE('',#7991,(#7995,#8001),.PCURVE_S1.);
#7991 = LINE('',#7992,#7993);
#7992 = CARTESIAN_POINT('',(40.7214844,-50.49780273437,13.51));
#7993 = VECTOR('',#7994,1.);
#7994 = DIRECTION('',(-1.,0.,0.));
#7995 = PCURVE('',#6616,#7996);
#7996 = DEFINITIONAL_REPRESENTATION('',(#7997),#8000);
#7997 = B_SPLINE_CURVE_WITH_KNOTS('',1,(#7998,#7999),.UNSPECIFIED.,.F.,
  .F.,(2,2),(-0.6193359625,-0.2214844),.PIECEWISE_BEZIER_KNOTS.);
#7998 = CARTESIAN_POINT('',(0.8408203625,1.502197265625));
#7999 = CARTESIAN_POINT('',(0.4429688,1.502197265625));
#8000 = ( GEOMETRIC_REPRESENTATION_CONTEXT(2) 
PARAMETRIC_REPRESENTATION_CONTEXT() REPRESENTATION_CONTEXT('2D SPACE',''
  ) );
#8001 = PCURVE('',#8002,#8007);
#8002 = PLANE('',#8003);
#8003 = AXIS2_PLACEMENT_3D('',#8004,#8005,#8006);
#8004 = CARTESIAN_POINT('',(40.9429688,-50.49780273437,13.0199999));
#8005 = DIRECTION('',(0.,1.,0.));
#8006 = DIRECTION('',(1.,0.,0.));
#8007 = DEFINITIONAL_REPRESENTATION('',(#8008),#8011);
#8008 = B_SPLINE_CURVE_WITH_KNOTS('',1,(#8009,#8010),.UNSPECIFIED.,.F.,
  .F.,(2,2),(-0.6193359625,-0.2214844),.PIECEWISE_BEZIER_KNOTS.);
#8009 = CARTESIAN_POINT('',(0.3978515625,-0.4900001));
#8010 = CARTESIAN_POINT('',(0.,-0.4900001));
#8011 = ( GEOMETRIC_REPRESENTATION_CONTEXT(2) 
PARAMETRIC_REPRESENTATION_CONTEXT() REPRESENTATION_CONTEXT('2D SPACE',''
  ) );
#8012 = ORIENTED_EDGE('',*,*,#8013,.F.);
#8013 = EDGE_CURVE('',#8014,#7988,#8016,.T.);
#8014 = VERTEX_POINT('',#8015);
#8015 = CARTESIAN_POINT('',(41.3408203625,-51.98872070312,13.51));
#8016 = SURFACE_CURVE('',#8017,(#8021,#8027),.PCURVE_S1.);
#8017 = LINE('',#8018,#8019);
#8018 = CARTESIAN_POINT('',(41.3408203625,-51.24890136718,13.51));
#8019 = VECTOR('',#8020,1.);
#8020 = DIRECTION('',(-0.,1.,0.));
#8021 = PCURVE('',#6616,#8022);
#8022 = DEFINITIONAL_REPRESENTATION('',(#8023),#8026);
#8023 = B_SPLINE_CURVE_WITH_KNOTS('',1,(#8024,#8025),.UNSPECIFIED.,.F.,
  .F.,(2,2),(-0.739819335937,0.751098632812),.PIECEWISE_BEZIER_KNOTS.);
#8024 = CARTESIAN_POINT('',(0.8408203625,1.1279296875E-02));
#8025 = CARTESIAN_POINT('',(0.8408203625,1.502197265625));
#8026 = ( GEOMETRIC_REPRESENTATION_CONTEXT(2) 
PARAMETRIC_REPRESENTATION_CONTEXT() REPRESENTATION_CONTEXT('2D SPACE',''
  ) );
#8027 = PCURVE('',#8028,#8033);
#8028 = PLANE('',#8029);
#8029 = AXIS2_PLACEMENT_3D('',#8030,#8031,#8032);
#8030 = CARTESIAN_POINT('',(41.3408203625,-50.49780273437,13.0199999));
#8031 = DIRECTION('',(1.,0.,-0.));
#8032 = DIRECTION('',(0.,-1.,0.));
#8033 = DEFINITIONAL_REPRESENTATION('',(#8034),#8037);
#8034 = B_SPLINE_CURVE_WITH_KNOTS('',1,(#8035,#8036),.UNSPECIFIED.,.F.,
  .F.,(2,2),(-0.739819335937,0.751098632812),.PIECEWISE_BEZIER_KNOTS.);
#8035 = CARTESIAN_POINT('',(1.49091796875,-0.4900001));
#8036 = CARTESIAN_POINT('',(0.,-0.4900001));
#8037 = ( GEOMETRIC_REPRESENTATION_CONTEXT(2) 
PARAMETRIC_REPRESENTATION_CONTEXT() REPRESENTATION_CONTEXT('2D SPACE',''
  ) );
#8038 = ORIENTED_EDGE('',*,*,#8039,.F.);
#8039 = EDGE_CURVE('',#8040,#8014,#8042,.T.);
#8040 = VERTEX_POINT('',#8041);
#8041 = CARTESIAN_POINT('',(42.8337891125,-50.49780273437,13.51));
#8042 = SURFACE_CURVE('',#8043,(#8047,#8053),.PCURVE_S1.);
#8043 = LINE('',#8044,#8045);
#8044 = CARTESIAN_POINT('',(41.127506508751,-52.20174154333,13.51));
#8045 = VECTOR('',#8046,1.);
#8046 = DIRECTION('',(-0.707592598109,-0.706620630255,0.));
#8047 = PCURVE('',#6616,#8048);
#8048 = DEFINITIONAL_REPRESENTATION('',(#8049),#8052);
#8049 = B_SPLINE_CURVE_WITH_KNOTS('',1,(#8050,#8051),.UNSPECIFIED.,.F.,
  .F.,(2,2),(-2.4113912558,-0.301464224356),.PIECEWISE_BEZIER_KNOTS.);
#8050 = CARTESIAN_POINT('',(2.3337891125,1.502197265625));
#8051 = CARTESIAN_POINT('',(0.8408203625,1.1279296875E-02));
#8052 = ( GEOMETRIC_REPRESENTATION_CONTEXT(2) 
PARAMETRIC_REPRESENTATION_CONTEXT() REPRESENTATION_CONTEXT('2D SPACE',''
  ) );
#8053 = PCURVE('',#8054,#8059);
#8054 = PLANE('',#8055);
#8055 = AXIS2_PLACEMENT_3D('',#8056,#8057,#8058);
#8056 = CARTESIAN_POINT('',(41.3408203625,-51.98872070312,13.0199999));
#8057 = DIRECTION('',(-0.706620630255,0.707592598109,0.));
#8058 = DIRECTION('',(0.707592598109,0.706620630255,0.));
#8059 = DEFINITIONAL_REPRESENTATION('',(#8060),#8063);
#8060 = B_SPLINE_CURVE_WITH_KNOTS('',1,(#8061,#8062),.UNSPECIFIED.,.F.,
  .F.,(2,2),(-2.4113912558,-0.301464224356),.PIECEWISE_BEZIER_KNOTS.);
#8061 = CARTESIAN_POINT('',(2.109927031444,-0.4900001));
#8062 = CARTESIAN_POINT('',(0.,-0.4900001));
#8063 = ( GEOMETRIC_REPRESENTATION_CONTEXT(2) 
PARAMETRIC_REPRESENTATION_CONTEXT() REPRESENTATION_CONTEXT('2D SPACE',''
  ) );
#8064 = ORIENTED_EDGE('',*,*,#8065,.F.);
#8065 = EDGE_CURVE('',#8066,#8040,#8068,.T.);
#8066 = VERTEX_POINT('',#8067);
#8067 = CARTESIAN_POINT('',(43.37314458125,-50.49780273437,13.51));
#8068 = SURFACE_CURVE('',#8069,(#8073,#8079),.PCURVE_S1.);
#8069 = LINE('',#8070,#8071);
#8070 = CARTESIAN_POINT('',(41.66689455625,-50.49780273437,13.51));
#8071 = VECTOR('',#8072,1.);
#8072 = DIRECTION('',(-1.,0.,0.));
#8073 = PCURVE('',#6616,#8074);
#8074 = DEFINITIONAL_REPRESENTATION('',(#8075),#8078);
#8075 = B_SPLINE_CURVE_WITH_KNOTS('',1,(#8076,#8077),.UNSPECIFIED.,.F.,
  .F.,(2,2),(-1.706250025,-1.16689455625),.PIECEWISE_BEZIER_KNOTS.);
#8076 = CARTESIAN_POINT('',(2.87314458125,1.502197265625));
#8077 = CARTESIAN_POINT('',(2.3337891125,1.502197265625));
#8078 = ( GEOMETRIC_REPRESENTATION_CONTEXT(2) 
PARAMETRIC_REPRESENTATION_CONTEXT() REPRESENTATION_CONTEXT('2D SPACE',''
  ) );
#8079 = PCURVE('',#8080,#8085);
#8080 = PLANE('',#8081);
#8081 = AXIS2_PLACEMENT_3D('',#8082,#8083,#8084);
#8082 = CARTESIAN_POINT('',(42.8337891125,-50.49780273437,13.0199999));
#8083 = DIRECTION('',(0.,1.,0.));
#8084 = DIRECTION('',(1.,0.,0.));
#8085 = DEFINITIONAL_REPRESENTATION('',(#8086),#8089);
#8086 = B_SPLINE_CURVE_WITH_KNOTS('',1,(#8087,#8088),.UNSPECIFIED.,.F.,
  .F.,(2,2),(-1.706250025,-1.16689455625),.PIECEWISE_BEZIER_KNOTS.);
#8087 = CARTESIAN_POINT('',(0.53935546875,-0.4900001));
#8088 = CARTESIAN_POINT('',(0.,-0.4900001));
#8089 = ( GEOMETRIC_REPRESENTATION_CONTEXT(2) 
PARAMETRIC_REPRESENTATION_CONTEXT() REPRESENTATION_CONTEXT('2D SPACE',''
  ) );
#8090 = ORIENTED_EDGE('',*,*,#8091,.F.);
#8091 = EDGE_CURVE('',#8092,#8066,#8094,.T.);
#8092 = VERTEX_POINT('',#8093);
#8093 = CARTESIAN_POINT('',(42.1119141125,-51.71596679687,13.51));
#8094 = SURFACE_CURVE('',#8095,(#8099,#8105),.PCURVE_S1.);
#8095 = LINE('',#8096,#8097);
#8096 = CARTESIAN_POINT('',(42.254590320833,-51.57816245907,13.51));
#8097 = VECTOR('',#8098,1.);
#8098 = DIRECTION('',(0.719280535016,0.694719736259,-0.));
#8099 = PCURVE('',#6616,#8100);
#8100 = DEFINITIONAL_REPRESENTATION('',(#8101),#8104);
#8101 = B_SPLINE_CURVE_WITH_KNOTS('',1,(#8102,#8103),.UNSPECIFIED.,.F.,
  .F.,(2,2),(-0.198359612679,1.555101529881),.PIECEWISE_BEZIER_KNOTS.);
#8102 = CARTESIAN_POINT('',(1.6119141125,0.284033203125));
#8103 = CARTESIAN_POINT('',(2.87314458125,1.502197265625));
#8104 = ( GEOMETRIC_REPRESENTATION_CONTEXT(2) 
PARAMETRIC_REPRESENTATION_CONTEXT() REPRESENTATION_CONTEXT('2D SPACE',''
  ) );
#8105 = PCURVE('',#8106,#8111);
#8106 = PLANE('',#8107);
#8107 = AXIS2_PLACEMENT_3D('',#8108,#8109,#8110);
#8108 = CARTESIAN_POINT('',(43.37314458125,-50.49780273437,13.0199999));
#8109 = DIRECTION('',(0.694719736259,-0.719280535016,0.));
#8110 = DIRECTION('',(-0.719280535016,-0.694719736259,0.));
#8111 = DEFINITIONAL_REPRESENTATION('',(#8112),#8115);
#8112 = B_SPLINE_CURVE_WITH_KNOTS('',1,(#8113,#8114),.UNSPECIFIED.,.F.,
  .F.,(2,2),(-0.198359612679,1.555101529881),.PIECEWISE_BEZIER_KNOTS.);
#8113 = CARTESIAN_POINT('',(1.753461142561,-0.4900001));
#8114 = CARTESIAN_POINT('',(0.,-0.4900001));
#8115 = ( GEOMETRIC_REPRESENTATION_CONTEXT(2) 
PARAMETRIC_REPRESENTATION_CONTEXT() REPRESENTATION_CONTEXT('2D SPACE',''
  ) );
#8116 = ORIENTED_EDGE('',*,*,#8117,.F.);
#8117 = EDGE_CURVE('',#8118,#8092,#8120,.T.);
#8118 = VERTEX_POINT('',#8119);
#8119 = CARTESIAN_POINT('',(43.428515675,-53.50424804687,13.51));
#8120 = SURFACE_CURVE('',#8121,(#8125,#8131),.PCURVE_S1.);
#8121 = LINE('',#8122,#8123);
#8122 = CARTESIAN_POINT('',(41.896415742984,-51.42326496164,13.51));
#8123 = VECTOR('',#8124,1.);
#8124 = DIRECTION('',(-0.59288397629,0.805287893029,0.));
#8125 = PCURVE('',#6616,#8126);
#8126 = DEFINITIONAL_REPRESENTATION('',(#8127),#8130);
#8127 = B_SPLINE_CURVE_WITH_KNOTS('',1,(#8128,#8129),.UNSPECIFIED.,.F.,
  .F.,(2,2),(-2.584147983901,-0.363474774381),.PIECEWISE_BEZIER_KNOTS.);
#8128 = CARTESIAN_POINT('',(2.928515675,-1.504248046875));
#8129 = CARTESIAN_POINT('',(1.6119141125,0.284033203125));
#8130 = ( GEOMETRIC_REPRESENTATION_CONTEXT(2) 
PARAMETRIC_REPRESENTATION_CONTEXT() REPRESENTATION_CONTEXT('2D SPACE',''
  ) );
#8131 = PCURVE('',#8132,#8137);
#8132 = PLANE('',#8133);
#8133 = AXIS2_PLACEMENT_3D('',#8134,#8135,#8136);
#8134 = CARTESIAN_POINT('',(42.1119141125,-51.71596679687,13.0199999));
#8135 = DIRECTION('',(0.805287893029,0.59288397629,-0.));
#8136 = DIRECTION('',(0.59288397629,-0.805287893029,0.));
#8137 = DEFINITIONAL_REPRESENTATION('',(#8138),#8141);
#8138 = B_SPLINE_CURVE_WITH_KNOTS('',1,(#8139,#8140),.UNSPECIFIED.,.F.,
  .F.,(2,2),(-2.584147983901,-0.363474774381),.PIECEWISE_BEZIER_KNOTS.);
#8139 = CARTESIAN_POINT('',(2.22067320952,-0.4900001));
#8140 = CARTESIAN_POINT('',(0.,-0.4900001));
#8141 = ( GEOMETRIC_REPRESENTATION_CONTEXT(2) 
PARAMETRIC_REPRESENTATION_CONTEXT() REPRESENTATION_CONTEXT('2D SPACE',''
  ) );
#8142 = ORIENTED_EDGE('',*,*,#8143,.F.);
#8143 = EDGE_CURVE('',#8144,#8118,#8146,.T.);
#8144 = VERTEX_POINT('',#8145);
#8145 = CARTESIAN_POINT('',(42.903515675,-53.50424804687,13.51));
#8146 = SURFACE_CURVE('',#8147,(#8151,#8157),.PCURVE_S1.);
#8147 = LINE('',#8148,#8149);
#8148 = CARTESIAN_POINT('',(41.9642578375,-53.50424804687,13.51));
#8149 = VECTOR('',#8150,1.);
#8150 = DIRECTION('',(1.,0.,-0.));
#8151 = PCURVE('',#6616,#8152);
#8152 = DEFINITIONAL_REPRESENTATION('',(#8153),#8156);
#8153 = B_SPLINE_CURVE_WITH_KNOTS('',1,(#8154,#8155),.UNSPECIFIED.,.F.,
  .F.,(2,2),(0.9392578375,1.4642578375),.PIECEWISE_BEZIER_KNOTS.);
#8154 = CARTESIAN_POINT('',(2.403515675,-1.504248046875));
#8155 = CARTESIAN_POINT('',(2.928515675,-1.504248046875));
#8156 = ( GEOMETRIC_REPRESENTATION_CONTEXT(2) 
PARAMETRIC_REPRESENTATION_CONTEXT() REPRESENTATION_CONTEXT('2D SPACE',''
  ) );
#8157 = PCURVE('',#8158,#8163);
#8158 = PLANE('',#8159);
#8159 = AXIS2_PLACEMENT_3D('',#8160,#8161,#8162);
#8160 = CARTESIAN_POINT('',(43.428515675,-53.50424804687,13.0199999));
#8161 = DIRECTION('',(0.,-1.,0.));
#8162 = DIRECTION('',(-1.,0.,0.));
#8163 = DEFINITIONAL_REPRESENTATION('',(#8164),#8167);
#8164 = B_SPLINE_CURVE_WITH_KNOTS('',1,(#8165,#8166),.UNSPECIFIED.,.F.,
  .F.,(2,2),(0.9392578375,1.4642578375),.PIECEWISE_BEZIER_KNOTS.);
#8165 = CARTESIAN_POINT('',(0.525,-0.4900001));
#8166 = CARTESIAN_POINT('',(0.,-0.4900001));
#8167 = ( GEOMETRIC_REPRESENTATION_CONTEXT(2) 
PARAMETRIC_REPRESENTATION_CONTEXT() REPRESENTATION_CONTEXT('2D SPACE',''
  ) );
#8168 = ORIENTED_EDGE('',*,*,#8169,.F.);
#8169 = EDGE_CURVE('',#8170,#8144,#8172,.T.);
#8170 = VERTEX_POINT('',#8171);
#8171 = CARTESIAN_POINT('',(41.8330078625,-51.98256835937,13.51));
#8172 = SURFACE_CURVE('',#8173,(#8177,#8183),.PCURVE_S1.);
#8173 = LINE('',#8174,#8175);
#8174 = CARTESIAN_POINT('',(42.151705977574,-52.43558368769,13.51));
#8175 = VECTOR('',#8176,1.);
#8176 = DIRECTION('',(0.575384185443,-0.81788326743,0.));
#8177 = PCURVE('',#6616,#8178);
#8178 = DEFINITIONAL_REPRESENTATION('',(#8179),#8182);
#8179 = B_SPLINE_CURVE_WITH_KNOTS('',1,(#8180,#8181),.UNSPECIFIED.,.F.,
  .F.,(2,2),(-0.553887512269,1.306622108231),.PIECEWISE_BEZIER_KNOTS.);
#8180 = CARTESIAN_POINT('',(1.3330078625,1.7431640625E-02));
#8181 = CARTESIAN_POINT('',(2.403515675,-1.504248046875));
#8182 = ( GEOMETRIC_REPRESENTATION_CONTEXT(2) 
PARAMETRIC_REPRESENTATION_CONTEXT() REPRESENTATION_CONTEXT('2D SPACE',''
  ) );
#8183 = PCURVE('',#8184,#8189);
#8184 = PLANE('',#8185);
#8185 = AXIS2_PLACEMENT_3D('',#8186,#8187,#8188);
#8186 = CARTESIAN_POINT('',(42.903515675,-53.50424804687,13.0199999));
#8187 = DIRECTION('',(-0.81788326743,-0.575384185443,0.));
#8188 = DIRECTION('',(-0.575384185443,0.81788326743,0.));
#8189 = DEFINITIONAL_REPRESENTATION('',(#8190),#8193);
#8190 = B_SPLINE_CURVE_WITH_KNOTS('',1,(#8191,#8192),.UNSPECIFIED.,.F.,
  .F.,(2,2),(-0.553887512269,1.306622108231),.PIECEWISE_BEZIER_KNOTS.);
#8191 = CARTESIAN_POINT('',(1.8605096205,-0.4900001));
#8192 = CARTESIAN_POINT('',(0.,-0.4900001));
#8193 = ( GEOMETRIC_REPRESENTATION_CONTEXT(2) 
PARAMETRIC_REPRESENTATION_CONTEXT() REPRESENTATION_CONTEXT('2D SPACE',''
  ) );
#8194 = ORIENTED_EDGE('',*,*,#8195,.F.);
#8195 = EDGE_CURVE('',#8196,#8170,#8198,.T.);
#8196 = VERTEX_POINT('',#8197);
#8197 = CARTESIAN_POINT('',(41.3408203625,-52.46245117187,13.51));
#8198 = SURFACE_CURVE('',#8199,(#8203,#8209),.PCURVE_S1.);
#8199 = LINE('',#8200,#8201);
#8200 = CARTESIAN_POINT('',(41.486963976025,-52.31996114868,13.51));
#8201 = VECTOR('',#8202,1.);
#8202 = DIRECTION('',(0.71600013962,0.69810013613,-0.));
#8203 = PCURVE('',#6616,#8204);
#8204 = DEFINITIONAL_REPRESENTATION('',(#8205),#8208);
#8205 = B_SPLINE_CURVE_WITH_KNOTS('',1,(#8206,#8207),.UNSPECIFIED.,.F.,
  .F.,(2,2),(-0.204111152273,0.483301423179),.PIECEWISE_BEZIER_KNOTS.);
#8206 = CARTESIAN_POINT('',(0.8408203625,-0.462451171875));
#8207 = CARTESIAN_POINT('',(1.3330078625,1.7431640625E-02));
#8208 = ( GEOMETRIC_REPRESENTATION_CONTEXT(2) 
PARAMETRIC_REPRESENTATION_CONTEXT() REPRESENTATION_CONTEXT('2D SPACE',''
  ) );
#8209 = PCURVE('',#8210,#8215);
#8210 = PLANE('',#8211);
#8211 = AXIS2_PLACEMENT_3D('',#8212,#8213,#8214);
#8212 = CARTESIAN_POINT('',(41.8330078625,-51.98256835937,13.0199999));
#8213 = DIRECTION('',(0.69810013613,-0.71600013962,0.));
#8214 = DIRECTION('',(-0.71600013962,-0.69810013613,0.));
#8215 = DEFINITIONAL_REPRESENTATION('',(#8216),#8219);
#8216 = B_SPLINE_CURVE_WITH_KNOTS('',1,(#8217,#8218),.UNSPECIFIED.,.F.,
  .F.,(2,2),(-0.204111152273,0.483301423179),.PIECEWISE_BEZIER_KNOTS.);
#8217 = CARTESIAN_POINT('',(0.687412575452,-0.4900001));
#8218 = CARTESIAN_POINT('',(0.,-0.4900001));
#8219 = ( GEOMETRIC_REPRESENTATION_CONTEXT(2) 
PARAMETRIC_REPRESENTATION_CONTEXT() REPRESENTATION_CONTEXT('2D SPACE',''
  ) );
#8220 = ORIENTED_EDGE('',*,*,#8221,.F.);
#8221 = EDGE_CURVE('',#7936,#8196,#8222,.T.);
#8222 = SURFACE_CURVE('',#8223,(#8227,#8233),.PCURVE_S1.);
#8223 = LINE('',#8224,#8225);
#8224 = CARTESIAN_POINT('',(41.3408203625,-52.23122558593,13.51));
#8225 = VECTOR('',#8226,1.);
#8226 = DIRECTION('',(-0.,1.,0.));
#8227 = PCURVE('',#6616,#8228);
#8228 = DEFINITIONAL_REPRESENTATION('',(#8229),#8232);
#8229 = B_SPLINE_CURVE_WITH_KNOTS('',1,(#8230,#8231),.UNSPECIFIED.,.F.,
  .F.,(2,2),(-1.273022460938,-0.231225585938),.PIECEWISE_BEZIER_KNOTS.);
#8230 = CARTESIAN_POINT('',(0.8408203625,-1.504248046875));
#8231 = CARTESIAN_POINT('',(0.8408203625,-0.462451171875));
#8232 = ( GEOMETRIC_REPRESENTATION_CONTEXT(2) 
PARAMETRIC_REPRESENTATION_CONTEXT() REPRESENTATION_CONTEXT('2D SPACE',''
  ) );
#8233 = PCURVE('',#8234,#8239);
#8234 = PLANE('',#8235);
#8235 = AXIS2_PLACEMENT_3D('',#8236,#8237,#8238);
#8236 = CARTESIAN_POINT('',(41.3408203625,-52.46245117187,13.0199999));
#8237 = DIRECTION('',(1.,0.,-0.));
#8238 = DIRECTION('',(0.,-1.,0.));
#8239 = DEFINITIONAL_REPRESENTATION('',(#8240),#8243);
#8240 = B_SPLINE_CURVE_WITH_KNOTS('',1,(#8241,#8242),.UNSPECIFIED.,.F.,
  .F.,(2,2),(-1.273022460938,-0.231225585938),.PIECEWISE_BEZIER_KNOTS.);
#8241 = CARTESIAN_POINT('',(1.041796875,-0.4900001));
#8242 = CARTESIAN_POINT('',(0.,-0.4900001));
#8243 = ( GEOMETRIC_REPRESENTATION_CONTEXT(2) 
PARAMETRIC_REPRESENTATION_CONTEXT() REPRESENTATION_CONTEXT('2D SPACE',''
  ) );
#8244 = FACE_BOUND('',#8245,.T.);
#8245 = EDGE_LOOP('',(#8246,#8320,#8383,#8434,#8485,#8536,#8587,#8638,
    #8689,#8740,#8791));
#8246 = ORIENTED_EDGE('',*,*,#8247,.F.);
#8247 = EDGE_CURVE('',#8248,#8250,#8252,.T.);
#8248 = VERTEX_POINT('',#8249);
#8249 = CARTESIAN_POINT('',(37.97343755,-50.86796875,13.51));
#8250 = VERTEX_POINT('',#8251);
#8251 = CARTESIAN_POINT('',(37.571484425,-52.03999023437,13.51));
#8252 = SURFACE_CURVE('',#8253,(#8271,#8292),.PCURVE_S1.);
#8253 = B_SPLINE_CURVE_WITH_KNOTS('',6,(#8254,#8255,#8256,#8257,#8258,
    #8259,#8260,#8261,#8262,#8263,#8264,#8265,#8266,#8267,#8268,#8269,
    #8270),.UNSPECIFIED.,.F.,.F.,(7,5,5,7),(0.,8.446401833591E-02,
    0.644131746978,1.),.UNSPECIFIED.);
#8254 = CARTESIAN_POINT('',(37.97343755,-50.86796875,13.51));
#8255 = CARTESIAN_POINT('',(37.961527307225,-50.88051704149,13.51));
#8256 = CARTESIAN_POINT('',(37.949820236567,-50.89324559961,13.51));
#8257 = CARTESIAN_POINT('',(37.938319020225,-50.9061526679,13.51));
#8258 = CARTESIAN_POINT('',(37.927026103422,-50.91923626718,13.51));
#8259 = CARTESIAN_POINT('',(37.915943694407,-50.9324941955,13.51));
#8260 = CARTESIAN_POINT('',(37.833048431921,-51.03491155321,13.51));
#8261 = CARTESIAN_POINT('',(37.770328107664,-51.13147591655,13.51));
#8262 = CARTESIAN_POINT('',(37.717570271025,-51.23483154977,13.51));
#8263 = CARTESIAN_POINT('',(37.674714302264,-51.34393544964,13.51));
#8264 = CARTESIAN_POINT('',(37.641283614676,-51.45766620287,13.51));
#8265 = CARTESIAN_POINT('',(37.600894322182,-51.64952610695,13.51));
#8266 = CARTESIAN_POINT('',(37.588723410323,-51.72556609765,13.51));
#8267 = CARTESIAN_POINT('',(37.579901334848,-51.80282983737,13.51));
#8268 = CARTESIAN_POINT('',(37.574224665717,-51.88110311202,13.51));
#8269 = CARTESIAN_POINT('',(37.571484425,-51.96020421246,13.51));
#8270 = CARTESIAN_POINT('',(37.571484425,-52.03999023437,13.51));
#8271 = PCURVE('',#6616,#8272);
#8272 = DEFINITIONAL_REPRESENTATION('',(#8273),#8291);
#8273 = B_SPLINE_CURVE_WITH_KNOTS('',6,(#8274,#8275,#8276,#8277,#8278,
    #8279,#8280,#8281,#8282,#8283,#8284,#8285,#8286,#8287,#8288,#8289,
    #8290),.UNSPECIFIED.,.F.,.F.,(7,5,5,7),(0.,8.446401833591E-02,
    0.644131746978,1.),.UNSPECIFIED.);
#8274 = CARTESIAN_POINT('',(-2.52656245,1.13203125));
#8275 = CARTESIAN_POINT('',(-2.538472692775,1.119482958505));
#8276 = CARTESIAN_POINT('',(-2.550179763433,1.106754400386));
#8277 = CARTESIAN_POINT('',(-2.561680979775,1.093847332091));
#8278 = CARTESIAN_POINT('',(-2.572973896578,1.080763732814));
#8279 = CARTESIAN_POINT('',(-2.584056305593,1.067505804497));
#8280 = CARTESIAN_POINT('',(-2.666951568079,0.965088446785));
#8281 = CARTESIAN_POINT('',(-2.729671892336,0.868524083444));
#8282 = CARTESIAN_POINT('',(-2.782429728975,0.76516845023));
#8283 = CARTESIAN_POINT('',(-2.825285697736,0.656064550351));
#8284 = CARTESIAN_POINT('',(-2.858716385324,0.542333797125));
#8285 = CARTESIAN_POINT('',(-2.899105677818,0.350473893044));
#8286 = CARTESIAN_POINT('',(-2.911276589677,0.274433902341));
#8287 = CARTESIAN_POINT('',(-2.920098665152,0.197170162625));
#8288 = CARTESIAN_POINT('',(-2.925775334283,0.118896887979));
#8289 = CARTESIAN_POINT('',(-2.928515575,3.979578754013E-02));
#8290 = CARTESIAN_POINT('',(-2.928515575,-3.9990234375E-02));
#8291 = ( GEOMETRIC_REPRESENTATION_CONTEXT(2) 
PARAMETRIC_REPRESENTATION_CONTEXT() REPRESENTATION_CONTEXT('2D SPACE',''
  ) );
#8292 = PCURVE('',#8293,#8300);
#8293 = SURFACE_OF_LINEAR_EXTRUSION('',#8294,#8298);
#8294 = B_SPLINE_CURVE_WITH_KNOTS('',2,(#8295,#8296,#8297),
  .UNSPECIFIED.,.F.,.F.,(3,3),(0.,1.),.PIECEWISE_BEZIER_KNOTS.);
#8295 = CARTESIAN_POINT('',(37.571484425,-52.03999023437,13.0199999));
#8296 = CARTESIAN_POINT('',(37.571484425,-51.29145507812,13.0199999));
#8297 = CARTESIAN_POINT('',(37.97343755,-50.86796875,13.0199999));
#8298 = VECTOR('',#8299,1.);
#8299 = DIRECTION('',(-0.,-0.,-1.));
#8300 = DEFINITIONAL_REPRESENTATION('',(#8301),#8319);
#8301 = B_SPLINE_CURVE_WITH_KNOTS('',6,(#8302,#8303,#8304,#8305,#8306,
    #8307,#8308,#8309,#8310,#8311,#8312,#8313,#8314,#8315,#8316,#8317,
    #8318),.UNSPECIFIED.,.F.,.F.,(7,5,5,7),(0.,8.446401833591E-02,
    0.644131746978,1.),.UNSPECIFIED.);
#8302 = CARTESIAN_POINT('',(1.,-0.4900001));
#8303 = CARTESIAN_POINT('',(0.985184537656,-0.4900001));
#8304 = CARTESIAN_POINT('',(0.970358409999,-0.4900001));
#8305 = CARTESIAN_POINT('',(0.955524239131,-0.4900001));
#8306 = CARTESIAN_POINT('',(0.940684667936,-0.4900001));
#8307 = CARTESIAN_POINT('',(0.925842360077,-0.4900001));
#8308 = CARTESIAN_POINT('',(0.812652915462,-0.4900001));
#8309 = CARTESIAN_POINT('',(0.714271012935,-0.4900001));
#8310 = CARTESIAN_POINT('',(0.616734180639,-0.4900001));
#8311 = CARTESIAN_POINT('',(0.520706369774,-0.4900001));
#8312 = CARTESIAN_POINT('',(0.426679214091,-0.4900001));
#8313 = CARTESIAN_POINT('',(0.276705193837,-0.4900001));
#8314 = CARTESIAN_POINT('',(0.219338292961,-0.4900001));
#8315 = CARTESIAN_POINT('',(0.162962906051,-0.4900001));
#8316 = CARTESIAN_POINT('',(0.107612235027,-0.4900001));
#8317 = CARTESIAN_POINT('',(5.329477262954E-02,-0.4900001));
#8318 = CARTESIAN_POINT('',(0.,-0.4900001));
#8319 = ( GEOMETRIC_REPRESENTATION_CONTEXT(2) 
PARAMETRIC_REPRESENTATION_CONTEXT() REPRESENTATION_CONTEXT('2D SPACE',''
  ) );
#8320 = ORIENTED_EDGE('',*,*,#8321,.F.);
#8321 = EDGE_CURVE('',#8322,#8248,#8324,.T.);
#8322 = VERTEX_POINT('',#8323);
#8323 = CARTESIAN_POINT('',(39.0111328625,-50.44448242187,13.51));
#8324 = SURFACE_CURVE('',#8325,(#8340,#8358),.PCURVE_S1.);
#8325 = B_SPLINE_CURVE_WITH_KNOTS('',5,(#8326,#8327,#8328,#8329,#8330,
    #8331,#8332,#8333,#8334,#8335,#8336,#8337,#8338,#8339),
  .UNSPECIFIED.,.F.,.F.,(6,4,4,6),(0.,0.21761744345,0.64012561191,1.),
  .UNSPECIFIED.);
#8326 = CARTESIAN_POINT('',(39.0111328625,-50.44448242187,13.51));
#8327 = CARTESIAN_POINT('',(38.958880220478,-50.44448242187,13.51));
#8328 = CARTESIAN_POINT('',(38.907004660315,-50.44627046314,13.51));
#8329 = CARTESIAN_POINT('',(38.855580324708,-50.44992994564,13.51));
#8330 = CARTESIAN_POINT('',(38.804691864906,-50.4555389564,13.51));
#8331 = CARTESIAN_POINT('',(38.65684933968,-50.4779510067,13.51));
#8332 = CARTESIAN_POINT('',(38.561613400875,-50.50032444108,13.51));
#8333 = CARTESIAN_POINT('',(38.469446987351,-50.53072021575,13.51));
#8334 = CARTESIAN_POINT('',(38.381058533011,-50.56931668854,13.51));
#8335 = CARTESIAN_POINT('',(38.225468349201,-50.65535721638,13.51));
#8336 = CARTESIAN_POINT('',(38.157051413707,-50.70065075248,13.51));
#8337 = CARTESIAN_POINT('',(38.092144276326,-50.7514647825,13.51));
#8338 = CARTESIAN_POINT('',(38.030922174783,-50.80740459174,13.51));
#8339 = CARTESIAN_POINT('',(37.97343755,-50.86796875,13.51));
#8340 = PCURVE('',#6616,#8341);
#8341 = DEFINITIONAL_REPRESENTATION('',(#8342),#8357);
#8342 = B_SPLINE_CURVE_WITH_KNOTS('',5,(#8343,#8344,#8345,#8346,#8347,
    #8348,#8349,#8350,#8351,#8352,#8353,#8354,#8355,#8356),
  .UNSPECIFIED.,.F.,.F.,(6,4,4,6),(0.,0.21761744345,0.64012561191,1.),
  .UNSPECIFIED.);
#8343 = CARTESIAN_POINT('',(-1.4888671375,1.555517578125));
#8344 = CARTESIAN_POINT('',(-1.541119779522,1.555517578125));
#8345 = CARTESIAN_POINT('',(-1.592995339685,1.553729536856));
#8346 = CARTESIAN_POINT('',(-1.644419675292,1.550070054358));
#8347 = CARTESIAN_POINT('',(-1.695308135094,1.544461043591));
#8348 = CARTESIAN_POINT('',(-1.84315066032,1.522048993299));
#8349 = CARTESIAN_POINT('',(-1.938386599125,1.499675558913));
#8350 = CARTESIAN_POINT('',(-2.030553012649,1.469279784243));
#8351 = CARTESIAN_POINT('',(-2.118941466989,1.430683311456));
#8352 = CARTESIAN_POINT('',(-2.274531650799,1.344642783613));
#8353 = CARTESIAN_POINT('',(-2.342948586293,1.299349247514));
#8354 = CARTESIAN_POINT('',(-2.407855723674,1.248535217496));
#8355 = CARTESIAN_POINT('',(-2.469077825217,1.192595408253));
#8356 = CARTESIAN_POINT('',(-2.52656245,1.13203125));
#8357 = ( GEOMETRIC_REPRESENTATION_CONTEXT(2) 
PARAMETRIC_REPRESENTATION_CONTEXT() REPRESENTATION_CONTEXT('2D SPACE',''
  ) );
#8358 = PCURVE('',#8359,#8366);
#8359 = SURFACE_OF_LINEAR_EXTRUSION('',#8360,#8364);
#8360 = B_SPLINE_CURVE_WITH_KNOTS('',2,(#8361,#8362,#8363),
  .UNSPECIFIED.,.F.,.F.,(3,3),(0.,1.),.PIECEWISE_BEZIER_KNOTS.);
#8361 = CARTESIAN_POINT('',(37.97343755,-50.86796875,13.0199999));
#8362 = CARTESIAN_POINT('',(38.375390675,-50.44448242187,13.0199999));
#8363 = CARTESIAN_POINT('',(39.0111328625,-50.44448242187,13.0199999));
#8364 = VECTOR('',#8365,1.);
#8365 = DIRECTION('',(-0.,-0.,-1.));
#8366 = DEFINITIONAL_REPRESENTATION('',(#8367),#8382);
#8367 = B_SPLINE_CURVE_WITH_KNOTS('',5,(#8368,#8369,#8370,#8371,#8372,
    #8373,#8374,#8375,#8376,#8377,#8378,#8379,#8380,#8381),
  .UNSPECIFIED.,.F.,.F.,(6,4,4,6),(0.,0.21761744345,0.64012561191,1.),
  .UNSPECIFIED.);
#8368 = CARTESIAN_POINT('',(1.,-0.4900001));
#8369 = CARTESIAN_POINT('',(0.9589042201,-0.4900001));
#8370 = CARTESIAN_POINT('',(0.917328669595,-0.4900001));
#8371 = CARTESIAN_POINT('',(0.875295449483,-0.4900001));
#8372 = CARTESIAN_POINT('',(0.832837232335,-0.4900001));
#8373 = CARTESIAN_POINT('',(0.706830745325,-0.4900001));
#8374 = CARTESIAN_POINT('',(0.622215175639,-0.4900001));
#8375 = CARTESIAN_POINT('',(0.536530561951,-0.4900001));
#8376 = CARTESIAN_POINT('',(0.450256634902,-0.4900001));
#8377 = CARTESIAN_POINT('',(0.290530287409,-0.4900001));
#8378 = CARTESIAN_POINT('',(0.217055849715,-0.4900001));
#8379 = CARTESIAN_POINT('',(0.143944896366,-0.4900001));
#8380 = CARTESIAN_POINT('',(7.150662752363E-02,-0.4900001));
#8381 = CARTESIAN_POINT('',(0.,-0.4900001));
#8382 = ( GEOMETRIC_REPRESENTATION_CONTEXT(2) 
PARAMETRIC_REPRESENTATION_CONTEXT() REPRESENTATION_CONTEXT('2D SPACE',''
  ) );
#8383 = ORIENTED_EDGE('',*,*,#8384,.F.);
#8384 = EDGE_CURVE('',#8385,#8322,#8387,.T.);
#8385 = VERTEX_POINT('',#8386);
#8386 = CARTESIAN_POINT('',(39.7617188,-50.64340820312,13.51));
#8387 = SURFACE_CURVE('',#8388,(#8399,#8413),.PCURVE_S1.);
#8388 = B_SPLINE_CURVE_WITH_KNOTS('',5,(#8389,#8390,#8391,#8392,#8393,
    #8394,#8395,#8396,#8397,#8398),.UNSPECIFIED.,.F.,.F.,(6,4,6),(0.,
    0.260257739177,1.),.UNSPECIFIED.);
#8389 = CARTESIAN_POINT('',(39.7617188,-50.64340820312,13.51));
#8390 = CARTESIAN_POINT('',(39.726779407629,-50.62261604938,13.51));
#8391 = CARTESIAN_POINT('',(39.691210716925,-50.60314096608,13.51));
#8392 = CARTESIAN_POINT('',(39.65503070812,-50.58500719074,13.51));
#8393 = CARTESIAN_POINT('',(39.618260933769,-50.56823208909,13.51));
#8394 = CARTESIAN_POINT('',(39.474809234168,-50.5090371769,13.51));
#8395 = CARTESIAN_POINT('',(39.364116782123,-50.4763037848,13.51));
#8396 = CARTESIAN_POINT('',(39.24946088785,-50.45488525306,13.51));
#8397 = CARTESIAN_POINT('',(39.131554620024,-50.44448242187,13.51));
#8398 = CARTESIAN_POINT('',(39.0111328625,-50.44448242187,13.51));
#8399 = PCURVE('',#6616,#8400);
#8400 = DEFINITIONAL_REPRESENTATION('',(#8401),#8412);
#8401 = B_SPLINE_CURVE_WITH_KNOTS('',5,(#8402,#8403,#8404,#8405,#8406,
    #8407,#8408,#8409,#8410,#8411),.UNSPECIFIED.,.F.,.F.,(6,4,6),(0.,
    0.260257739177,1.),.UNSPECIFIED.);
#8402 = CARTESIAN_POINT('',(-0.7382812,1.356591796875));
#8403 = CARTESIAN_POINT('',(-0.773220592371,1.377383950617));
#8404 = CARTESIAN_POINT('',(-0.808789283075,1.396859033913));
#8405 = CARTESIAN_POINT('',(-0.84496929188,1.414992809252));
#8406 = CARTESIAN_POINT('',(-0.881739066231,1.431767910903));
#8407 = CARTESIAN_POINT('',(-1.025190765832,1.490962823099));
#8408 = CARTESIAN_POINT('',(-1.135883217877,1.523696215199));
#8409 = CARTESIAN_POINT('',(-1.25053911215,1.545114746933));
#8410 = CARTESIAN_POINT('',(-1.368445379976,1.555517578125));
#8411 = CARTESIAN_POINT('',(-1.4888671375,1.555517578125));
#8412 = ( GEOMETRIC_REPRESENTATION_CONTEXT(2) 
PARAMETRIC_REPRESENTATION_CONTEXT() REPRESENTATION_CONTEXT('2D SPACE',''
  ) );
#8413 = PCURVE('',#8414,#8421);
#8414 = SURFACE_OF_LINEAR_EXTRUSION('',#8415,#8419);
#8415 = B_SPLINE_CURVE_WITH_KNOTS('',2,(#8416,#8417,#8418),
  .UNSPECIFIED.,.F.,.F.,(3,3),(0.,1.),.PIECEWISE_BEZIER_KNOTS.);
#8416 = CARTESIAN_POINT('',(39.0111328625,-50.44448242187,13.0199999));
#8417 = CARTESIAN_POINT('',(39.42744145625,-50.44448242187,13.0199999));
#8418 = CARTESIAN_POINT('',(39.7617188,-50.64340820312,13.0199999));
#8419 = VECTOR('',#8420,1.);
#8420 = DIRECTION('',(-0.,-0.,-1.));
#8421 = DEFINITIONAL_REPRESENTATION('',(#8422),#8433);
#8422 = B_SPLINE_CURVE_WITH_KNOTS('',5,(#8423,#8424,#8425,#8426,#8427,
    #8428,#8429,#8430,#8431,#8432),.UNSPECIFIED.,.F.,.F.,(6,4,6),(0.,
    0.260257739177,1.),.UNSPECIFIED.);
#8423 = CARTESIAN_POINT('',(1.,-0.4900001));
#8424 = CARTESIAN_POINT('',(0.947738916465,-0.4900001));
#8425 = CARTESIAN_POINT('',(0.895374332185,-0.4900001));
#8426 = CARTESIAN_POINT('',(0.842939846132,-0.4900001));
#8427 = CARTESIAN_POINT('',(0.79046994436,-0.4900001));
#8428 = CARTESIAN_POINT('',(0.588862320602,-0.4900001));
#8429 = CARTESIAN_POINT('',(0.439705229048,-0.4900001));
#8430 = CARTESIAN_POINT('',(0.291391838036,-0.4900001));
#8431 = CARTESIAN_POINT('',(0.144630400779,-0.4900001));
#8432 = CARTESIAN_POINT('',(0.,-0.4900001));
#8433 = ( GEOMETRIC_REPRESENTATION_CONTEXT(2) 
PARAMETRIC_REPRESENTATION_CONTEXT() REPRESENTATION_CONTEXT('2D SPACE',''
  ) );
#8434 = ORIENTED_EDGE('',*,*,#8435,.F.);
#8435 = EDGE_CURVE('',#8436,#8385,#8438,.T.);
#8436 = VERTEX_POINT('',#8437);
#8437 = CARTESIAN_POINT('',(40.271337940625,-51.19814453125,13.51));
#8438 = SURFACE_CURVE('',#8439,(#8450,#8464),.PCURVE_S1.);
#8439 = B_SPLINE_CURVE_WITH_KNOTS('',5,(#8440,#8441,#8442,#8443,#8444,
    #8445,#8446,#8447,#8448,#8449),.UNSPECIFIED.,.F.,.F.,(6,4,6),(0.,
    0.56062407329,1.),.UNSPECIFIED.);
#8440 = CARTESIAN_POINT('',(40.271337940625,-51.19814453125,13.51));
#8441 = CARTESIAN_POINT('',(40.232569221664,-51.11947350505,13.51));
#8442 = CARTESIAN_POINT('',(40.188574329738,-51.04484509816,13.51));
#8443 = CARTESIAN_POINT('',(40.139276310068,-50.97466259294,13.51));
#8444 = CARTESIAN_POINT('',(40.084718495455,-50.90925519004,13.51));
#8445 = CARTESIAN_POINT('',(39.978398489465,-50.80148349119,13.51));
#8446 = CARTESIAN_POINT('',(39.928580572766,-50.75719192268,13.51));
#8447 = CARTESIAN_POINT('',(39.875758662562,-50.71606271264,13.51));
#8448 = CARTESIAN_POINT('',(39.820077944124,-50.67813726435,13.51));
#8449 = CARTESIAN_POINT('',(39.7617188,-50.64340820312,13.51));
#8450 = PCURVE('',#6616,#8451);
#8451 = DEFINITIONAL_REPRESENTATION('',(#8452),#8463);
#8452 = B_SPLINE_CURVE_WITH_KNOTS('',5,(#8453,#8454,#8455,#8456,#8457,
    #8458,#8459,#8460,#8461,#8462),.UNSPECIFIED.,.F.,.F.,(6,4,6),(0.,
    0.56062407329,1.),.UNSPECIFIED.);
#8453 = CARTESIAN_POINT('',(-0.228662059375,0.80185546875));
#8454 = CARTESIAN_POINT('',(-0.267430778336,0.880526494946));
#8455 = CARTESIAN_POINT('',(-0.311425670262,0.955154901831));
#8456 = CARTESIAN_POINT('',(-0.360723689932,1.02533740706));
#8457 = CARTESIAN_POINT('',(-0.415281504545,1.090744809952));
#8458 = CARTESIAN_POINT('',(-0.521601510535,1.198516508808));
#8459 = CARTESIAN_POINT('',(-0.571419427234,1.242808077315));
#8460 = CARTESIAN_POINT('',(-0.624241337438,1.283937287352));
#8461 = CARTESIAN_POINT('',(-0.679922055876,1.321862735648));
#8462 = CARTESIAN_POINT('',(-0.7382812,1.356591796875));
#8463 = ( GEOMETRIC_REPRESENTATION_CONTEXT(2) 
PARAMETRIC_REPRESENTATION_CONTEXT() REPRESENTATION_CONTEXT('2D SPACE',''
  ) );
#8464 = PCURVE('',#8465,#8472);
#8465 = SURFACE_OF_LINEAR_EXTRUSION('',#8466,#8470);
#8466 = B_SPLINE_CURVE_WITH_KNOTS('',2,(#8467,#8468,#8469),
  .UNSPECIFIED.,.F.,.F.,(3,3),(0.,1.),.PIECEWISE_BEZIER_KNOTS.);
#8467 = CARTESIAN_POINT('',(39.7617188,-50.64340820312,13.0199999));
#8468 = CARTESIAN_POINT('',(40.09599614375,-50.84233398437,13.0199999));
#8469 = CARTESIAN_POINT('',(40.271337940625,-51.19814453125,13.0199999)
  );
#8470 = VECTOR('',#8471,1.);
#8471 = DIRECTION('',(-0.,-0.,-1.));
#8472 = DEFINITIONAL_REPRESENTATION('',(#8473),#8484);
#8473 = B_SPLINE_CURVE_WITH_KNOTS('',5,(#8474,#8475,#8476,#8477,#8478,
    #8479,#8480,#8481,#8482,#8483),.UNSPECIFIED.,.F.,.F.,(6,4,6),(0.,
    0.56062407329,1.),.UNSPECIFIED.);
#8474 = CARTESIAN_POINT('',(1.,-0.4900001));
#8475 = CARTESIAN_POINT('',(0.889448153116,-0.4900001));
#8476 = CARTESIAN_POINT('',(0.777841153515,-0.4900001));
#8477 = CARTESIAN_POINT('',(0.665488442302,-0.4900001));
#8478 = CARTESIAN_POINT('',(0.552741675249,-0.4900001));
#8479 = CARTESIAN_POINT('',(0.351641364684,-0.4900001));
#8480 = CARTESIAN_POINT('',(0.263280177539,-0.4900001));
#8481 = CARTESIAN_POINT('',(0.175105348827,-0.4900001));
#8482 = CARTESIAN_POINT('',(8.72915039186E-02,-0.4900001));
#8483 = CARTESIAN_POINT('',(0.,-0.4900001));
#8484 = ( GEOMETRIC_REPRESENTATION_CONTEXT(2) 
PARAMETRIC_REPRESENTATION_CONTEXT() REPRESENTATION_CONTEXT('2D SPACE',''
  ) );
#8485 = ORIENTED_EDGE('',*,*,#8486,.F.);
#8486 = EDGE_CURVE('',#8487,#8436,#8489,.T.);
#8487 = VERTEX_POINT('',#8488);
#8488 = CARTESIAN_POINT('',(40.4466797375,-52.00512695312,13.51));
#8489 = SURFACE_CURVE('',#8490,(#8501,#8515),.PCURVE_S1.);
#8490 = B_SPLINE_CURVE_WITH_KNOTS('',5,(#8491,#8492,#8493,#8494,#8495,
    #8496,#8497,#8498,#8499,#8500),.UNSPECIFIED.,.F.,.F.,(6,4,6),(0.,
    0.506804661425,1.),.UNSPECIFIED.);
#8491 = CARTESIAN_POINT('',(40.4466797375,-52.00512695312,13.51));
#8492 = CARTESIAN_POINT('',(40.4466797375,-51.91672639373,13.51));
#8493 = CARTESIAN_POINT('',(40.44247251218,-51.82958596474,13.51));
#8494 = CARTESIAN_POINT('',(40.433862628766,-51.74390613866,13.51));
#8495 = CARTESIAN_POINT('',(40.42068476083,-51.65990331598,13.51));
#8496 = CARTESIAN_POINT('',(40.385482889366,-51.49789236368,13.51));
#8497 = CARTESIAN_POINT('',(40.363705448031,-51.41978137586,13.51));
#8498 = CARTESIAN_POINT('',(40.337425013529,-51.34366601991,13.51));
#8499 = CARTESIAN_POINT('',(40.306616602258,-51.26973339433,13.51));
#8500 = CARTESIAN_POINT('',(40.271337940625,-51.19814453125,13.51));
#8501 = PCURVE('',#6616,#8502);
#8502 = DEFINITIONAL_REPRESENTATION('',(#8503),#8514);
#8503 = B_SPLINE_CURVE_WITH_KNOTS('',5,(#8504,#8505,#8506,#8507,#8508,
    #8509,#8510,#8511,#8512,#8513),.UNSPECIFIED.,.F.,.F.,(6,4,6),(0.,
    0.506804661425,1.),.UNSPECIFIED.);
#8504 = CARTESIAN_POINT('',(-5.33202625E-02,-5.126953125E-03));
#8505 = CARTESIAN_POINT('',(-5.33202625E-02,8.327360626197E-02));
#8506 = CARTESIAN_POINT('',(-5.752748782024E-02,0.170414035254));
#8507 = CARTESIAN_POINT('',(-6.61373712339E-02,0.256093861334));
#8508 = CARTESIAN_POINT('',(-7.931523916957E-02,0.340096684018));
#8509 = CARTESIAN_POINT('',(-0.114517110634,0.502107636314));
#8510 = CARTESIAN_POINT('',(-0.136294551969,0.580218624132));
#8511 = CARTESIAN_POINT('',(-0.162574986471,0.656333980083));
#8512 = CARTESIAN_POINT('',(-0.193383397742,0.73026660567));
#8513 = CARTESIAN_POINT('',(-0.228662059375,0.80185546875));
#8514 = ( GEOMETRIC_REPRESENTATION_CONTEXT(2) 
PARAMETRIC_REPRESENTATION_CONTEXT() REPRESENTATION_CONTEXT('2D SPACE',''
  ) );
#8515 = PCURVE('',#8516,#8523);
#8516 = SURFACE_OF_LINEAR_EXTRUSION('',#8517,#8521);
#8517 = B_SPLINE_CURVE_WITH_KNOTS('',2,(#8518,#8519,#8520),
  .UNSPECIFIED.,.F.,.F.,(3,3),(0.,1.),.PIECEWISE_BEZIER_KNOTS.);
#8518 = CARTESIAN_POINT('',(40.271337940625,-51.19814453125,13.0199999)
  );
#8519 = CARTESIAN_POINT('',(40.4466797375,-51.55395507812,13.0199999));
#8520 = CARTESIAN_POINT('',(40.4466797375,-52.00512695312,13.0199999));
#8521 = VECTOR('',#8522,1.);
#8522 = DIRECTION('',(-0.,-0.,-1.));
#8523 = DEFINITIONAL_REPRESENTATION('',(#8524),#8535);
#8524 = B_SPLINE_CURVE_WITH_KNOTS('',5,(#8525,#8526,#8527,#8528,#8529,
    #8530,#8531,#8532,#8533,#8534),.UNSPECIFIED.,.F.,.F.,(6,4,6),(0.,
    0.506804661425,1.),.UNSPECIFIED.);
#8525 = CARTESIAN_POINT('',(1.,-0.4900001));
#8526 = CARTESIAN_POINT('',(0.902032280506,-0.4900001));
#8527 = CARTESIAN_POINT('',(0.80292529486,-0.4900001));
#8528 = CARTESIAN_POINT('',(0.702783420711,-0.4900001));
#8529 = CARTESIAN_POINT('',(0.60174683314,-0.4900001));
#8530 = CARTESIAN_POINT('',(0.400985394099,-0.4900001));
#8531 = CARTESIAN_POINT('',(0.301295160282,-0.4900001));
#8532 = CARTESIAN_POINT('',(0.201102496635,-0.4900001));
#8533 = CARTESIAN_POINT('',(0.100599692321,-0.4900001));
#8534 = CARTESIAN_POINT('',(0.,-0.4900001));
#8535 = ( GEOMETRIC_REPRESENTATION_CONTEXT(2) 
PARAMETRIC_REPRESENTATION_CONTEXT() REPRESENTATION_CONTEXT('2D SPACE',''
  ) );
#8536 = ORIENTED_EDGE('',*,*,#8537,.F.);
#8537 = EDGE_CURVE('',#8538,#8487,#8540,.T.);
#8538 = VERTEX_POINT('',#8539);
#8539 = CARTESIAN_POINT('',(40.262109425,-52.82338867187,13.51));
#8540 = SURFACE_CURVE('',#8541,(#8552,#8566),.PCURVE_S1.);
#8541 = B_SPLINE_CURVE_WITH_KNOTS('',5,(#8542,#8543,#8544,#8545,#8546,
    #8547,#8548,#8549,#8550,#8551),.UNSPECIFIED.,.F.,.F.,(6,4,6),(0.,
    0.49548294488,1.),.UNSPECIFIED.);
#8542 = CARTESIAN_POINT('',(40.262109425,-52.82338867187,13.51));
#8543 = CARTESIAN_POINT('',(40.299349328412,-52.75056397186,13.51));
#8544 = CARTESIAN_POINT('',(40.331885886092,-52.67530111398,13.51));
#8545 = CARTESIAN_POINT('',(40.359637277625,-52.5977690347,13.51));
#8546 = CARTESIAN_POINT('',(40.382615510382,-52.51816748294,13.51));
#8547 = CARTESIAN_POINT('',(40.419529094443,-52.35378261241,13.51));
#8548 = CARTESIAN_POINT('',(40.43329257695,-52.2689281322,13.51));
#8549 = CARTESIAN_POINT('',(40.442285945292,-52.18238410847,13.51));
#8550 = CARTESIAN_POINT('',(40.4466797375,-52.09437953686,13.51));
#8551 = CARTESIAN_POINT('',(40.4466797375,-52.00512695312,13.51));
#8552 = PCURVE('',#6616,#8553);
#8553 = DEFINITIONAL_REPRESENTATION('',(#8554),#8565);
#8554 = B_SPLINE_CURVE_WITH_KNOTS('',5,(#8555,#8556,#8557,#8558,#8559,
    #8560,#8561,#8562,#8563,#8564),.UNSPECIFIED.,.F.,.F.,(6,4,6),(0.,
    0.49548294488,1.),.UNSPECIFIED.);
#8555 = CARTESIAN_POINT('',(-0.237890575,-0.823388671875));
#8556 = CARTESIAN_POINT('',(-0.200650671588,-0.750563971868));
#8557 = CARTESIAN_POINT('',(-0.168114113908,-0.675301113987));
#8558 = CARTESIAN_POINT('',(-0.140362722375,-0.597769034702));
#8559 = CARTESIAN_POINT('',(-0.117384489618,-0.518167482945));
#8560 = CARTESIAN_POINT('',(-8.047090555709E-02,-0.353782612419));
#8561 = CARTESIAN_POINT('',(-6.670742305012E-02,-0.268928132208));
#8562 = CARTESIAN_POINT('',(-5.771405470805E-02,-0.182384108474));
#8563 = CARTESIAN_POINT('',(-5.33202625E-02,-9.437953686333E-02));
#8564 = CARTESIAN_POINT('',(-5.33202625E-02,-5.126953125E-03));
#8565 = ( GEOMETRIC_REPRESENTATION_CONTEXT(2) 
PARAMETRIC_REPRESENTATION_CONTEXT() REPRESENTATION_CONTEXT('2D SPACE',''
  ) );
#8566 = PCURVE('',#8567,#8574);
#8567 = SURFACE_OF_LINEAR_EXTRUSION('',#8568,#8572);
#8568 = B_SPLINE_CURVE_WITH_KNOTS('',2,(#8569,#8570,#8571),
  .UNSPECIFIED.,.F.,.F.,(3,3),(0.,1.),.PIECEWISE_BEZIER_KNOTS.);
#8569 = CARTESIAN_POINT('',(40.4466797375,-52.00512695312,13.0199999));
#8570 = CARTESIAN_POINT('',(40.4466797375,-52.46245117187,13.0199999));
#8571 = CARTESIAN_POINT('',(40.262109425,-52.82338867187,13.0199999));
#8572 = VECTOR('',#8573,1.);
#8573 = DIRECTION('',(-0.,-0.,-1.));
#8574 = DEFINITIONAL_REPRESENTATION('',(#8575),#8586);
#8575 = B_SPLINE_CURVE_WITH_KNOTS('',5,(#8576,#8577,#8578,#8579,#8580,
    #8581,#8582,#8583,#8584,#8585),.UNSPECIFIED.,.F.,.F.,(6,4,6),(0.,
    0.49548294488,1.),.UNSPECIFIED.);
#8576 = CARTESIAN_POINT('',(1.,-0.4900001));
#8577 = CARTESIAN_POINT('',(0.899117298692,-0.4900001));
#8578 = CARTESIAN_POINT('',(0.798254314016,-0.4900001));
#8579 = CARTESIAN_POINT('',(0.697642462655,-0.4900001));
#8580 = CARTESIAN_POINT('',(0.597493277706,-0.4900001));
#8581 = CARTESIAN_POINT('',(0.396692667445,-0.4900001));
#8582 = CARTESIAN_POINT('',(0.296061569356,-0.4900001));
#8583 = CARTESIAN_POINT('',(0.196306781839,-0.4900001));
#8584 = CARTESIAN_POINT('',(9.758130017943E-02,-0.4900001));
#8585 = CARTESIAN_POINT('',(0.,-0.4900001));
#8586 = ( GEOMETRIC_REPRESENTATION_CONTEXT(2) 
PARAMETRIC_REPRESENTATION_CONTEXT() REPRESENTATION_CONTEXT('2D SPACE',''
  ) );
#8587 = ORIENTED_EDGE('',*,*,#8588,.F.);
#8588 = EDGE_CURVE('',#8589,#8538,#8591,.T.);
#8589 = VERTEX_POINT('',#8590);
#8590 = CARTESIAN_POINT('',(39.73916020625,-53.369921875,13.51));
#8591 = SURFACE_CURVE('',#8592,(#8603,#8617),.PCURVE_S1.);
#8592 = B_SPLINE_CURVE_WITH_KNOTS('',5,(#8593,#8594,#8595,#8596,#8597,
    #8598,#8599,#8600,#8601,#8602),.UNSPECIFIED.,.F.,.F.,(6,4,6),(0.,
    0.356528969315,1.),.UNSPECIFIED.);
#8593 = CARTESIAN_POINT('',(39.73916020625,-53.369921875,13.51));
#8594 = CARTESIAN_POINT('',(39.787332039437,-53.34350035437,13.51));
#8595 = CARTESIAN_POINT('',(39.833765993895,-53.31474279641,13.51));
#8596 = CARTESIAN_POINT('',(39.878361135457,-53.28364586044,13.51));
#8597 = CARTESIAN_POINT('',(39.921035637016,-53.25023467653,13.51));
#8598 = CARTESIAN_POINT('',(40.035167012029,-53.15018156978,13.51));
#8599 = CARTESIAN_POINT('',(40.102156212613,-53.07842938772,13.51));
#8600 = CARTESIAN_POINT('',(40.162310350438,-52.99963685019,13.51));
#8601 = CARTESIAN_POINT('',(40.215576637144,-52.91438612368,13.51));
#8602 = CARTESIAN_POINT('',(40.262109425,-52.82338867187,13.51));
#8603 = PCURVE('',#6616,#8604);
#8604 = DEFINITIONAL_REPRESENTATION('',(#8605),#8616);
#8605 = B_SPLINE_CURVE_WITH_KNOTS('',5,(#8606,#8607,#8608,#8609,#8610,
    #8611,#8612,#8613,#8614,#8615),.UNSPECIFIED.,.F.,.F.,(6,4,6),(0.,
    0.356528969315,1.),.UNSPECIFIED.);
#8606 = CARTESIAN_POINT('',(-0.76083979375,-1.369921875));
#8607 = CARTESIAN_POINT('',(-0.712667960563,-1.343500354373));
#8608 = CARTESIAN_POINT('',(-0.666234006105,-1.314742796418));
#8609 = CARTESIAN_POINT('',(-0.621638864543,-1.283645860446));
#8610 = CARTESIAN_POINT('',(-0.578964362984,-1.250234676532));
#8611 = CARTESIAN_POINT('',(-0.464832987971,-1.150181569789));
#8612 = CARTESIAN_POINT('',(-0.397843787387,-1.078429387726));
#8613 = CARTESIAN_POINT('',(-0.337689649562,-0.999636850199));
#8614 = CARTESIAN_POINT('',(-0.284423362856,-0.914386123682));
#8615 = CARTESIAN_POINT('',(-0.237890575,-0.823388671875));
#8616 = ( GEOMETRIC_REPRESENTATION_CONTEXT(2) 
PARAMETRIC_REPRESENTATION_CONTEXT() REPRESENTATION_CONTEXT('2D SPACE',''
  ) );
#8617 = PCURVE('',#8618,#8625);
#8618 = SURFACE_OF_LINEAR_EXTRUSION('',#8619,#8623);
#8619 = B_SPLINE_CURVE_WITH_KNOTS('',2,(#8620,#8621,#8622),
  .UNSPECIFIED.,.F.,.F.,(3,3),(0.,1.),.PIECEWISE_BEZIER_KNOTS.);
#8620 = CARTESIAN_POINT('',(40.262109425,-52.82338867187,13.0199999));
#8621 = CARTESIAN_POINT('',(40.0775391125,-53.18432617187,13.0199999));
#8622 = CARTESIAN_POINT('',(39.73916020625,-53.369921875,13.0199999));
#8623 = VECTOR('',#8624,1.);
#8624 = DIRECTION('',(-0.,-0.,-1.));
#8625 = DEFINITIONAL_REPRESENTATION('',(#8626),#8637);
#8626 = B_SPLINE_CURVE_WITH_KNOTS('',5,(#8627,#8628,#8629,#8630,#8631,
    #8632,#8633,#8634,#8635,#8636),.UNSPECIFIED.,.F.,.F.,(6,4,6),(0.,
    0.356528969315,1.),.UNSPECIFIED.);
#8627 = CARTESIAN_POINT('',(1.,-0.4900001));
#8628 = CARTESIAN_POINT('',(0.928819686603,-0.4900001));
#8629 = CARTESIAN_POINT('',(0.857328830604,-0.4900001));
#8630 = CARTESIAN_POINT('',(0.785625204575,-0.4900001));
#8631 = CARTESIAN_POINT('',(0.713812434545,-0.4900001));
#8632 = CARTESIAN_POINT('',(0.512391398036,-0.4900001));
#8633 = CARTESIAN_POINT('',(0.382768156295,-0.4900001));
#8634 = CARTESIAN_POINT('',(0.253802671764,-0.4900001));
#8635 = CARTESIAN_POINT('',(0.126057076097,-0.4900001));
#8636 = CARTESIAN_POINT('',(0.,-0.4900001));
#8637 = ( GEOMETRIC_REPRESENTATION_CONTEXT(2) 
PARAMETRIC_REPRESENTATION_CONTEXT() REPRESENTATION_CONTEXT('2D SPACE',''
  ) );
#8638 = ORIENTED_EDGE('',*,*,#8639,.F.);
#8639 = EDGE_CURVE('',#8640,#8589,#8642,.T.);
#8640 = VERTEX_POINT('',#8641);
#8641 = CARTESIAN_POINT('',(39.00908208125,-53.55551757812,13.51));
#8642 = SURFACE_CURVE('',#8643,(#8654,#8668),.PCURVE_S1.);
#8643 = B_SPLINE_CURVE_WITH_KNOTS('',5,(#8644,#8645,#8646,#8647,#8648,
    #8649,#8650,#8651,#8652,#8653),.UNSPECIFIED.,.F.,.F.,(6,4,6),(0.,
    0.560464065388,1.),.UNSPECIFIED.);
#8644 = CARTESIAN_POINT('',(39.00908208125,-53.55551757812,13.51));
#8645 = CARTESIAN_POINT('',(39.095969030596,-53.55551757812,13.51));
#8646 = CARTESIAN_POINT('',(39.181842878524,-53.54981001709,13.51));
#8647 = CARTESIAN_POINT('',(39.266466223024,-53.53823015424,13.51));
#8648 = CARTESIAN_POINT('',(39.349610676844,-53.52071111679,13.51));
#8649 = CARTESIAN_POINT('',(39.49494252671,-53.47896651153,13.51));
#8650 = CARTESIAN_POINT('',(39.557783372735,-53.45700286678,13.51));
#8651 = CARTESIAN_POINT('',(39.619485298323,-53.43145264636,13.51));
#8652 = CARTESIAN_POINT('',(39.679966111554,-53.40238893906,13.51));
#8653 = CARTESIAN_POINT('',(39.73916020625,-53.369921875,13.51));
#8654 = PCURVE('',#6616,#8655);
#8655 = DEFINITIONAL_REPRESENTATION('',(#8656),#8667);
#8656 = B_SPLINE_CURVE_WITH_KNOTS('',5,(#8657,#8658,#8659,#8660,#8661,
    #8662,#8663,#8664,#8665,#8666),.UNSPECIFIED.,.F.,.F.,(6,4,6),(0.,
    0.560464065388,1.),.UNSPECIFIED.);
#8657 = CARTESIAN_POINT('',(-1.49091791875,-1.555517578125));
#8658 = CARTESIAN_POINT('',(-1.404030969404,-1.555517578125));
#8659 = CARTESIAN_POINT('',(-1.318157121476,-1.549810017097));
#8660 = CARTESIAN_POINT('',(-1.233533776976,-1.53823015424));
#8661 = CARTESIAN_POINT('',(-1.150389323156,-1.520711116794));
#8662 = CARTESIAN_POINT('',(-1.00505747329,-1.478966511539));
#8663 = CARTESIAN_POINT('',(-0.942216627265,-1.457002866788));
#8664 = CARTESIAN_POINT('',(-0.880514701677,-1.431452646369));
#8665 = CARTESIAN_POINT('',(-0.820033888446,-1.40238893906));
#8666 = CARTESIAN_POINT('',(-0.76083979375,-1.369921875));
#8667 = ( GEOMETRIC_REPRESENTATION_CONTEXT(2) 
PARAMETRIC_REPRESENTATION_CONTEXT() REPRESENTATION_CONTEXT('2D SPACE',''
  ) );
#8668 = PCURVE('',#8669,#8676);
#8669 = SURFACE_OF_LINEAR_EXTRUSION('',#8670,#8674);
#8670 = B_SPLINE_CURVE_WITH_KNOTS('',2,(#8671,#8672,#8673),
  .UNSPECIFIED.,.F.,.F.,(3,3),(0.,1.),.PIECEWISE_BEZIER_KNOTS.);
#8671 = CARTESIAN_POINT('',(39.73916020625,-53.369921875,13.0199999));
#8672 = CARTESIAN_POINT('',(39.4007813,-53.55551757812,13.0199999));
#8673 = CARTESIAN_POINT('',(39.00908208125,-53.55551757812,13.0199999));
#8674 = VECTOR('',#8675,1.);
#8675 = DIRECTION('',(-0.,-0.,-1.));
#8676 = DEFINITIONAL_REPRESENTATION('',(#8677),#8688);
#8677 = B_SPLINE_CURVE_WITH_KNOTS('',5,(#8678,#8679,#8680,#8681,#8682,
    #8683,#8684,#8685,#8686,#8687),.UNSPECIFIED.,.F.,.F.,(6,4,6),(0.,
    0.560464065388,1.),.UNSPECIFIED.);
#8678 = CARTESIAN_POINT('',(1.,-0.4900001));
#8679 = CARTESIAN_POINT('',(0.88908970814,-0.4900001));
#8680 = CARTESIAN_POINT('',(0.777379516967,-0.4900001));
#8681 = CARTESIAN_POINT('',(0.665112052905,-0.4900001));
#8682 = CARTESIAN_POINT('',(0.552554325917,-0.4900001));
#8683 = CARTESIAN_POINT('',(0.351730878228,-0.4900001));
#8684 = CARTESIAN_POINT('',(0.263460542085,-0.4900001));
#8685 = CARTESIAN_POINT('',(0.175328734437,-0.4900001));
#8686 = CARTESIAN_POINT('',(8.746717600075E-02,-0.4900001));
#8687 = CARTESIAN_POINT('',(0.,-0.4900001));
#8688 = ( GEOMETRIC_REPRESENTATION_CONTEXT(2) 
PARAMETRIC_REPRESENTATION_CONTEXT() REPRESENTATION_CONTEXT('2D SPACE',''
  ) );
#8689 = ORIENTED_EDGE('',*,*,#8690,.F.);
#8690 = EDGE_CURVE('',#8691,#8640,#8693,.T.);
#8691 = VERTEX_POINT('',#8692);
#8692 = CARTESIAN_POINT('',(38.25029301875,-53.35043945312,13.51));
#8693 = SURFACE_CURVE('',#8694,(#8705,#8719),.PCURVE_S1.);
#8694 = B_SPLINE_CURVE_WITH_KNOTS('',5,(#8695,#8696,#8697,#8698,#8699,
    #8700,#8701,#8702,#8703,#8704),.UNSPECIFIED.,.F.,.F.,(6,4,6),(0.,
    0.234070414112,1.),.UNSPECIFIED.);
#8695 = CARTESIAN_POINT('',(38.25029301875,-53.35043945312,13.51));
#8696 = CARTESIAN_POINT('',(38.281775421775,-53.3697538108,13.51));
#8697 = CARTESIAN_POINT('',(38.313812698205,-53.38796481407,13.51));
#8698 = CARTESIAN_POINT('',(38.34639060044,-53.40505360784,13.51));
#8699 = CARTESIAN_POINT('',(38.379492146245,-53.42100636708,13.51));
#8700 = CARTESIAN_POINT('',(38.523062074263,-53.48426908163,13.51));
#8701 = CARTESIAN_POINT('',(38.63843976675,-53.52047357405,13.51));
#8702 = CARTESIAN_POINT('',(38.758491846947,-53.54409209952,13.51));
#8703 = CARTESIAN_POINT('',(38.882338697112,-53.55551757812,13.51));
#8704 = CARTESIAN_POINT('',(39.00908208125,-53.55551757812,13.51));
#8705 = PCURVE('',#6616,#8706);
#8706 = DEFINITIONAL_REPRESENTATION('',(#8707),#8718);
#8707 = B_SPLINE_CURVE_WITH_KNOTS('',5,(#8708,#8709,#8710,#8711,#8712,
    #8713,#8714,#8715,#8716,#8717),.UNSPECIFIED.,.F.,.F.,(6,4,6),(0.,
    0.234070414112,1.),.UNSPECIFIED.);
#8708 = CARTESIAN_POINT('',(-2.24970698125,-1.350439453125));
#8709 = CARTESIAN_POINT('',(-2.218224578225,-1.369753810809));
#8710 = CARTESIAN_POINT('',(-2.186187301795,-1.387964814079));
#8711 = CARTESIAN_POINT('',(-2.15360939956,-1.40505360784));
#8712 = CARTESIAN_POINT('',(-2.120507853755,-1.421006367081));
#8713 = CARTESIAN_POINT('',(-1.976937925737,-1.484269081637));
#8714 = CARTESIAN_POINT('',(-1.86156023325,-1.520473574054));
#8715 = CARTESIAN_POINT('',(-1.741508153053,-1.544092099523));
#8716 = CARTESIAN_POINT('',(-1.617661302888,-1.555517578125));
#8717 = CARTESIAN_POINT('',(-1.49091791875,-1.555517578125));
#8718 = ( GEOMETRIC_REPRESENTATION_CONTEXT(2) 
PARAMETRIC_REPRESENTATION_CONTEXT() REPRESENTATION_CONTEXT('2D SPACE',''
  ) );
#8719 = PCURVE('',#8720,#8727);
#8720 = SURFACE_OF_LINEAR_EXTRUSION('',#8721,#8725);
#8721 = B_SPLINE_CURVE_WITH_KNOTS('',2,(#8722,#8723,#8724),
  .UNSPECIFIED.,.F.,.F.,(3,3),(0.,1.),.PIECEWISE_BEZIER_KNOTS.);
#8722 = CARTESIAN_POINT('',(39.00908208125,-53.55551757812,13.0199999));
#8723 = CARTESIAN_POINT('',(38.5845703625,-53.55551757812,13.0199999));
#8724 = CARTESIAN_POINT('',(38.25029301875,-53.35043945312,13.0199999));
#8725 = VECTOR('',#8726,1.);
#8726 = DIRECTION('',(-0.,-0.,-1.));
#8727 = DEFINITIONAL_REPRESENTATION('',(#8728),#8739);
#8728 = B_SPLINE_CURVE_WITH_KNOTS('',5,(#8729,#8730,#8731,#8732,#8733,
    #8734,#8735,#8736,#8737,#8738),.UNSPECIFIED.,.F.,.F.,(6,4,6),(0.,
    0.234070414112,1.),.UNSPECIFIED.);
#8729 = CARTESIAN_POINT('',(1.,-0.4900001));
#8730 = CARTESIAN_POINT('',(0.952909756504,-0.4900001));
#8731 = CARTESIAN_POINT('',(0.905737775025,-0.4900001));
#8732 = CARTESIAN_POINT('',(0.858510608237,-0.4900001));
#8733 = CARTESIAN_POINT('',(0.811255422928,-0.4900001));
#8734 = CARTESIAN_POINT('',(0.609369921477,-0.4900001));
#8735 = CARTESIAN_POINT('',(0.4547126254,-0.4900001));
#8736 = CARTESIAN_POINT('',(0.301072306838,-0.4900001));
#8737 = CARTESIAN_POINT('',(0.149281372622,-0.4900001));
#8738 = CARTESIAN_POINT('',(0.,-0.4900001));
#8739 = ( GEOMETRIC_REPRESENTATION_CONTEXT(2) 
PARAMETRIC_REPRESENTATION_CONTEXT() REPRESENTATION_CONTEXT('2D SPACE',''
  ) );
#8740 = ORIENTED_EDGE('',*,*,#8741,.F.);
#8741 = EDGE_CURVE('',#8742,#8691,#8744,.T.);
#8742 = VERTEX_POINT('',#8743);
#8743 = CARTESIAN_POINT('',(37.74375005,-52.79057617187,13.51));
#8744 = SURFACE_CURVE('',#8745,(#8756,#8770),.PCURVE_S1.);
#8745 = B_SPLINE_CURVE_WITH_KNOTS('',5,(#8746,#8747,#8748,#8749,#8750,
    #8751,#8752,#8753,#8754,#8755),.UNSPECIFIED.,.F.,.F.,(6,4,6),(0.,
    0.518182289315,1.),.UNSPECIFIED.);
#8746 = CARTESIAN_POINT('',(37.74375005,-52.79057617187,13.51));
#8747 = CARTESIAN_POINT('',(37.779057598992,-52.86329290968,13.51));
#8748 = CARTESIAN_POINT('',(37.818901430092,-52.93266110458,13.51));
#8749 = CARTESIAN_POINT('',(37.863332997307,-52.99838018186,13.51));
#8750 = CARTESIAN_POINT('',(37.912314386871,-53.06020369919,13.51));
#8751 = CARTESIAN_POINT('',(38.015317681564,-53.17167008138,13.51));
#8752 = CARTESIAN_POINT('',(38.068747880678,-53.22186679189,13.51));
#8753 = CARTESIAN_POINT('',(38.125855233334,-53.26841827015,13.51));
#8754 = CARTESIAN_POINT('',(38.186449730081,-53.31127179136,13.51));
#8755 = CARTESIAN_POINT('',(38.25029301875,-53.35043945312,13.51));
#8756 = PCURVE('',#6616,#8757);
#8757 = DEFINITIONAL_REPRESENTATION('',(#8758),#8769);
#8758 = B_SPLINE_CURVE_WITH_KNOTS('',5,(#8759,#8760,#8761,#8762,#8763,
    #8764,#8765,#8766,#8767,#8768),.UNSPECIFIED.,.F.,.F.,(6,4,6),(0.,
    0.518182289315,1.),.UNSPECIFIED.);
#8759 = CARTESIAN_POINT('',(-2.75624995,-0.790576171875));
#8760 = CARTESIAN_POINT('',(-2.720942401008,-0.863292909681));
#8761 = CARTESIAN_POINT('',(-2.681098569908,-0.932661104587));
#8762 = CARTESIAN_POINT('',(-2.636667002693,-0.998380181863));
#8763 = CARTESIAN_POINT('',(-2.587685613129,-1.06020369919));
#8764 = CARTESIAN_POINT('',(-2.484682318436,-1.171670081384));
#8765 = CARTESIAN_POINT('',(-2.431252119322,-1.22186679189));
#8766 = CARTESIAN_POINT('',(-2.374144766666,-1.268418270158));
#8767 = CARTESIAN_POINT('',(-2.313550269919,-1.311271791365));
#8768 = CARTESIAN_POINT('',(-2.24970698125,-1.350439453125));
#8769 = ( GEOMETRIC_REPRESENTATION_CONTEXT(2) 
PARAMETRIC_REPRESENTATION_CONTEXT() REPRESENTATION_CONTEXT('2D SPACE',''
  ) );
#8770 = PCURVE('',#8771,#8778);
#8771 = SURFACE_OF_LINEAR_EXTRUSION('',#8772,#8776);
#8772 = B_SPLINE_CURVE_WITH_KNOTS('',2,(#8773,#8774,#8775),
  .UNSPECIFIED.,.F.,.F.,(3,3),(0.,1.),.PIECEWISE_BEZIER_KNOTS.);
#8773 = CARTESIAN_POINT('',(38.25029301875,-53.35043945312,13.0199999));
#8774 = CARTESIAN_POINT('',(37.916015675,-53.14536132812,13.0199999));
#8775 = CARTESIAN_POINT('',(37.74375005,-52.79057617187,13.0199999));
#8776 = VECTOR('',#8777,1.);
#8777 = DIRECTION('',(-0.,-0.,-1.));
#8778 = DEFINITIONAL_REPRESENTATION('',(#8779),#8790);
#8779 = B_SPLINE_CURVE_WITH_KNOTS('',5,(#8780,#8781,#8782,#8783,#8784,
    #8785,#8786,#8787,#8788,#8789),.UNSPECIFIED.,.F.,.F.,(6,4,6),(0.,
    0.518182289315,1.),.UNSPECIFIED.);
#8780 = CARTESIAN_POINT('',(1.,-0.4900001));
#8781 = CARTESIAN_POINT('',(0.897520039206,-0.4900001));
#8782 = CARTESIAN_POINT('',(0.794219781647,-0.4900001));
#8783 = CARTESIAN_POINT('',(0.690345379768,-0.4900001));
#8784 = CARTESIAN_POINT('',(0.586170660862,-0.4900001));
#8785 = CARTESIAN_POINT('',(0.385139743731,-0.4900001));
#8786 = CARTESIAN_POINT('',(0.288276658567,-0.4900001));
#8787 = CARTESIAN_POINT('',(0.191654207556,-0.4900001));
#8788 = CARTESIAN_POINT('',(9.549448962459E-02,-0.4900001));
#8789 = CARTESIAN_POINT('',(0.,-0.4900001));
#8790 = ( GEOMETRIC_REPRESENTATION_CONTEXT(2) 
PARAMETRIC_REPRESENTATION_CONTEXT() REPRESENTATION_CONTEXT('2D SPACE',''
  ) );
#8791 = ORIENTED_EDGE('',*,*,#8792,.F.);
#8792 = EDGE_CURVE('',#8250,#8742,#8793,.T.);
#8793 = SURFACE_CURVE('',#8794,(#8805,#8819),.PCURVE_S1.);
#8794 = B_SPLINE_CURVE_WITH_KNOTS('',5,(#8795,#8796,#8797,#8798,#8799,
    #8800,#8801,#8802,#8803,#8804),.UNSPECIFIED.,.F.,.F.,(6,4,6),(0.,
    0.518113787778,1.),.UNSPECIFIED.);
#8795 = CARTESIAN_POINT('',(37.571484425,-52.03999023437,13.51));
#8796 = CARTESIAN_POINT('',(37.571484425,-52.12143233637,13.51));
#8797 = CARTESIAN_POINT('',(37.576042931419,-52.20220863449,13.51));
#8798 = CARTESIAN_POINT('',(37.585253926019,-52.28216576854,13.51));
#8799 = CARTESIAN_POINT('',(37.599153502003,-52.36115495963,13.51));
#8800 = CARTESIAN_POINT('',(37.634964022775,-52.5114682873,13.51));
#8801 = CARTESIAN_POINT('',(37.656247321685,-52.5829442105,13.51));
#8802 = CARTESIAN_POINT('',(37.681530404229,-52.65334828678,13.51));
#8803 = CARTESIAN_POINT('',(37.71073711889,-52.72258525423,13.51));
#8804 = CARTESIAN_POINT('',(37.74375005,-52.79057617187,13.51));
#8805 = PCURVE('',#6616,#8806);
#8806 = DEFINITIONAL_REPRESENTATION('',(#8807),#8818);
#8807 = B_SPLINE_CURVE_WITH_KNOTS('',5,(#8808,#8809,#8810,#8811,#8812,
    #8813,#8814,#8815,#8816,#8817),.UNSPECIFIED.,.F.,.F.,(6,4,6),(0.,
    0.518113787778,1.),.UNSPECIFIED.);
#8808 = CARTESIAN_POINT('',(-2.928515575,-3.9990234375E-02));
#8809 = CARTESIAN_POINT('',(-2.928515575,-0.121432336371));
#8810 = CARTESIAN_POINT('',(-2.923957068581,-0.202208634496));
#8811 = CARTESIAN_POINT('',(-2.914746073981,-0.282165768541));
#8812 = CARTESIAN_POINT('',(-2.900846497997,-0.361154959633));
#8813 = CARTESIAN_POINT('',(-2.865035977225,-0.511468287306));
#8814 = CARTESIAN_POINT('',(-2.843752678315,-0.5829442105));
#8815 = CARTESIAN_POINT('',(-2.818469595771,-0.65334828678));
#8816 = CARTESIAN_POINT('',(-2.78926288111,-0.722585254232));
#8817 = CARTESIAN_POINT('',(-2.75624995,-0.790576171875));
#8818 = ( GEOMETRIC_REPRESENTATION_CONTEXT(2) 
PARAMETRIC_REPRESENTATION_CONTEXT() REPRESENTATION_CONTEXT('2D SPACE',''
  ) );
#8819 = PCURVE('',#8820,#8827);
#8820 = SURFACE_OF_LINEAR_EXTRUSION('',#8821,#8825);
#8821 = B_SPLINE_CURVE_WITH_KNOTS('',2,(#8822,#8823,#8824),
  .UNSPECIFIED.,.F.,.F.,(3,3),(0.,1.),.PIECEWISE_BEZIER_KNOTS.);
#8822 = CARTESIAN_POINT('',(37.74375005,-52.79057617187,13.0199999));
#8823 = CARTESIAN_POINT('',(37.571484425,-52.43579101562,13.0199999));
#8824 = CARTESIAN_POINT('',(37.571484425,-52.03999023437,13.0199999));
#8825 = VECTOR('',#8826,1.);
#8826 = DIRECTION('',(-0.,-0.,-1.));
#8827 = DEFINITIONAL_REPRESENTATION('',(#8828),#8839);
#8828 = B_SPLINE_CURVE_WITH_KNOTS('',5,(#8829,#8830,#8831,#8832,#8833,
    #8834,#8835,#8836,#8837,#8838),.UNSPECIFIED.,.F.,.F.,(6,4,6),(0.,
    0.518113787778,1.),.UNSPECIFIED.);
#8829 = CARTESIAN_POINT('',(1.,-0.4900001));
#8830 = CARTESIAN_POINT('',(0.897117305152,-0.4900001));
#8831 = CARTESIAN_POINT('',(0.793704602759,-0.4900001));
#8832 = CARTESIAN_POINT('',(0.689927359397,-0.4900001));
#8833 = CARTESIAN_POINT('',(0.585962665738,-0.4900001));
#8834 = CARTESIAN_POINT('',(0.385306616449,-0.4900001));
#8835 = CARTESIAN_POINT('',(0.288612295794,-0.4900001));
#8836 = CARTESIAN_POINT('',(0.192068957,-0.4900001));
#8837 = CARTESIAN_POINT('',(9.58198453977E-02,-0.4900001));
#8838 = CARTESIAN_POINT('',(0.,-0.4900001));
#8839 = ( GEOMETRIC_REPRESENTATION_CONTEXT(2) 
PARAMETRIC_REPRESENTATION_CONTEXT() REPRESENTATION_CONTEXT('2D SPACE',''
  ) );
#8840 = ADVANCED_FACE('',(#8841,#8844),#6671,.T.);
#8841 = FACE_BOUND('',#8842,.T.);
#8842 = EDGE_LOOP('',(#8843));
#8843 = ORIENTED_EDGE('',*,*,#6656,.T.);
#8844 = FACE_BOUND('',#8845,.T.);
#8845 = EDGE_LOOP('',(#8846,#8874,#8900,#8926,#8952,#8978,#9004,#9030,
    #9056));
#8846 = ORIENTED_EDGE('',*,*,#8847,.F.);
#8847 = EDGE_CURVE('',#8848,#8850,#8852,.T.);
#8848 = VERTEX_POINT('',#8849);
#8849 = CARTESIAN_POINT('',(52.60540923713,-52.,13.51));
#8850 = VERTEX_POINT('',#8851);
#8851 = CARTESIAN_POINT('',(51.332757852543,-53.06788130742,13.51));
#8852 = SURFACE_CURVE('',#8853,(#8857,#8863),.PCURVE_S1.);
#8853 = LINE('',#8854,#8855);
#8854 = CARTESIAN_POINT('',(52.231567249486,-52.31369067395,13.51));
#8855 = VECTOR('',#8856,1.);
#8856 = DIRECTION('',(-0.766044443119,-0.642787609687,0.));
#8857 = PCURVE('',#6671,#8858);
#8858 = DEFINITIONAL_REPRESENTATION('',(#8859),#8862);
#8859 = B_SPLINE_CURVE_WITH_KNOTS('',1,(#8860,#8861),.UNSPECIFIED.,.F.,
  .F.,(2,2),(-0.488016055728,1.17331233849),.PIECEWISE_BEZIER_KNOTS.);
#8860 = CARTESIAN_POINT('',(-0.89459076287,3.928519083569E-15));
#8861 = CARTESIAN_POINT('',(-2.167242147457,-1.067881307424));
#8862 = ( GEOMETRIC_REPRESENTATION_CONTEXT(2) 
PARAMETRIC_REPRESENTATION_CONTEXT() REPRESENTATION_CONTEXT('2D SPACE',''
  ) );
#8863 = PCURVE('',#8864,#8869);
#8864 = PLANE('',#8865);
#8865 = AXIS2_PLACEMENT_3D('',#8866,#8867,#8868);
#8866 = CARTESIAN_POINT('',(51.332757852543,-53.06788130742,12.52));
#8867 = DIRECTION('',(-0.642787609687,0.766044443119,0.));
#8868 = DIRECTION('',(0.,0.,1.));
#8869 = DEFINITIONAL_REPRESENTATION('',(#8870),#8873);
#8870 = B_SPLINE_CURVE_WITH_KNOTS('',1,(#8871,#8872),.UNSPECIFIED.,.F.,
  .F.,(2,2),(-0.488016055728,1.17331233849),.PIECEWISE_BEZIER_KNOTS.);
#8871 = CARTESIAN_POINT('',(0.99,1.661328394218));
#8872 = CARTESIAN_POINT('',(0.99,0.));
#8873 = ( GEOMETRIC_REPRESENTATION_CONTEXT(2) 
PARAMETRIC_REPRESENTATION_CONTEXT() REPRESENTATION_CONTEXT('2D SPACE',''
  ) );
#8874 = ORIENTED_EDGE('',*,*,#8875,.T.);
#8875 = EDGE_CURVE('',#8848,#8876,#8878,.T.);
#8876 = VERTEX_POINT('',#8877);
#8877 = CARTESIAN_POINT('',(51.332757852543,-50.93211869257,13.51));
#8878 = SURFACE_CURVE('',#8879,(#8883,#8889),.PCURVE_S1.);
#8879 = LINE('',#8880,#8881);
#8880 = CARTESIAN_POINT('',(52.231567249486,-51.68630932605,13.51));
#8881 = VECTOR('',#8882,1.);
#8882 = DIRECTION('',(-0.766044443119,0.642787609687,0.));
#8883 = PCURVE('',#6671,#8884);
#8884 = DEFINITIONAL_REPRESENTATION('',(#8885),#8888);
#8885 = B_SPLINE_CURVE_WITH_KNOTS('',1,(#8886,#8887),.UNSPECIFIED.,.F.,
  .F.,(2,2),(-0.488016055728,1.17331233849),.PIECEWISE_BEZIER_KNOTS.);
#8886 = CARTESIAN_POINT('',(-0.89459076287,-4.468480482367E-15));
#8887 = CARTESIAN_POINT('',(-2.167242147457,1.067881307424));
#8888 = ( GEOMETRIC_REPRESENTATION_CONTEXT(2) 
PARAMETRIC_REPRESENTATION_CONTEXT() REPRESENTATION_CONTEXT('2D SPACE',''
  ) );
#8889 = PCURVE('',#8890,#8895);
#8890 = PLANE('',#8891);
#8891 = AXIS2_PLACEMENT_3D('',#8892,#8893,#8894);
#8892 = CARTESIAN_POINT('',(51.332757852543,-50.93211869257,12.52));
#8893 = DIRECTION('',(0.642787609687,0.766044443119,0.));
#8894 = DIRECTION('',(0.,0.,1.));
#8895 = DEFINITIONAL_REPRESENTATION('',(#8896),#8899);
#8896 = B_SPLINE_CURVE_WITH_KNOTS('',1,(#8897,#8898),.UNSPECIFIED.,.F.,
  .F.,(2,2),(-0.488016055728,1.17331233849),.PIECEWISE_BEZIER_KNOTS.);
#8897 = CARTESIAN_POINT('',(0.99,1.661328394218));
#8898 = CARTESIAN_POINT('',(0.99,0.));
#8899 = ( GEOMETRIC_REPRESENTATION_CONTEXT(2) 
PARAMETRIC_REPRESENTATION_CONTEXT() REPRESENTATION_CONTEXT('2D SPACE',''
  ) );
#8900 = ORIENTED_EDGE('',*,*,#8901,.T.);
#8901 = EDGE_CURVE('',#8876,#8902,#8904,.T.);
#8902 = VERTEX_POINT('',#8903);
#8903 = CARTESIAN_POINT('',(52.039824223198,-50.08946980514,13.51));
#8904 = SURFACE_CURVE('',#8905,(#8909,#8915),.PCURVE_S1.);
#8905 = LINE('',#8906,#8907);
#8906 = CARTESIAN_POINT('',(51.517569529328,-50.71186871281,13.51));
#8907 = VECTOR('',#8908,1.);
#8908 = DIRECTION('',(0.642787609687,0.766044443119,-0.));
#8909 = PCURVE('',#6671,#8910);
#8910 = DEFINITIONAL_REPRESENTATION('',(#8911),#8914);
#8911 = B_SPLINE_CURVE_WITH_KNOTS('',1,(#8912,#8913),.UNSPECIFIED.,.F.,
  .F.,(2,2),(-0.287515929057,0.812484070943),.PIECEWISE_BEZIER_KNOTS.);
#8912 = CARTESIAN_POINT('',(-2.167242147457,1.067881307424));
#8913 = CARTESIAN_POINT('',(-1.460175776802,1.910530194855));
#8914 = ( GEOMETRIC_REPRESENTATION_CONTEXT(2) 
PARAMETRIC_REPRESENTATION_CONTEXT() REPRESENTATION_CONTEXT('2D SPACE',''
  ) );
#8915 = PCURVE('',#8916,#8921);
#8916 = PLANE('',#8917);
#8917 = AXIS2_PLACEMENT_3D('',#8918,#8919,#8920);
#8918 = CARTESIAN_POINT('',(51.332757852543,-50.93211869257,12.52));
#8919 = DIRECTION('',(0.766044443119,-0.642787609687,0.));
#8920 = DIRECTION('',(0.,0.,1.));
#8921 = DEFINITIONAL_REPRESENTATION('',(#8922),#8925);
#8922 = B_SPLINE_CURVE_WITH_KNOTS('',1,(#8923,#8924),.UNSPECIFIED.,.F.,
  .F.,(2,2),(-0.287515929057,0.812484070943),.PIECEWISE_BEZIER_KNOTS.);
#8923 = CARTESIAN_POINT('',(0.99,0.));
#8924 = CARTESIAN_POINT('',(0.99,-1.1));
#8925 = ( GEOMETRIC_REPRESENTATION_CONTEXT(2) 
PARAMETRIC_REPRESENTATION_CONTEXT() REPRESENTATION_CONTEXT('2D SPACE',''
  ) );
#8926 = ORIENTED_EDGE('',*,*,#8927,.F.);
#8927 = EDGE_CURVE('',#8928,#8902,#8930,.T.);
#8928 = VERTEX_POINT('',#8929);
#8929 = CARTESIAN_POINT('',(53.661240970749,-51.45,13.51));
#8930 = SURFACE_CURVE('',#8931,(#8935,#8941),.PCURVE_S1.);
#8931 = LINE('',#8932,#8933);
#8932 = CARTESIAN_POINT('',(52.938633620142,-50.84366043861,13.51));
#8933 = VECTOR('',#8934,1.);
#8934 = DIRECTION('',(-0.766044443119,0.642787609687,0.));
#8935 = PCURVE('',#6671,#8936);
#8936 = DEFINITIONAL_REPRESENTATION('',(#8937),#8940);
#8937 = B_SPLINE_CURVE_WITH_KNOTS('',1,(#8938,#8939),.UNSPECIFIED.,.F.,
  .F.,(2,2),(-0.943296902808,1.17331233849),.PIECEWISE_BEZIER_KNOTS.);
#8938 = CARTESIAN_POINT('',(0.161240970749,0.55));
#8939 = CARTESIAN_POINT('',(-1.460175776802,1.910530194855));
#8940 = ( GEOMETRIC_REPRESENTATION_CONTEXT(2) 
PARAMETRIC_REPRESENTATION_CONTEXT() REPRESENTATION_CONTEXT('2D SPACE',''
  ) );
#8941 = PCURVE('',#8942,#8947);
#8942 = PLANE('',#8943);
#8943 = AXIS2_PLACEMENT_3D('',#8944,#8945,#8946);
#8944 = CARTESIAN_POINT('',(52.039824223198,-50.08946980514,12.52));
#8945 = DIRECTION('',(0.642787609687,0.766044443119,0.));
#8946 = DIRECTION('',(0.,0.,1.));
#8947 = DEFINITIONAL_REPRESENTATION('',(#8948),#8951);
#8948 = B_SPLINE_CURVE_WITH_KNOTS('',1,(#8949,#8950),.UNSPECIFIED.,.F.,
  .F.,(2,2),(-0.943296902808,1.17331233849),.PIECEWISE_BEZIER_KNOTS.);
#8949 = CARTESIAN_POINT('',(0.99,2.116609241299));
#8950 = CARTESIAN_POINT('',(0.99,0.));
#8951 = ( GEOMETRIC_REPRESENTATION_CONTEXT(2) 
PARAMETRIC_REPRESENTATION_CONTEXT() REPRESENTATION_CONTEXT('2D SPACE',''
  ) );
#8952 = ORIENTED_EDGE('',*,*,#8953,.F.);
#8953 = EDGE_CURVE('',#8954,#8928,#8956,.T.);
#8954 = VERTEX_POINT('',#8955);
#8955 = CARTESIAN_POINT('',(55.667242147457,-51.45,13.51));
#8956 = SURFACE_CURVE('',#8957,(#8961,#8967),.PCURVE_S1.);
#8957 = LINE('',#8958,#8959);
#8958 = CARTESIAN_POINT('',(53.283621073729,-51.45,13.51));
#8959 = VECTOR('',#8960,1.);
#8960 = DIRECTION('',(-1.,-0.,0.));
#8961 = PCURVE('',#6671,#8962);
#8962 = DEFINITIONAL_REPRESENTATION('',(#8963),#8966);
#8963 = B_SPLINE_CURVE_WITH_KNOTS('',1,(#8964,#8965),.UNSPECIFIED.,.F.,
  .F.,(2,2),(-2.383621073729,-0.377619897021),.PIECEWISE_BEZIER_KNOTS.);
#8964 = CARTESIAN_POINT('',(2.167242147457,0.55));
#8965 = CARTESIAN_POINT('',(0.161240970749,0.55));
#8966 = ( GEOMETRIC_REPRESENTATION_CONTEXT(2) 
PARAMETRIC_REPRESENTATION_CONTEXT() REPRESENTATION_CONTEXT('2D SPACE',''
  ) );
#8967 = PCURVE('',#8968,#8973);
#8968 = PLANE('',#8969);
#8969 = AXIS2_PLACEMENT_3D('',#8970,#8971,#8972);
#8970 = CARTESIAN_POINT('',(53.067242147457,-51.45,12.52));
#8971 = DIRECTION('',(-0.,1.,0.));
#8972 = DIRECTION('',(0.,0.,1.));
#8973 = DEFINITIONAL_REPRESENTATION('',(#8974),#8977);
#8974 = B_SPLINE_CURVE_WITH_KNOTS('',1,(#8975,#8976),.UNSPECIFIED.,.F.,
  .F.,(2,2),(-2.383621073729,-0.377619897021),.PIECEWISE_BEZIER_KNOTS.);
#8975 = CARTESIAN_POINT('',(0.99,2.6));
#8976 = CARTESIAN_POINT('',(0.99,0.593998823292));
#8977 = ( GEOMETRIC_REPRESENTATION_CONTEXT(2) 
PARAMETRIC_REPRESENTATION_CONTEXT() REPRESENTATION_CONTEXT('2D SPACE',''
  ) );
#8978 = ORIENTED_EDGE('',*,*,#8979,.F.);
#8979 = EDGE_CURVE('',#8980,#8954,#8982,.T.);
#8980 = VERTEX_POINT('',#8981);
#8981 = CARTESIAN_POINT('',(55.667242147457,-52.55,13.51));
#8982 = SURFACE_CURVE('',#8983,(#8987,#8993),.PCURVE_S1.);
#8983 = LINE('',#8984,#8985);
#8984 = CARTESIAN_POINT('',(55.667242147457,-52.275,13.51));
#8985 = VECTOR('',#8986,1.);
#8986 = DIRECTION('',(-0.,1.,0.));
#8987 = PCURVE('',#6671,#8988);
#8988 = DEFINITIONAL_REPRESENTATION('',(#8989),#8992);
#8989 = B_SPLINE_CURVE_WITH_KNOTS('',1,(#8990,#8991),.UNSPECIFIED.,.F.,
  .F.,(2,2),(-0.275,0.825),.PIECEWISE_BEZIER_KNOTS.);
#8990 = CARTESIAN_POINT('',(2.167242147457,-0.55));
#8991 = CARTESIAN_POINT('',(2.167242147457,0.55));
#8992 = ( GEOMETRIC_REPRESENTATION_CONTEXT(2) 
PARAMETRIC_REPRESENTATION_CONTEXT() REPRESENTATION_CONTEXT('2D SPACE',''
  ) );
#8993 = PCURVE('',#8994,#8999);
#8994 = PLANE('',#8995);
#8995 = AXIS2_PLACEMENT_3D('',#8996,#8997,#8998);
#8996 = CARTESIAN_POINT('',(55.667242147457,-52.55,12.52));
#8997 = DIRECTION('',(1.,0.,-0.));
#8998 = DIRECTION('',(0.,0.,1.));
#8999 = DEFINITIONAL_REPRESENTATION('',(#9000),#9003);
#9000 = B_SPLINE_CURVE_WITH_KNOTS('',1,(#9001,#9002),.UNSPECIFIED.,.F.,
  .F.,(2,2),(-0.275,0.825),.PIECEWISE_BEZIER_KNOTS.);
#9001 = CARTESIAN_POINT('',(0.99,0.));
#9002 = CARTESIAN_POINT('',(0.99,-1.1));
#9003 = ( GEOMETRIC_REPRESENTATION_CONTEXT(2) 
PARAMETRIC_REPRESENTATION_CONTEXT() REPRESENTATION_CONTEXT('2D SPACE',''
  ) );
#9004 = ORIENTED_EDGE('',*,*,#9005,.T.);
#9005 = EDGE_CURVE('',#8980,#9006,#9008,.T.);
#9006 = VERTEX_POINT('',#9007);
#9007 = CARTESIAN_POINT('',(53.661240970749,-52.55,13.51));
#9008 = SURFACE_CURVE('',#9009,(#9013,#9019),.PCURVE_S1.);
#9009 = LINE('',#9010,#9011);
#9010 = CARTESIAN_POINT('',(53.283621073729,-52.55,13.51));
#9011 = VECTOR('',#9012,1.);
#9012 = DIRECTION('',(-1.,-0.,0.));
#9013 = PCURVE('',#6671,#9014);
#9014 = DEFINITIONAL_REPRESENTATION('',(#9015),#9018);
#9015 = B_SPLINE_CURVE_WITH_KNOTS('',1,(#9016,#9017),.UNSPECIFIED.,.F.,
  .F.,(2,2),(-2.383621073729,-0.377619897021),.PIECEWISE_BEZIER_KNOTS.);
#9016 = CARTESIAN_POINT('',(2.167242147457,-0.55));
#9017 = CARTESIAN_POINT('',(0.161240970749,-0.55));
#9018 = ( GEOMETRIC_REPRESENTATION_CONTEXT(2) 
PARAMETRIC_REPRESENTATION_CONTEXT() REPRESENTATION_CONTEXT('2D SPACE',''
  ) );
#9019 = PCURVE('',#9020,#9025);
#9020 = PLANE('',#9021);
#9021 = AXIS2_PLACEMENT_3D('',#9022,#9023,#9024);
#9022 = CARTESIAN_POINT('',(53.067242147457,-52.55,12.52));
#9023 = DIRECTION('',(-0.,1.,0.));
#9024 = DIRECTION('',(0.,0.,1.));
#9025 = DEFINITIONAL_REPRESENTATION('',(#9026),#9029);
#9026 = B_SPLINE_CURVE_WITH_KNOTS('',1,(#9027,#9028),.UNSPECIFIED.,.F.,
  .F.,(2,2),(-2.383621073729,-0.377619897021),.PIECEWISE_BEZIER_KNOTS.);
#9027 = CARTESIAN_POINT('',(0.99,2.6));
#9028 = CARTESIAN_POINT('',(0.99,0.593998823292));
#9029 = ( GEOMETRIC_REPRESENTATION_CONTEXT(2) 
PARAMETRIC_REPRESENTATION_CONTEXT() REPRESENTATION_CONTEXT('2D SPACE',''
  ) );
#9030 = ORIENTED_EDGE('',*,*,#9031,.T.);
#9031 = EDGE_CURVE('',#9006,#9032,#9034,.T.);
#9032 = VERTEX_POINT('',#9033);
#9033 = CARTESIAN_POINT('',(52.039824223198,-53.91053019485,13.51));
#9034 = SURFACE_CURVE('',#9035,(#9039,#9045),.PCURVE_S1.);
#9035 = LINE('',#9036,#9037);
#9036 = CARTESIAN_POINT('',(52.938633620142,-53.15633956138,13.51));
#9037 = VECTOR('',#9038,1.);
#9038 = DIRECTION('',(-0.766044443119,-0.642787609687,0.));
#9039 = PCURVE('',#6671,#9040);
#9040 = DEFINITIONAL_REPRESENTATION('',(#9041),#9044);
#9041 = B_SPLINE_CURVE_WITH_KNOTS('',1,(#9042,#9043),.UNSPECIFIED.,.F.,
  .F.,(2,2),(-0.943296902808,1.17331233849),.PIECEWISE_BEZIER_KNOTS.);
#9042 = CARTESIAN_POINT('',(0.161240970749,-0.55));
#9043 = CARTESIAN_POINT('',(-1.460175776802,-1.910530194855));
#9044 = ( GEOMETRIC_REPRESENTATION_CONTEXT(2) 
PARAMETRIC_REPRESENTATION_CONTEXT() REPRESENTATION_CONTEXT('2D SPACE',''
  ) );
#9045 = PCURVE('',#9046,#9051);
#9046 = PLANE('',#9047);
#9047 = AXIS2_PLACEMENT_3D('',#9048,#9049,#9050);
#9048 = CARTESIAN_POINT('',(52.039824223198,-53.91053019485,12.52));
#9049 = DIRECTION('',(-0.642787609687,0.766044443119,0.));
#9050 = DIRECTION('',(0.,0.,1.));
#9051 = DEFINITIONAL_REPRESENTATION('',(#9052),#9055);
#9052 = B_SPLINE_CURVE_WITH_KNOTS('',1,(#9053,#9054),.UNSPECIFIED.,.F.,
  .F.,(2,2),(-0.943296902808,1.17331233849),.PIECEWISE_BEZIER_KNOTS.);
#9053 = CARTESIAN_POINT('',(0.99,2.116609241299));
#9054 = CARTESIAN_POINT('',(0.99,0.));
#9055 = ( GEOMETRIC_REPRESENTATION_CONTEXT(2) 
PARAMETRIC_REPRESENTATION_CONTEXT() REPRESENTATION_CONTEXT('2D SPACE',''
  ) );
#9056 = ORIENTED_EDGE('',*,*,#9057,.T.);
#9057 = EDGE_CURVE('',#9032,#8850,#9058,.T.);
#9058 = SURFACE_CURVE('',#9059,(#9063,#9069),.PCURVE_S1.);
#9059 = LINE('',#9060,#9061);
#9060 = CARTESIAN_POINT('',(51.871102714655,-53.7094557309,13.51));
#9061 = VECTOR('',#9062,1.);
#9062 = DIRECTION('',(-0.642787609687,0.766044443119,0.));
#9063 = PCURVE('',#6671,#9064);
#9064 = DEFINITIONAL_REPRESENTATION('',(#9065),#9068);
#9065 = B_SPLINE_CURVE_WITH_KNOTS('',1,(#9066,#9067),.UNSPECIFIED.,.F.,
  .F.,(2,2),(-0.262484070943,0.837515929057),.PIECEWISE_BEZIER_KNOTS.);
#9066 = CARTESIAN_POINT('',(-1.460175776802,-1.910530194855));
#9067 = CARTESIAN_POINT('',(-2.167242147457,-1.067881307424));
#9068 = ( GEOMETRIC_REPRESENTATION_CONTEXT(2) 
PARAMETRIC_REPRESENTATION_CONTEXT() REPRESENTATION_CONTEXT('2D SPACE',''
  ) );
#9069 = PCURVE('',#9070,#9075);
#9070 = PLANE('',#9071);
#9071 = AXIS2_PLACEMENT_3D('',#9072,#9073,#9074);
#9072 = CARTESIAN_POINT('',(52.039824223198,-53.91053019485,12.52));
#9073 = DIRECTION('',(0.766044443119,0.642787609687,0.));
#9074 = DIRECTION('',(0.,0.,1.));
#9075 = DEFINITIONAL_REPRESENTATION('',(#9076),#9079);
#9076 = B_SPLINE_CURVE_WITH_KNOTS('',1,(#9077,#9078),.UNSPECIFIED.,.F.,
  .F.,(2,2),(-0.262484070943,0.837515929057),.PIECEWISE_BEZIER_KNOTS.);
#9077 = CARTESIAN_POINT('',(0.99,0.));
#9078 = CARTESIAN_POINT('',(0.99,-1.1));
#9079 = ( GEOMETRIC_REPRESENTATION_CONTEXT(2) 
PARAMETRIC_REPRESENTATION_CONTEXT() REPRESENTATION_CONTEXT('2D SPACE',''
  ) );
#9080 = ADVANCED_FACE('',(#9081),#7213,.T.);
#9081 = FACE_BOUND('',#9082,.T.);
#9082 = EDGE_LOOP('',(#9083,#9106,#9107,#9108));
#9083 = ORIENTED_EDGE('',*,*,#9084,.T.);
#9084 = EDGE_CURVE('',#9085,#7197,#9087,.T.);
#9085 = VERTEX_POINT('',#9086);
#9086 = CARTESIAN_POINT('',(16.5,-52.,11.51));
#9087 = SEAM_CURVE('',#9088,(#9092,#9099),.PCURVE_S1.);
#9088 = LINE('',#9089,#9090);
#9089 = CARTESIAN_POINT('',(16.5,-52.,10.11));
#9090 = VECTOR('',#9091,1.);
#9091 = DIRECTION('',(0.,0.,1.));
#9092 = PCURVE('',#7213,#9093);
#9093 = DEFINITIONAL_REPRESENTATION('',(#9094),#9098);
#9094 = LINE('',#9095,#9096);
#9095 = CARTESIAN_POINT('',(6.28318530718,-0.));
#9096 = VECTOR('',#9097,1.);
#9097 = DIRECTION('',(0.,1.));
#9098 = ( GEOMETRIC_REPRESENTATION_CONTEXT(2) 
PARAMETRIC_REPRESENTATION_CONTEXT() REPRESENTATION_CONTEXT('2D SPACE',''
  ) );
#9099 = PCURVE('',#7213,#9100);
#9100 = DEFINITIONAL_REPRESENTATION('',(#9101),#9105);
#9101 = LINE('',#9102,#9103);
#9102 = CARTESIAN_POINT('',(0.,-0.));
#9103 = VECTOR('',#9104,1.);
#9104 = DIRECTION('',(0.,1.));
#9105 = ( GEOMETRIC_REPRESENTATION_CONTEXT(2) 
PARAMETRIC_REPRESENTATION_CONTEXT() REPRESENTATION_CONTEXT('2D SPACE',''
  ) );
#9106 = ORIENTED_EDGE('',*,*,#7196,.F.);
#9107 = ORIENTED_EDGE('',*,*,#9084,.F.);
#9108 = ORIENTED_EDGE('',*,*,#9109,.T.);
#9109 = EDGE_CURVE('',#9085,#9085,#9110,.T.);
#9110 = SURFACE_CURVE('',#9111,(#9116,#9123),.PCURVE_S1.);
#9111 = CIRCLE('',#9112,2.);
#9112 = AXIS2_PLACEMENT_3D('',#9113,#9114,#9115);
#9113 = CARTESIAN_POINT('',(14.5,-52.,11.51));
#9114 = DIRECTION('',(0.,0.,1.));
#9115 = DIRECTION('',(1.,0.,-0.));
#9116 = PCURVE('',#7213,#9117);
#9117 = DEFINITIONAL_REPRESENTATION('',(#9118),#9122);
#9118 = LINE('',#9119,#9120);
#9119 = CARTESIAN_POINT('',(0.,1.4));
#9120 = VECTOR('',#9121,1.);
#9121 = DIRECTION('',(1.,0.));
#9122 = ( GEOMETRIC_REPRESENTATION_CONTEXT(2) 
PARAMETRIC_REPRESENTATION_CONTEXT() REPRESENTATION_CONTEXT('2D SPACE',''
  ) );
#9123 = PCURVE('',#9124,#9129);
#9124 = PLANE('',#9125);
#9125 = AXIS2_PLACEMENT_3D('',#9126,#9127,#9128);
#9126 = CARTESIAN_POINT('',(58.7,-33.00000000324,11.51));
#9127 = DIRECTION('',(0.,0.,1.));
#9128 = DIRECTION('',(1.,0.,-0.));
#9129 = DEFINITIONAL_REPRESENTATION('',(#9130),#9134);
#9130 = CIRCLE('',#9131,2.);
#9131 = AXIS2_PLACEMENT_2D('',#9132,#9133);
#9132 = CARTESIAN_POINT('',(-44.2,-18.99999999675));
#9133 = DIRECTION('',(1.,0.));
#9134 = ( GEOMETRIC_REPRESENTATION_CONTEXT(2) 
PARAMETRIC_REPRESENTATION_CONTEXT() REPRESENTATION_CONTEXT('2D SPACE',''
  ) );
#9135 = ADVANCED_FACE('',(#9136),#7248,.T.);
#9136 = FACE_BOUND('',#9137,.T.);
#9137 = EDGE_LOOP('',(#9138,#9161,#9162,#9163));
#9138 = ORIENTED_EDGE('',*,*,#9139,.T.);
#9139 = EDGE_CURVE('',#9140,#7232,#9142,.T.);
#9140 = VERTEX_POINT('',#9141);
#9141 = CARTESIAN_POINT('',(29.5,-52.,11.51));
#9142 = SEAM_CURVE('',#9143,(#9147,#9154),.PCURVE_S1.);
#9143 = LINE('',#9144,#9145);
#9144 = CARTESIAN_POINT('',(29.5,-52.,10.11));
#9145 = VECTOR('',#9146,1.);
#9146 = DIRECTION('',(0.,0.,1.));
#9147 = PCURVE('',#7248,#9148);
#9148 = DEFINITIONAL_REPRESENTATION('',(#9149),#9153);
#9149 = LINE('',#9150,#9151);
#9150 = CARTESIAN_POINT('',(6.28318530718,-0.));
#9151 = VECTOR('',#9152,1.);
#9152 = DIRECTION('',(0.,1.));
#9153 = ( GEOMETRIC_REPRESENTATION_CONTEXT(2) 
PARAMETRIC_REPRESENTATION_CONTEXT() REPRESENTATION_CONTEXT('2D SPACE',''
  ) );
#9154 = PCURVE('',#7248,#9155);
#9155 = DEFINITIONAL_REPRESENTATION('',(#9156),#9160);
#9156 = LINE('',#9157,#9158);
#9157 = CARTESIAN_POINT('',(0.,-0.));
#9158 = VECTOR('',#9159,1.);
#9159 = DIRECTION('',(0.,1.));
#9160 = ( GEOMETRIC_REPRESENTATION_CONTEXT(2) 
PARAMETRIC_REPRESENTATION_CONTEXT() REPRESENTATION_CONTEXT('2D SPACE',''
  ) );
#9161 = ORIENTED_EDGE('',*,*,#7231,.F.);
#9162 = ORIENTED_EDGE('',*,*,#9139,.F.);
#9163 = ORIENTED_EDGE('',*,*,#9164,.T.);
#9164 = EDGE_CURVE('',#9140,#9140,#9165,.T.);
#9165 = SURFACE_CURVE('',#9166,(#9171,#9178),.PCURVE_S1.);
#9166 = CIRCLE('',#9167,2.);
#9167 = AXIS2_PLACEMENT_3D('',#9168,#9169,#9170);
#9168 = CARTESIAN_POINT('',(27.5,-52.,11.51));
#9169 = DIRECTION('',(0.,0.,1.));
#9170 = DIRECTION('',(1.,0.,-0.));
#9171 = PCURVE('',#7248,#9172);
#9172 = DEFINITIONAL_REPRESENTATION('',(#9173),#9177);
#9173 = LINE('',#9174,#9175);
#9174 = CARTESIAN_POINT('',(0.,1.4));
#9175 = VECTOR('',#9176,1.);
#9176 = DIRECTION('',(1.,0.));
#9177 = ( GEOMETRIC_REPRESENTATION_CONTEXT(2) 
PARAMETRIC_REPRESENTATION_CONTEXT() REPRESENTATION_CONTEXT('2D SPACE',''
  ) );
#9178 = PCURVE('',#9179,#9184);
#9179 = PLANE('',#9180);
#9180 = AXIS2_PLACEMENT_3D('',#9181,#9182,#9183);
#9181 = CARTESIAN_POINT('',(58.7,-33.00000000324,11.51));
#9182 = DIRECTION('',(0.,0.,1.));
#9183 = DIRECTION('',(1.,0.,-0.));
#9184 = DEFINITIONAL_REPRESENTATION('',(#9185),#9189);
#9185 = CIRCLE('',#9186,2.);
#9186 = AXIS2_PLACEMENT_2D('',#9187,#9188);
#9187 = CARTESIAN_POINT('',(-31.2,-18.99999999675));
#9188 = DIRECTION('',(1.,0.));
#9189 = ( GEOMETRIC_REPRESENTATION_CONTEXT(2) 
PARAMETRIC_REPRESENTATION_CONTEXT() REPRESENTATION_CONTEXT('2D SPACE',''
  ) );
#9190 = ADVANCED_FACE('',(#9191),#7290,.T.);
#9191 = FACE_BOUND('',#9192,.T.);
#9192 = EDGE_LOOP('',(#9193,#9216,#9217,#9218));
#9193 = ORIENTED_EDGE('',*,*,#9194,.T.);
#9194 = EDGE_CURVE('',#9195,#7274,#9197,.T.);
#9195 = VERTEX_POINT('',#9196);
#9196 = CARTESIAN_POINT('',(42.5,-52.,11.51));
#9197 = SEAM_CURVE('',#9198,(#9202,#9209),.PCURVE_S1.);
#9198 = LINE('',#9199,#9200);
#9199 = CARTESIAN_POINT('',(42.5,-52.,10.11));
#9200 = VECTOR('',#9201,1.);
#9201 = DIRECTION('',(0.,0.,1.));
#9202 = PCURVE('',#7290,#9203);
#9203 = DEFINITIONAL_REPRESENTATION('',(#9204),#9208);
#9204 = LINE('',#9205,#9206);
#9205 = CARTESIAN_POINT('',(6.28318530718,-0.));
#9206 = VECTOR('',#9207,1.);
#9207 = DIRECTION('',(0.,1.));
#9208 = ( GEOMETRIC_REPRESENTATION_CONTEXT(2) 
PARAMETRIC_REPRESENTATION_CONTEXT() REPRESENTATION_CONTEXT('2D SPACE',''
  ) );
#9209 = PCURVE('',#7290,#9210);
#9210 = DEFINITIONAL_REPRESENTATION('',(#9211),#9215);
#9211 = LINE('',#9212,#9213);
#9212 = CARTESIAN_POINT('',(0.,-0.));
#9213 = VECTOR('',#9214,1.);
#9214 = DIRECTION('',(0.,1.));
#9215 = ( GEOMETRIC_REPRESENTATION_CONTEXT(2) 
PARAMETRIC_REPRESENTATION_CONTEXT() REPRESENTATION_CONTEXT('2D SPACE',''
  ) );
#9216 = ORIENTED_EDGE('',*,*,#7273,.F.);
#9217 = ORIENTED_EDGE('',*,*,#9194,.F.);
#9218 = ORIENTED_EDGE('',*,*,#9219,.T.);
#9219 = EDGE_CURVE('',#9195,#9195,#9220,.T.);
#9220 = SURFACE_CURVE('',#9221,(#9226,#9233),.PCURVE_S1.);
#9221 = CIRCLE('',#9222,2.);
#9222 = AXIS2_PLACEMENT_3D('',#9223,#9224,#9225);
#9223 = CARTESIAN_POINT('',(40.5,-52.,11.51));
#9224 = DIRECTION('',(0.,0.,1.));
#9225 = DIRECTION('',(1.,0.,-0.));
#9226 = PCURVE('',#7290,#9227);
#9227 = DEFINITIONAL_REPRESENTATION('',(#9228),#9232);
#9228 = LINE('',#9229,#9230);
#9229 = CARTESIAN_POINT('',(0.,1.4));
#9230 = VECTOR('',#9231,1.);
#9231 = DIRECTION('',(1.,0.));
#9232 = ( GEOMETRIC_REPRESENTATION_CONTEXT(2) 
PARAMETRIC_REPRESENTATION_CONTEXT() REPRESENTATION_CONTEXT('2D SPACE',''
  ) );
#9233 = PCURVE('',#9234,#9239);
#9234 = PLANE('',#9235);
#9235 = AXIS2_PLACEMENT_3D('',#9236,#9237,#9238);
#9236 = CARTESIAN_POINT('',(58.7,-33.00000000324,11.51));
#9237 = DIRECTION('',(0.,0.,1.));
#9238 = DIRECTION('',(1.,0.,-0.));
#9239 = DEFINITIONAL_REPRESENTATION('',(#9240),#9244);
#9240 = CIRCLE('',#9241,2.);
#9241 = AXIS2_PLACEMENT_2D('',#9242,#9243);
#9242 = CARTESIAN_POINT('',(-18.2,-18.99999999675));
#9243 = DIRECTION('',(1.,0.));
#9244 = ( GEOMETRIC_REPRESENTATION_CONTEXT(2) 
PARAMETRIC_REPRESENTATION_CONTEXT() REPRESENTATION_CONTEXT('2D SPACE',''
  ) );
#9245 = ADVANCED_FACE('',(#9246),#7325,.T.);
#9246 = FACE_BOUND('',#9247,.T.);
#9247 = EDGE_LOOP('',(#9248,#9271,#9272,#9273));
#9248 = ORIENTED_EDGE('',*,*,#9249,.T.);
#9249 = EDGE_CURVE('',#9250,#7309,#9252,.T.);
#9250 = VERTEX_POINT('',#9251);
#9251 = CARTESIAN_POINT('',(55.5,-52.,11.51));
#9252 = SEAM_CURVE('',#9253,(#9257,#9264),.PCURVE_S1.);
#9253 = LINE('',#9254,#9255);
#9254 = CARTESIAN_POINT('',(55.5,-52.,10.11));
#9255 = VECTOR('',#9256,1.);
#9256 = DIRECTION('',(0.,0.,1.));
#9257 = PCURVE('',#7325,#9258);
#9258 = DEFINITIONAL_REPRESENTATION('',(#9259),#9263);
#9259 = LINE('',#9260,#9261);
#9260 = CARTESIAN_POINT('',(6.28318530718,-0.));
#9261 = VECTOR('',#9262,1.);
#9262 = DIRECTION('',(0.,1.));
#9263 = ( GEOMETRIC_REPRESENTATION_CONTEXT(2) 
PARAMETRIC_REPRESENTATION_CONTEXT() REPRESENTATION_CONTEXT('2D SPACE',''
  ) );
#9264 = PCURVE('',#7325,#9265);
#9265 = DEFINITIONAL_REPRESENTATION('',(#9266),#9270);
#9266 = LINE('',#9267,#9268);
#9267 = CARTESIAN_POINT('',(0.,-0.));
#9268 = VECTOR('',#9269,1.);
#9269 = DIRECTION('',(0.,1.));
#9270 = ( GEOMETRIC_REPRESENTATION_CONTEXT(2) 
PARAMETRIC_REPRESENTATION_CONTEXT() REPRESENTATION_CONTEXT('2D SPACE',''
  ) );
#9271 = ORIENTED_EDGE('',*,*,#7308,.F.);
#9272 = ORIENTED_EDGE('',*,*,#9249,.F.);
#9273 = ORIENTED_EDGE('',*,*,#9274,.T.);
#9274 = EDGE_CURVE('',#9250,#9250,#9275,.T.);
#9275 = SURFACE_CURVE('',#9276,(#9281,#9288),.PCURVE_S1.);
#9276 = CIRCLE('',#9277,2.);
#9277 = AXIS2_PLACEMENT_3D('',#9278,#9279,#9280);
#9278 = CARTESIAN_POINT('',(53.5,-52.,11.51));
#9279 = DIRECTION('',(0.,0.,1.));
#9280 = DIRECTION('',(1.,0.,-0.));
#9281 = PCURVE('',#7325,#9282);
#9282 = DEFINITIONAL_REPRESENTATION('',(#9283),#9287);
#9283 = LINE('',#9284,#9285);
#9284 = CARTESIAN_POINT('',(0.,1.4));
#9285 = VECTOR('',#9286,1.);
#9286 = DIRECTION('',(1.,0.));
#9287 = ( GEOMETRIC_REPRESENTATION_CONTEXT(2) 
PARAMETRIC_REPRESENTATION_CONTEXT() REPRESENTATION_CONTEXT('2D SPACE',''
  ) );
#9288 = PCURVE('',#9289,#9294);
#9289 = PLANE('',#9290);
#9290 = AXIS2_PLACEMENT_3D('',#9291,#9292,#9293);
#9291 = CARTESIAN_POINT('',(58.7,-33.00000000324,11.51));
#9292 = DIRECTION('',(0.,0.,1.));
#9293 = DIRECTION('',(1.,0.,-0.));
#9294 = DEFINITIONAL_REPRESENTATION('',(#9295),#9299);
#9295 = CIRCLE('',#9296,2.);
#9296 = AXIS2_PLACEMENT_2D('',#9297,#9298);
#9297 = CARTESIAN_POINT('',(-5.2,-18.99999999675));
#9298 = DIRECTION('',(1.,0.));
#9299 = ( GEOMETRIC_REPRESENTATION_CONTEXT(2) 
PARAMETRIC_REPRESENTATION_CONTEXT() REPRESENTATION_CONTEXT('2D SPACE',''
  ) );
#9300 = ADVANCED_FACE('',(#9301),#7522,.T.);
#9301 = FACE_BOUND('',#9302,.T.);
#9302 = EDGE_LOOP('',(#9303,#9326,#9352,#9373));
#9303 = ORIENTED_EDGE('',*,*,#9304,.F.);
#9304 = EDGE_CURVE('',#9305,#7506,#9307,.T.);
#9305 = VERTEX_POINT('',#9306);
#9306 = CARTESIAN_POINT('',(16.3,-52.6,13.26));
#9307 = SURFACE_CURVE('',#9308,(#9312,#9319),.PCURVE_S1.);
#9308 = LINE('',#9309,#9310);
#9309 = CARTESIAN_POINT('',(16.3,-52.6,12.52));
#9310 = VECTOR('',#9311,1.);
#9311 = DIRECTION('',(0.,0.,1.));
#9312 = PCURVE('',#7522,#9313);
#9313 = DEFINITIONAL_REPRESENTATION('',(#9314),#9318);
#9314 = LINE('',#9315,#9316);
#9315 = CARTESIAN_POINT('',(0.,3.6));
#9316 = VECTOR('',#9317,1.);
#9317 = DIRECTION('',(1.,0.));
#9318 = ( GEOMETRIC_REPRESENTATION_CONTEXT(2) 
PARAMETRIC_REPRESENTATION_CONTEXT() REPRESENTATION_CONTEXT('2D SPACE',''
  ) );
#9319 = PCURVE('',#7598,#9320);
#9320 = DEFINITIONAL_REPRESENTATION('',(#9321),#9325);
#9321 = LINE('',#9322,#9323);
#9322 = CARTESIAN_POINT('',(0.,0.));
#9323 = VECTOR('',#9324,1.);
#9324 = DIRECTION('',(1.,0.));
#9325 = ( GEOMETRIC_REPRESENTATION_CONTEXT(2) 
PARAMETRIC_REPRESENTATION_CONTEXT() REPRESENTATION_CONTEXT('2D SPACE',''
  ) );
#9326 = ORIENTED_EDGE('',*,*,#9327,.F.);
#9327 = EDGE_CURVE('',#9328,#9305,#9330,.T.);
#9328 = VERTEX_POINT('',#9329);
#9329 = CARTESIAN_POINT('',(12.7,-52.6,13.26));
#9330 = SURFACE_CURVE('',#9331,(#9335,#9341),.PCURVE_S1.);
#9331 = LINE('',#9332,#9333);
#9332 = CARTESIAN_POINT('',(8.6,-52.6,13.26));
#9333 = VECTOR('',#9334,1.);
#9334 = DIRECTION('',(1.,0.,-0.));
#9335 = PCURVE('',#7522,#9336);
#9336 = DEFINITIONAL_REPRESENTATION('',(#9337),#9340);
#9337 = B_SPLINE_CURVE_WITH_KNOTS('',1,(#9338,#9339),.UNSPECIFIED.,.F.,
  .F.,(2,2),(4.1,7.7),.PIECEWISE_BEZIER_KNOTS.);
#9338 = CARTESIAN_POINT('',(0.74,0.));
#9339 = CARTESIAN_POINT('',(0.74,3.6));
#9340 = ( GEOMETRIC_REPRESENTATION_CONTEXT(2) 
PARAMETRIC_REPRESENTATION_CONTEXT() REPRESENTATION_CONTEXT('2D SPACE',''
  ) );
#9341 = PCURVE('',#9342,#9347);
#9342 = PLANE('',#9343);
#9343 = AXIS2_PLACEMENT_3D('',#9344,#9345,#9346);
#9344 = CARTESIAN_POINT('',(4.5,-62.,13.26));
#9345 = DIRECTION('',(0.,0.,1.));
#9346 = DIRECTION('',(1.,0.,-0.));
#9347 = DEFINITIONAL_REPRESENTATION('',(#9348),#9351);
#9348 = B_SPLINE_CURVE_WITH_KNOTS('',1,(#9349,#9350),.UNSPECIFIED.,.F.,
  .F.,(2,2),(4.1,7.7),.PIECEWISE_BEZIER_KNOTS.);
#9349 = CARTESIAN_POINT('',(8.2,9.4));
#9350 = CARTESIAN_POINT('',(11.8,9.4));
#9351 = ( GEOMETRIC_REPRESENTATION_CONTEXT(2) 
PARAMETRIC_REPRESENTATION_CONTEXT() REPRESENTATION_CONTEXT('2D SPACE',''
  ) );
#9352 = ORIENTED_EDGE('',*,*,#9353,.T.);
#9353 = EDGE_CURVE('',#9328,#7508,#9354,.T.);
#9354 = SURFACE_CURVE('',#9355,(#9359,#9366),.PCURVE_S1.);
#9355 = LINE('',#9356,#9357);
#9356 = CARTESIAN_POINT('',(12.7,-52.6,12.52));
#9357 = VECTOR('',#9358,1.);
#9358 = DIRECTION('',(0.,0.,1.));
#9359 = PCURVE('',#7522,#9360);
#9360 = DEFINITIONAL_REPRESENTATION('',(#9361),#9365);
#9361 = LINE('',#9362,#9363);
#9362 = CARTESIAN_POINT('',(0.,0.));
#9363 = VECTOR('',#9364,1.);
#9364 = DIRECTION('',(1.,0.));
#9365 = ( GEOMETRIC_REPRESENTATION_CONTEXT(2) 
PARAMETRIC_REPRESENTATION_CONTEXT() REPRESENTATION_CONTEXT('2D SPACE',''
  ) );
#9366 = PCURVE('',#7548,#9367);
#9367 = DEFINITIONAL_REPRESENTATION('',(#9368),#9372);
#9368 = LINE('',#9369,#9370);
#9369 = CARTESIAN_POINT('',(0.,0.));
#9370 = VECTOR('',#9371,1.);
#9371 = DIRECTION('',(1.,0.));
#9372 = ( GEOMETRIC_REPRESENTATION_CONTEXT(2) 
PARAMETRIC_REPRESENTATION_CONTEXT() REPRESENTATION_CONTEXT('2D SPACE',''
  ) );
#9373 = ORIENTED_EDGE('',*,*,#7505,.F.);
#9374 = ADVANCED_FACE('',(#9375),#7598,.F.);
#9375 = FACE_BOUND('',#9376,.F.);
#9376 = EDGE_LOOP('',(#9377,#9378,#9399,#9420));
#9377 = ORIENTED_EDGE('',*,*,#9304,.F.);
#9378 = ORIENTED_EDGE('',*,*,#9379,.F.);
#9379 = EDGE_CURVE('',#9380,#9305,#9382,.T.);
#9380 = VERTEX_POINT('',#9381);
#9381 = CARTESIAN_POINT('',(16.3,-51.4,13.26));
#9382 = SURFACE_CURVE('',#9383,(#9387,#9393),.PCURVE_S1.);
#9383 = LINE('',#9384,#9385);
#9384 = CARTESIAN_POINT('',(16.3,-57.3,13.26));
#9385 = VECTOR('',#9386,1.);
#9386 = DIRECTION('',(0.,-1.,0.));
#9387 = PCURVE('',#7598,#9388);
#9388 = DEFINITIONAL_REPRESENTATION('',(#9389),#9392);
#9389 = B_SPLINE_CURVE_WITH_KNOTS('',1,(#9390,#9391),.UNSPECIFIED.,.F.,
  .F.,(2,2),(-5.9,-4.7),.PIECEWISE_BEZIER_KNOTS.);
#9390 = CARTESIAN_POINT('',(0.74,-1.2));
#9391 = CARTESIAN_POINT('',(0.74,0.));
#9392 = ( GEOMETRIC_REPRESENTATION_CONTEXT(2) 
PARAMETRIC_REPRESENTATION_CONTEXT() REPRESENTATION_CONTEXT('2D SPACE',''
  ) );
#9393 = PCURVE('',#9342,#9394);
#9394 = DEFINITIONAL_REPRESENTATION('',(#9395),#9398);
#9395 = B_SPLINE_CURVE_WITH_KNOTS('',1,(#9396,#9397),.UNSPECIFIED.,.F.,
  .F.,(2,2),(-5.9,-4.7),.PIECEWISE_BEZIER_KNOTS.);
#9396 = CARTESIAN_POINT('',(11.8,10.6));
#9397 = CARTESIAN_POINT('',(11.8,9.4));
#9398 = ( GEOMETRIC_REPRESENTATION_CONTEXT(2) 
PARAMETRIC_REPRESENTATION_CONTEXT() REPRESENTATION_CONTEXT('2D SPACE',''
  ) );
#9399 = ORIENTED_EDGE('',*,*,#9400,.T.);
#9400 = EDGE_CURVE('',#9380,#7560,#9401,.T.);
#9401 = SURFACE_CURVE('',#9402,(#9406,#9413),.PCURVE_S1.);
#9402 = LINE('',#9403,#9404);
#9403 = CARTESIAN_POINT('',(16.3,-51.4,12.52));
#9404 = VECTOR('',#9405,1.);
#9405 = DIRECTION('',(0.,0.,1.));
#9406 = PCURVE('',#7598,#9407);
#9407 = DEFINITIONAL_REPRESENTATION('',(#9408),#9412);
#9408 = LINE('',#9409,#9410);
#9409 = CARTESIAN_POINT('',(0.,-1.2));
#9410 = VECTOR('',#9411,1.);
#9411 = DIRECTION('',(1.,0.));
#9412 = ( GEOMETRIC_REPRESENTATION_CONTEXT(2) 
PARAMETRIC_REPRESENTATION_CONTEXT() REPRESENTATION_CONTEXT('2D SPACE',''
  ) );
#9413 = PCURVE('',#7574,#9414);
#9414 = DEFINITIONAL_REPRESENTATION('',(#9415),#9419);
#9415 = LINE('',#9416,#9417);
#9416 = CARTESIAN_POINT('',(0.,3.6));
#9417 = VECTOR('',#9418,1.);
#9418 = DIRECTION('',(1.,0.));
#9419 = ( GEOMETRIC_REPRESENTATION_CONTEXT(2) 
PARAMETRIC_REPRESENTATION_CONTEXT() REPRESENTATION_CONTEXT('2D SPACE',''
  ) );
#9420 = ORIENTED_EDGE('',*,*,#7585,.F.);
#9421 = ADVANCED_FACE('',(#9422),#7574,.F.);
#9422 = FACE_BOUND('',#9423,.F.);
#9423 = EDGE_LOOP('',(#9424,#9425,#9446,#9467));
#9424 = ORIENTED_EDGE('',*,*,#9400,.F.);
#9425 = ORIENTED_EDGE('',*,*,#9426,.F.);
#9426 = EDGE_CURVE('',#9427,#9380,#9429,.T.);
#9427 = VERTEX_POINT('',#9428);
#9428 = CARTESIAN_POINT('',(12.7,-51.4,13.26));
#9429 = SURFACE_CURVE('',#9430,(#9434,#9440),.PCURVE_S1.);
#9430 = LINE('',#9431,#9432);
#9431 = CARTESIAN_POINT('',(8.6,-51.4,13.26));
#9432 = VECTOR('',#9433,1.);
#9433 = DIRECTION('',(1.,0.,-0.));
#9434 = PCURVE('',#7574,#9435);
#9435 = DEFINITIONAL_REPRESENTATION('',(#9436),#9439);
#9436 = B_SPLINE_CURVE_WITH_KNOTS('',1,(#9437,#9438),.UNSPECIFIED.,.F.,
  .F.,(2,2),(4.1,7.7),.PIECEWISE_BEZIER_KNOTS.);
#9437 = CARTESIAN_POINT('',(0.74,0.));
#9438 = CARTESIAN_POINT('',(0.74,3.6));
#9439 = ( GEOMETRIC_REPRESENTATION_CONTEXT(2) 
PARAMETRIC_REPRESENTATION_CONTEXT() REPRESENTATION_CONTEXT('2D SPACE',''
  ) );
#9440 = PCURVE('',#9342,#9441);
#9441 = DEFINITIONAL_REPRESENTATION('',(#9442),#9445);
#9442 = B_SPLINE_CURVE_WITH_KNOTS('',1,(#9443,#9444),.UNSPECIFIED.,.F.,
  .F.,(2,2),(4.1,7.7),.PIECEWISE_BEZIER_KNOTS.);
#9443 = CARTESIAN_POINT('',(8.2,10.6));
#9444 = CARTESIAN_POINT('',(11.8,10.6));
#9445 = ( GEOMETRIC_REPRESENTATION_CONTEXT(2) 
PARAMETRIC_REPRESENTATION_CONTEXT() REPRESENTATION_CONTEXT('2D SPACE',''
  ) );
#9446 = ORIENTED_EDGE('',*,*,#9447,.T.);
#9447 = EDGE_CURVE('',#9427,#7534,#9448,.T.);
#9448 = SURFACE_CURVE('',#9449,(#9453,#9460),.PCURVE_S1.);
#9449 = LINE('',#9450,#9451);
#9450 = CARTESIAN_POINT('',(12.7,-51.4,12.52));
#9451 = VECTOR('',#9452,1.);
#9452 = DIRECTION('',(0.,0.,1.));
#9453 = PCURVE('',#7574,#9454);
#9454 = DEFINITIONAL_REPRESENTATION('',(#9455),#9459);
#9455 = LINE('',#9456,#9457);
#9456 = CARTESIAN_POINT('',(0.,0.));
#9457 = VECTOR('',#9458,1.);
#9458 = DIRECTION('',(1.,0.));
#9459 = ( GEOMETRIC_REPRESENTATION_CONTEXT(2) 
PARAMETRIC_REPRESENTATION_CONTEXT() REPRESENTATION_CONTEXT('2D SPACE',''
  ) );
#9460 = PCURVE('',#7548,#9461);
#9461 = DEFINITIONAL_REPRESENTATION('',(#9462),#9466);
#9462 = LINE('',#9463,#9464);
#9463 = CARTESIAN_POINT('',(0.,-1.2));
#9464 = VECTOR('',#9465,1.);
#9465 = DIRECTION('',(1.,0.));
#9466 = ( GEOMETRIC_REPRESENTATION_CONTEXT(2) 
PARAMETRIC_REPRESENTATION_CONTEXT() REPRESENTATION_CONTEXT('2D SPACE',''
  ) );
#9467 = ORIENTED_EDGE('',*,*,#7559,.F.);
#9468 = ADVANCED_FACE('',(#9469),#7548,.T.);
#9469 = FACE_BOUND('',#9470,.T.);
#9470 = EDGE_LOOP('',(#9471,#9472,#9491,#9492));
#9471 = ORIENTED_EDGE('',*,*,#9353,.F.);
#9472 = ORIENTED_EDGE('',*,*,#9473,.F.);
#9473 = EDGE_CURVE('',#9427,#9328,#9474,.T.);
#9474 = SURFACE_CURVE('',#9475,(#9479,#9485),.PCURVE_S1.);
#9475 = LINE('',#9476,#9477);
#9476 = CARTESIAN_POINT('',(12.7,-57.3,13.26));
#9477 = VECTOR('',#9478,1.);
#9478 = DIRECTION('',(0.,-1.,0.));
#9479 = PCURVE('',#7548,#9480);
#9480 = DEFINITIONAL_REPRESENTATION('',(#9481),#9484);
#9481 = B_SPLINE_CURVE_WITH_KNOTS('',1,(#9482,#9483),.UNSPECIFIED.,.F.,
  .F.,(2,2),(-5.9,-4.7),.PIECEWISE_BEZIER_KNOTS.);
#9482 = CARTESIAN_POINT('',(0.74,-1.2));
#9483 = CARTESIAN_POINT('',(0.74,0.));
#9484 = ( GEOMETRIC_REPRESENTATION_CONTEXT(2) 
PARAMETRIC_REPRESENTATION_CONTEXT() REPRESENTATION_CONTEXT('2D SPACE',''
  ) );
#9485 = PCURVE('',#9342,#9486);
#9486 = DEFINITIONAL_REPRESENTATION('',(#9487),#9490);
#9487 = B_SPLINE_CURVE_WITH_KNOTS('',1,(#9488,#9489),.UNSPECIFIED.,.F.,
  .F.,(2,2),(-5.9,-4.7),.PIECEWISE_BEZIER_KNOTS.);
#9488 = CARTESIAN_POINT('',(8.2,10.6));
#9489 = CARTESIAN_POINT('',(8.2,9.4));
#9490 = ( GEOMETRIC_REPRESENTATION_CONTEXT(2) 
PARAMETRIC_REPRESENTATION_CONTEXT() REPRESENTATION_CONTEXT('2D SPACE',''
  ) );
#9491 = ORIENTED_EDGE('',*,*,#9447,.T.);
#9492 = ORIENTED_EDGE('',*,*,#7533,.F.);
#9493 = ADVANCED_FACE('',(#9494),#7632,.T.);
#9494 = FACE_BOUND('',#9495,.T.);
#9495 = EDGE_LOOP('',(#9496,#9524,#9545,#9546));
#9496 = ORIENTED_EDGE('',*,*,#9497,.F.);
#9497 = EDGE_CURVE('',#9498,#9500,#9502,.T.);
#9498 = VERTEX_POINT('',#9499);
#9499 = CARTESIAN_POINT('',(25.7,-52.6,13.26));
#9500 = VERTEX_POINT('',#9501);
#9501 = CARTESIAN_POINT('',(26.9,-52.6,13.26));
#9502 = SURFACE_CURVE('',#9503,(#9507,#9513),.PCURVE_S1.);
#9503 = LINE('',#9504,#9505);
#9504 = CARTESIAN_POINT('',(21.6,-52.6,13.26));
#9505 = VECTOR('',#9506,1.);
#9506 = DIRECTION('',(1.,0.,-0.));
#9507 = PCURVE('',#7632,#9508);
#9508 = DEFINITIONAL_REPRESENTATION('',(#9509),#9512);
#9509 = B_SPLINE_CURVE_WITH_KNOTS('',1,(#9510,#9511),.UNSPECIFIED.,.F.,
  .F.,(2,2),(4.1,5.3),.PIECEWISE_BEZIER_KNOTS.);
#9510 = CARTESIAN_POINT('',(0.74,0.));
#9511 = CARTESIAN_POINT('',(0.74,1.2));
#9512 = ( GEOMETRIC_REPRESENTATION_CONTEXT(2) 
PARAMETRIC_REPRESENTATION_CONTEXT() REPRESENTATION_CONTEXT('2D SPACE',''
  ) );
#9513 = PCURVE('',#9514,#9519);
#9514 = PLANE('',#9515);
#9515 = AXIS2_PLACEMENT_3D('',#9516,#9517,#9518);
#9516 = CARTESIAN_POINT('',(17.5,-62.,13.26));
#9517 = DIRECTION('',(0.,0.,1.));
#9518 = DIRECTION('',(1.,0.,-0.));
#9519 = DEFINITIONAL_REPRESENTATION('',(#9520),#9523);
#9520 = B_SPLINE_CURVE_WITH_KNOTS('',1,(#9521,#9522),.UNSPECIFIED.,.F.,
  .F.,(2,2),(4.1,5.3),.PIECEWISE_BEZIER_KNOTS.);
#9521 = CARTESIAN_POINT('',(8.2,9.4));
#9522 = CARTESIAN_POINT('',(9.4,9.4));
#9523 = ( GEOMETRIC_REPRESENTATION_CONTEXT(2) 
PARAMETRIC_REPRESENTATION_CONTEXT() REPRESENTATION_CONTEXT('2D SPACE',''
  ) );
#9524 = ORIENTED_EDGE('',*,*,#9525,.T.);
#9525 = EDGE_CURVE('',#9498,#7618,#9526,.T.);
#9526 = SURFACE_CURVE('',#9527,(#9531,#9538),.PCURVE_S1.);
#9527 = LINE('',#9528,#9529);
#9528 = CARTESIAN_POINT('',(25.7,-52.6,12.52));
#9529 = VECTOR('',#9530,1.);
#9530 = DIRECTION('',(0.,0.,1.));
#9531 = PCURVE('',#7632,#9532);
#9532 = DEFINITIONAL_REPRESENTATION('',(#9533),#9537);
#9533 = LINE('',#9534,#9535);
#9534 = CARTESIAN_POINT('',(0.,0.));
#9535 = VECTOR('',#9536,1.);
#9536 = DIRECTION('',(1.,0.));
#9537 = ( GEOMETRIC_REPRESENTATION_CONTEXT(2) 
PARAMETRIC_REPRESENTATION_CONTEXT() REPRESENTATION_CONTEXT('2D SPACE',''
  ) );
#9538 = PCURVE('',#7658,#9539);
#9539 = DEFINITIONAL_REPRESENTATION('',(#9540),#9544);
#9540 = LINE('',#9541,#9542);
#9541 = CARTESIAN_POINT('',(0.,0.));
#9542 = VECTOR('',#9543,1.);
#9543 = DIRECTION('',(1.,0.));
#9544 = ( GEOMETRIC_REPRESENTATION_CONTEXT(2) 
PARAMETRIC_REPRESENTATION_CONTEXT() REPRESENTATION_CONTEXT('2D SPACE',''
  ) );
#9545 = ORIENTED_EDGE('',*,*,#7615,.F.);
#9546 = ORIENTED_EDGE('',*,*,#9547,.T.);
#9547 = EDGE_CURVE('',#7616,#9500,#9548,.T.);
#9548 = SURFACE_CURVE('',#9549,(#9553,#9559),.PCURVE_S1.);
#9549 = LINE('',#9550,#9551);
#9550 = CARTESIAN_POINT('',(26.9,-52.6,12.52));
#9551 = VECTOR('',#9552,1.);
#9552 = DIRECTION('',(-0.,0.,-1.));
#9553 = PCURVE('',#7632,#9554);
#9554 = DEFINITIONAL_REPRESENTATION('',(#9555),#9558);
#9555 = B_SPLINE_CURVE_WITH_KNOTS('',1,(#9556,#9557),.UNSPECIFIED.,.F.,
  .F.,(2,2),(-1.,0.),.PIECEWISE_BEZIER_KNOTS.);
#9556 = CARTESIAN_POINT('',(1.,1.2));
#9557 = CARTESIAN_POINT('',(0.,1.2));
#9558 = ( GEOMETRIC_REPRESENTATION_CONTEXT(2) 
PARAMETRIC_REPRESENTATION_CONTEXT() REPRESENTATION_CONTEXT('2D SPACE',''
  ) );
#9559 = PCURVE('',#7916,#9560);
#9560 = DEFINITIONAL_REPRESENTATION('',(#9561),#9564);
#9561 = B_SPLINE_CURVE_WITH_KNOTS('',1,(#9562,#9563),.UNSPECIFIED.,.F.,
  .F.,(2,2),(-1.,0.),.PIECEWISE_BEZIER_KNOTS.);
#9562 = CARTESIAN_POINT('',(1.,-1.2));
#9563 = CARTESIAN_POINT('',(0.,-1.2));
#9564 = ( GEOMETRIC_REPRESENTATION_CONTEXT(2) 
PARAMETRIC_REPRESENTATION_CONTEXT() REPRESENTATION_CONTEXT('2D SPACE',''
  ) );
#9565 = ADVANCED_FACE('',(#9566),#7916,.T.);
#9566 = FACE_BOUND('',#9567,.T.);
#9567 = EDGE_LOOP('',(#9568,#9569,#9592,#9611));
#9568 = ORIENTED_EDGE('',*,*,#7903,.F.);
#9569 = ORIENTED_EDGE('',*,*,#9570,.F.);
#9570 = EDGE_CURVE('',#9571,#7878,#9573,.T.);
#9571 = VERTEX_POINT('',#9572);
#9572 = CARTESIAN_POINT('',(26.9,-53.8,13.26));
#9573 = SURFACE_CURVE('',#9574,(#9578,#9585),.PCURVE_S1.);
#9574 = LINE('',#9575,#9576);
#9575 = CARTESIAN_POINT('',(26.9,-53.8,12.52));
#9576 = VECTOR('',#9577,1.);
#9577 = DIRECTION('',(0.,0.,1.));
#9578 = PCURVE('',#7916,#9579);
#9579 = DEFINITIONAL_REPRESENTATION('',(#9580),#9584);
#9580 = LINE('',#9581,#9582);
#9581 = CARTESIAN_POINT('',(0.,0.));
#9582 = VECTOR('',#9583,1.);
#9583 = DIRECTION('',(1.,0.));
#9584 = ( GEOMETRIC_REPRESENTATION_CONTEXT(2) 
PARAMETRIC_REPRESENTATION_CONTEXT() REPRESENTATION_CONTEXT('2D SPACE',''
  ) );
#9585 = PCURVE('',#7892,#9586);
#9586 = DEFINITIONAL_REPRESENTATION('',(#9587),#9591);
#9587 = LINE('',#9588,#9589);
#9588 = CARTESIAN_POINT('',(0.,0.));
#9589 = VECTOR('',#9590,1.);
#9590 = DIRECTION('',(1.,0.));
#9591 = ( GEOMETRIC_REPRESENTATION_CONTEXT(2) 
PARAMETRIC_REPRESENTATION_CONTEXT() REPRESENTATION_CONTEXT('2D SPACE',''
  ) );
#9592 = ORIENTED_EDGE('',*,*,#9593,.F.);
#9593 = EDGE_CURVE('',#9500,#9571,#9594,.T.);
#9594 = SURFACE_CURVE('',#9595,(#9599,#9605),.PCURVE_S1.);
#9595 = LINE('',#9596,#9597);
#9596 = CARTESIAN_POINT('',(26.9,-57.9,13.26));
#9597 = VECTOR('',#9598,1.);
#9598 = DIRECTION('',(0.,-1.,0.));
#9599 = PCURVE('',#7916,#9600);
#9600 = DEFINITIONAL_REPRESENTATION('',(#9601),#9604);
#9601 = B_SPLINE_CURVE_WITH_KNOTS('',1,(#9602,#9603),.UNSPECIFIED.,.F.,
  .F.,(2,2),(-5.3,-4.1),.PIECEWISE_BEZIER_KNOTS.);
#9602 = CARTESIAN_POINT('',(0.74,-1.2));
#9603 = CARTESIAN_POINT('',(0.74,0.));
#9604 = ( GEOMETRIC_REPRESENTATION_CONTEXT(2) 
PARAMETRIC_REPRESENTATION_CONTEXT() REPRESENTATION_CONTEXT('2D SPACE',''
  ) );
#9605 = PCURVE('',#9514,#9606);
#9606 = DEFINITIONAL_REPRESENTATION('',(#9607),#9610);
#9607 = B_SPLINE_CURVE_WITH_KNOTS('',1,(#9608,#9609),.UNSPECIFIED.,.F.,
  .F.,(2,2),(-5.3,-4.1),.PIECEWISE_BEZIER_KNOTS.);
#9608 = CARTESIAN_POINT('',(9.4,9.4));
#9609 = CARTESIAN_POINT('',(9.4,8.2));
#9610 = ( GEOMETRIC_REPRESENTATION_CONTEXT(2) 
PARAMETRIC_REPRESENTATION_CONTEXT() REPRESENTATION_CONTEXT('2D SPACE',''
  ) );
#9611 = ORIENTED_EDGE('',*,*,#9547,.F.);
#9612 = ADVANCED_FACE('',(#9613),#7892,.T.);
#9613 = FACE_BOUND('',#9614,.T.);
#9614 = EDGE_LOOP('',(#9615,#9638,#9657,#9658));
#9615 = ORIENTED_EDGE('',*,*,#9616,.F.);
#9616 = EDGE_CURVE('',#9617,#7852,#9619,.T.);
#9617 = VERTEX_POINT('',#9618);
#9618 = CARTESIAN_POINT('',(28.1,-53.8,13.26));
#9619 = SURFACE_CURVE('',#9620,(#9624,#9631),.PCURVE_S1.);
#9620 = LINE('',#9621,#9622);
#9621 = CARTESIAN_POINT('',(28.1,-53.8,12.52));
#9622 = VECTOR('',#9623,1.);
#9623 = DIRECTION('',(0.,0.,1.));
#9624 = PCURVE('',#7892,#9625);
#9625 = DEFINITIONAL_REPRESENTATION('',(#9626),#9630);
#9626 = LINE('',#9627,#9628);
#9627 = CARTESIAN_POINT('',(0.,1.2));
#9628 = VECTOR('',#9629,1.);
#9629 = DIRECTION('',(1.,0.));
#9630 = ( GEOMETRIC_REPRESENTATION_CONTEXT(2) 
PARAMETRIC_REPRESENTATION_CONTEXT() REPRESENTATION_CONTEXT('2D SPACE',''
  ) );
#9631 = PCURVE('',#7866,#9632);
#9632 = DEFINITIONAL_REPRESENTATION('',(#9633),#9637);
#9633 = LINE('',#9634,#9635);
#9634 = CARTESIAN_POINT('',(0.,0.));
#9635 = VECTOR('',#9636,1.);
#9636 = DIRECTION('',(1.,0.));
#9637 = ( GEOMETRIC_REPRESENTATION_CONTEXT(2) 
PARAMETRIC_REPRESENTATION_CONTEXT() REPRESENTATION_CONTEXT('2D SPACE',''
  ) );
#9638 = ORIENTED_EDGE('',*,*,#9639,.F.);
#9639 = EDGE_CURVE('',#9571,#9617,#9640,.T.);
#9640 = SURFACE_CURVE('',#9641,(#9645,#9651),.PCURVE_S1.);
#9641 = LINE('',#9642,#9643);
#9642 = CARTESIAN_POINT('',(22.2,-53.8,13.26));
#9643 = VECTOR('',#9644,1.);
#9644 = DIRECTION('',(1.,0.,-0.));
#9645 = PCURVE('',#7892,#9646);
#9646 = DEFINITIONAL_REPRESENTATION('',(#9647),#9650);
#9647 = B_SPLINE_CURVE_WITH_KNOTS('',1,(#9648,#9649),.UNSPECIFIED.,.F.,
  .F.,(2,2),(4.7,5.9),.PIECEWISE_BEZIER_KNOTS.);
#9648 = CARTESIAN_POINT('',(0.74,0.));
#9649 = CARTESIAN_POINT('',(0.74,1.2));
#9650 = ( GEOMETRIC_REPRESENTATION_CONTEXT(2) 
PARAMETRIC_REPRESENTATION_CONTEXT() REPRESENTATION_CONTEXT('2D SPACE',''
  ) );
#9651 = PCURVE('',#9514,#9652);
#9652 = DEFINITIONAL_REPRESENTATION('',(#9653),#9656);
#9653 = B_SPLINE_CURVE_WITH_KNOTS('',1,(#9654,#9655),.UNSPECIFIED.,.F.,
  .F.,(2,2),(4.7,5.9),.PIECEWISE_BEZIER_KNOTS.);
#9654 = CARTESIAN_POINT('',(9.4,8.2));
#9655 = CARTESIAN_POINT('',(10.6,8.2));
#9656 = ( GEOMETRIC_REPRESENTATION_CONTEXT(2) 
PARAMETRIC_REPRESENTATION_CONTEXT() REPRESENTATION_CONTEXT('2D SPACE',''
  ) );
#9657 = ORIENTED_EDGE('',*,*,#9570,.T.);
#9658 = ORIENTED_EDGE('',*,*,#7877,.F.);
#9659 = ADVANCED_FACE('',(#9660),#7866,.F.);
#9660 = FACE_BOUND('',#9661,.F.);
#9661 = EDGE_LOOP('',(#9662,#9663,#9664,#9685));
#9662 = ORIENTED_EDGE('',*,*,#7851,.F.);
#9663 = ORIENTED_EDGE('',*,*,#9616,.F.);
#9664 = ORIENTED_EDGE('',*,*,#9665,.F.);
#9665 = EDGE_CURVE('',#9666,#9617,#9668,.T.);
#9666 = VERTEX_POINT('',#9667);
#9667 = CARTESIAN_POINT('',(28.1,-52.6,13.26));
#9668 = SURFACE_CURVE('',#9669,(#9673,#9679),.PCURVE_S1.);
#9669 = LINE('',#9670,#9671);
#9670 = CARTESIAN_POINT('',(28.1,-57.9,13.26));
#9671 = VECTOR('',#9672,1.);
#9672 = DIRECTION('',(0.,-1.,0.));
#9673 = PCURVE('',#7866,#9674);
#9674 = DEFINITIONAL_REPRESENTATION('',(#9675),#9678);
#9675 = B_SPLINE_CURVE_WITH_KNOTS('',1,(#9676,#9677),.UNSPECIFIED.,.F.,
  .F.,(2,2),(-5.3,-4.1),.PIECEWISE_BEZIER_KNOTS.);
#9676 = CARTESIAN_POINT('',(0.74,-1.2));
#9677 = CARTESIAN_POINT('',(0.74,0.));
#9678 = ( GEOMETRIC_REPRESENTATION_CONTEXT(2) 
PARAMETRIC_REPRESENTATION_CONTEXT() REPRESENTATION_CONTEXT('2D SPACE',''
  ) );
#9679 = PCURVE('',#9514,#9680);
#9680 = DEFINITIONAL_REPRESENTATION('',(#9681),#9684);
#9681 = B_SPLINE_CURVE_WITH_KNOTS('',1,(#9682,#9683),.UNSPECIFIED.,.F.,
  .F.,(2,2),(-5.3,-4.1),.PIECEWISE_BEZIER_KNOTS.);
#9682 = CARTESIAN_POINT('',(10.6,9.4));
#9683 = CARTESIAN_POINT('',(10.6,8.2));
#9684 = ( GEOMETRIC_REPRESENTATION_CONTEXT(2) 
PARAMETRIC_REPRESENTATION_CONTEXT() REPRESENTATION_CONTEXT('2D SPACE',''
  ) );
#9685 = ORIENTED_EDGE('',*,*,#9686,.F.);
#9686 = EDGE_CURVE('',#7826,#9666,#9687,.T.);
#9687 = SURFACE_CURVE('',#9688,(#9692,#9698),.PCURVE_S1.);
#9688 = LINE('',#9689,#9690);
#9689 = CARTESIAN_POINT('',(28.1,-52.6,12.52));
#9690 = VECTOR('',#9691,1.);
#9691 = DIRECTION('',(-0.,0.,-1.));
#9692 = PCURVE('',#7866,#9693);
#9693 = DEFINITIONAL_REPRESENTATION('',(#9694),#9697);
#9694 = B_SPLINE_CURVE_WITH_KNOTS('',1,(#9695,#9696),.UNSPECIFIED.,.F.,
  .F.,(2,2),(-1.,0.),.PIECEWISE_BEZIER_KNOTS.);
#9695 = CARTESIAN_POINT('',(1.,-1.2));
#9696 = CARTESIAN_POINT('',(0.,-1.2));
#9697 = ( GEOMETRIC_REPRESENTATION_CONTEXT(2) 
PARAMETRIC_REPRESENTATION_CONTEXT() REPRESENTATION_CONTEXT('2D SPACE',''
  ) );
#9698 = PCURVE('',#7840,#9699);
#9699 = DEFINITIONAL_REPRESENTATION('',(#9700),#9703);
#9700 = B_SPLINE_CURVE_WITH_KNOTS('',1,(#9701,#9702),.UNSPECIFIED.,.F.,
  .F.,(2,2),(-1.,0.),.PIECEWISE_BEZIER_KNOTS.);
#9701 = CARTESIAN_POINT('',(1.,2.4));
#9702 = CARTESIAN_POINT('',(0.,2.4));
#9703 = ( GEOMETRIC_REPRESENTATION_CONTEXT(2) 
PARAMETRIC_REPRESENTATION_CONTEXT() REPRESENTATION_CONTEXT('2D SPACE',''
  ) );
#9704 = ADVANCED_FACE('',(#9705),#7840,.T.);
#9705 = FACE_BOUND('',#9706,.T.);
#9706 = EDGE_LOOP('',(#9707,#9728,#9729,#9730));
#9707 = ORIENTED_EDGE('',*,*,#9708,.F.);
#9708 = EDGE_CURVE('',#9666,#9709,#9711,.T.);
#9709 = VERTEX_POINT('',#9710);
#9710 = CARTESIAN_POINT('',(29.3,-52.6,13.26));
#9711 = SURFACE_CURVE('',#9712,(#9716,#9722),.PCURVE_S1.);
#9712 = LINE('',#9713,#9714);
#9713 = CARTESIAN_POINT('',(21.6,-52.6,13.26));
#9714 = VECTOR('',#9715,1.);
#9715 = DIRECTION('',(1.,0.,-0.));
#9716 = PCURVE('',#7840,#9717);
#9717 = DEFINITIONAL_REPRESENTATION('',(#9718),#9721);
#9718 = B_SPLINE_CURVE_WITH_KNOTS('',1,(#9719,#9720),.UNSPECIFIED.,.F.,
  .F.,(2,2),(6.5,7.7),.PIECEWISE_BEZIER_KNOTS.);
#9719 = CARTESIAN_POINT('',(0.74,2.4));
#9720 = CARTESIAN_POINT('',(0.74,3.6));
#9721 = ( GEOMETRIC_REPRESENTATION_CONTEXT(2) 
PARAMETRIC_REPRESENTATION_CONTEXT() REPRESENTATION_CONTEXT('2D SPACE',''
  ) );
#9722 = PCURVE('',#9514,#9723);
#9723 = DEFINITIONAL_REPRESENTATION('',(#9724),#9727);
#9724 = B_SPLINE_CURVE_WITH_KNOTS('',1,(#9725,#9726),.UNSPECIFIED.,.F.,
  .F.,(2,2),(6.5,7.7),.PIECEWISE_BEZIER_KNOTS.);
#9725 = CARTESIAN_POINT('',(10.6,9.4));
#9726 = CARTESIAN_POINT('',(11.8,9.4));
#9727 = ( GEOMETRIC_REPRESENTATION_CONTEXT(2) 
PARAMETRIC_REPRESENTATION_CONTEXT() REPRESENTATION_CONTEXT('2D SPACE',''
  ) );
#9728 = ORIENTED_EDGE('',*,*,#9686,.F.);
#9729 = ORIENTED_EDGE('',*,*,#7825,.F.);
#9730 = ORIENTED_EDGE('',*,*,#9731,.F.);
#9731 = EDGE_CURVE('',#9709,#7800,#9732,.T.);
#9732 = SURFACE_CURVE('',#9733,(#9737,#9744),.PCURVE_S1.);
#9733 = LINE('',#9734,#9735);
#9734 = CARTESIAN_POINT('',(29.3,-52.6,12.52));
#9735 = VECTOR('',#9736,1.);
#9736 = DIRECTION('',(0.,0.,1.));
#9737 = PCURVE('',#7840,#9738);
#9738 = DEFINITIONAL_REPRESENTATION('',(#9739),#9743);
#9739 = LINE('',#9740,#9741);
#9740 = CARTESIAN_POINT('',(0.,3.6));
#9741 = VECTOR('',#9742,1.);
#9742 = DIRECTION('',(1.,0.));
#9743 = ( GEOMETRIC_REPRESENTATION_CONTEXT(2) 
PARAMETRIC_REPRESENTATION_CONTEXT() REPRESENTATION_CONTEXT('2D SPACE',''
  ) );
#9744 = PCURVE('',#7814,#9745);
#9745 = DEFINITIONAL_REPRESENTATION('',(#9746),#9750);
#9746 = LINE('',#9747,#9748);
#9747 = CARTESIAN_POINT('',(0.,0.));
#9748 = VECTOR('',#9749,1.);
#9749 = DIRECTION('',(1.,0.));
#9750 = ( GEOMETRIC_REPRESENTATION_CONTEXT(2) 
PARAMETRIC_REPRESENTATION_CONTEXT() REPRESENTATION_CONTEXT('2D SPACE',''
  ) );
#9751 = ADVANCED_FACE('',(#9752),#7814,.F.);
#9752 = FACE_BOUND('',#9753,.F.);
#9753 = EDGE_LOOP('',(#9754,#9755,#9776,#9797));
#9754 = ORIENTED_EDGE('',*,*,#9731,.F.);
#9755 = ORIENTED_EDGE('',*,*,#9756,.F.);
#9756 = EDGE_CURVE('',#9757,#9709,#9759,.T.);
#9757 = VERTEX_POINT('',#9758);
#9758 = CARTESIAN_POINT('',(29.3,-51.4,13.26));
#9759 = SURFACE_CURVE('',#9760,(#9764,#9770),.PCURVE_S1.);
#9760 = LINE('',#9761,#9762);
#9761 = CARTESIAN_POINT('',(29.3,-57.3,13.26));
#9762 = VECTOR('',#9763,1.);
#9763 = DIRECTION('',(0.,-1.,0.));
#9764 = PCURVE('',#7814,#9765);
#9765 = DEFINITIONAL_REPRESENTATION('',(#9766),#9769);
#9766 = B_SPLINE_CURVE_WITH_KNOTS('',1,(#9767,#9768),.UNSPECIFIED.,.F.,
  .F.,(2,2),(-5.9,-4.7),.PIECEWISE_BEZIER_KNOTS.);
#9767 = CARTESIAN_POINT('',(0.74,-1.2));
#9768 = CARTESIAN_POINT('',(0.74,0.));
#9769 = ( GEOMETRIC_REPRESENTATION_CONTEXT(2) 
PARAMETRIC_REPRESENTATION_CONTEXT() REPRESENTATION_CONTEXT('2D SPACE',''
  ) );
#9770 = PCURVE('',#9514,#9771);
#9771 = DEFINITIONAL_REPRESENTATION('',(#9772),#9775);
#9772 = B_SPLINE_CURVE_WITH_KNOTS('',1,(#9773,#9774),.UNSPECIFIED.,.F.,
  .F.,(2,2),(-5.9,-4.7),.PIECEWISE_BEZIER_KNOTS.);
#9773 = CARTESIAN_POINT('',(11.8,10.6));
#9774 = CARTESIAN_POINT('',(11.8,9.4));
#9775 = ( GEOMETRIC_REPRESENTATION_CONTEXT(2) 
PARAMETRIC_REPRESENTATION_CONTEXT() REPRESENTATION_CONTEXT('2D SPACE',''
  ) );
#9776 = ORIENTED_EDGE('',*,*,#9777,.T.);
#9777 = EDGE_CURVE('',#9757,#7774,#9778,.T.);
#9778 = SURFACE_CURVE('',#9779,(#9783,#9790),.PCURVE_S1.);
#9779 = LINE('',#9780,#9781);
#9780 = CARTESIAN_POINT('',(29.3,-51.4,12.52));
#9781 = VECTOR('',#9782,1.);
#9782 = DIRECTION('',(0.,0.,1.));
#9783 = PCURVE('',#7814,#9784);
#9784 = DEFINITIONAL_REPRESENTATION('',(#9785),#9789);
#9785 = LINE('',#9786,#9787);
#9786 = CARTESIAN_POINT('',(0.,-1.2));
#9787 = VECTOR('',#9788,1.);
#9788 = DIRECTION('',(1.,0.));
#9789 = ( GEOMETRIC_REPRESENTATION_CONTEXT(2) 
PARAMETRIC_REPRESENTATION_CONTEXT() REPRESENTATION_CONTEXT('2D SPACE',''
  ) );
#9790 = PCURVE('',#7788,#9791);
#9791 = DEFINITIONAL_REPRESENTATION('',(#9792),#9796);
#9792 = LINE('',#9793,#9794);
#9793 = CARTESIAN_POINT('',(0.,3.6));
#9794 = VECTOR('',#9795,1.);
#9795 = DIRECTION('',(1.,0.));
#9796 = ( GEOMETRIC_REPRESENTATION_CONTEXT(2) 
PARAMETRIC_REPRESENTATION_CONTEXT() REPRESENTATION_CONTEXT('2D SPACE',''
  ) );
#9797 = ORIENTED_EDGE('',*,*,#7799,.F.);
#9798 = ADVANCED_FACE('',(#9799),#7788,.F.);
#9799 = FACE_BOUND('',#9800,.F.);
#9800 = EDGE_LOOP('',(#9801,#9822,#9841,#9842));
#9801 = ORIENTED_EDGE('',*,*,#9802,.F.);
#9802 = EDGE_CURVE('',#9803,#9757,#9805,.T.);
#9803 = VERTEX_POINT('',#9804);
#9804 = CARTESIAN_POINT('',(28.1,-51.4,13.26));
#9805 = SURFACE_CURVE('',#9806,(#9810,#9816),.PCURVE_S1.);
#9806 = LINE('',#9807,#9808);
#9807 = CARTESIAN_POINT('',(21.6,-51.4,13.26));
#9808 = VECTOR('',#9809,1.);
#9809 = DIRECTION('',(1.,0.,-0.));
#9810 = PCURVE('',#7788,#9811);
#9811 = DEFINITIONAL_REPRESENTATION('',(#9812),#9815);
#9812 = B_SPLINE_CURVE_WITH_KNOTS('',1,(#9813,#9814),.UNSPECIFIED.,.F.,
  .F.,(2,2),(6.5,7.7),.PIECEWISE_BEZIER_KNOTS.);
#9813 = CARTESIAN_POINT('',(0.74,2.4));
#9814 = CARTESIAN_POINT('',(0.74,3.6));
#9815 = ( GEOMETRIC_REPRESENTATION_CONTEXT(2) 
PARAMETRIC_REPRESENTATION_CONTEXT() REPRESENTATION_CONTEXT('2D SPACE',''
  ) );
#9816 = PCURVE('',#9514,#9817);
#9817 = DEFINITIONAL_REPRESENTATION('',(#9818),#9821);
#9818 = B_SPLINE_CURVE_WITH_KNOTS('',1,(#9819,#9820),.UNSPECIFIED.,.F.,
  .F.,(2,2),(6.5,7.7),.PIECEWISE_BEZIER_KNOTS.);
#9819 = CARTESIAN_POINT('',(10.6,10.6));
#9820 = CARTESIAN_POINT('',(11.8,10.6));
#9821 = ( GEOMETRIC_REPRESENTATION_CONTEXT(2) 
PARAMETRIC_REPRESENTATION_CONTEXT() REPRESENTATION_CONTEXT('2D SPACE',''
  ) );
#9822 = ORIENTED_EDGE('',*,*,#9823,.F.);
#9823 = EDGE_CURVE('',#7748,#9803,#9824,.T.);
#9824 = SURFACE_CURVE('',#9825,(#9829,#9835),.PCURVE_S1.);
#9825 = LINE('',#9826,#9827);
#9826 = CARTESIAN_POINT('',(28.1,-51.4,12.52));
#9827 = VECTOR('',#9828,1.);
#9828 = DIRECTION('',(-0.,0.,-1.));
#9829 = PCURVE('',#7788,#9830);
#9830 = DEFINITIONAL_REPRESENTATION('',(#9831),#9834);
#9831 = B_SPLINE_CURVE_WITH_KNOTS('',1,(#9832,#9833),.UNSPECIFIED.,.F.,
  .F.,(2,2),(-1.,0.),.PIECEWISE_BEZIER_KNOTS.);
#9832 = CARTESIAN_POINT('',(1.,2.4));
#9833 = CARTESIAN_POINT('',(0.,2.4));
#9834 = ( GEOMETRIC_REPRESENTATION_CONTEXT(2) 
PARAMETRIC_REPRESENTATION_CONTEXT() REPRESENTATION_CONTEXT('2D SPACE',''
  ) );
#9835 = PCURVE('',#7762,#9836);
#9836 = DEFINITIONAL_REPRESENTATION('',(#9837),#9840);
#9837 = B_SPLINE_CURVE_WITH_KNOTS('',1,(#9838,#9839),.UNSPECIFIED.,.F.,
  .F.,(2,2),(-1.,0.),.PIECEWISE_BEZIER_KNOTS.);
#9838 = CARTESIAN_POINT('',(1.,-2.4));
#9839 = CARTESIAN_POINT('',(0.,-2.4));
#9840 = ( GEOMETRIC_REPRESENTATION_CONTEXT(2) 
PARAMETRIC_REPRESENTATION_CONTEXT() REPRESENTATION_CONTEXT('2D SPACE',''
  ) );
#9841 = ORIENTED_EDGE('',*,*,#7773,.F.);
#9842 = ORIENTED_EDGE('',*,*,#9777,.F.);
#9843 = ADVANCED_FACE('',(#9844),#7762,.F.);
#9844 = FACE_BOUND('',#9845,.F.);
#9845 = EDGE_LOOP('',(#9846,#9847,#9848,#9869));
#9846 = ORIENTED_EDGE('',*,*,#7747,.F.);
#9847 = ORIENTED_EDGE('',*,*,#9823,.T.);
#9848 = ORIENTED_EDGE('',*,*,#9849,.F.);
#9849 = EDGE_CURVE('',#9850,#9803,#9852,.T.);
#9850 = VERTEX_POINT('',#9851);
#9851 = CARTESIAN_POINT('',(28.1,-50.2,13.26));
#9852 = SURFACE_CURVE('',#9853,(#9857,#9863),.PCURVE_S1.);
#9853 = LINE('',#9854,#9855);
#9854 = CARTESIAN_POINT('',(28.1,-57.9,13.26));
#9855 = VECTOR('',#9856,1.);
#9856 = DIRECTION('',(0.,-1.,0.));
#9857 = PCURVE('',#7762,#9858);
#9858 = DEFINITIONAL_REPRESENTATION('',(#9859),#9862);
#9859 = B_SPLINE_CURVE_WITH_KNOTS('',1,(#9860,#9861),.UNSPECIFIED.,.F.,
  .F.,(2,2),(-7.7,-6.5),.PIECEWISE_BEZIER_KNOTS.);
#9860 = CARTESIAN_POINT('',(0.74,-3.6));
#9861 = CARTESIAN_POINT('',(0.74,-2.4));
#9862 = ( GEOMETRIC_REPRESENTATION_CONTEXT(2) 
PARAMETRIC_REPRESENTATION_CONTEXT() REPRESENTATION_CONTEXT('2D SPACE',''
  ) );
#9863 = PCURVE('',#9514,#9864);
#9864 = DEFINITIONAL_REPRESENTATION('',(#9865),#9868);
#9865 = B_SPLINE_CURVE_WITH_KNOTS('',1,(#9866,#9867),.UNSPECIFIED.,.F.,
  .F.,(2,2),(-7.7,-6.5),.PIECEWISE_BEZIER_KNOTS.);
#9866 = CARTESIAN_POINT('',(10.6,11.8));
#9867 = CARTESIAN_POINT('',(10.6,10.6));
#9868 = ( GEOMETRIC_REPRESENTATION_CONTEXT(2) 
PARAMETRIC_REPRESENTATION_CONTEXT() REPRESENTATION_CONTEXT('2D SPACE',''
  ) );
#9869 = ORIENTED_EDGE('',*,*,#9870,.T.);
#9870 = EDGE_CURVE('',#9850,#7722,#9871,.T.);
#9871 = SURFACE_CURVE('',#9872,(#9876,#9883),.PCURVE_S1.);
#9872 = LINE('',#9873,#9874);
#9873 = CARTESIAN_POINT('',(28.1,-50.2,12.52));
#9874 = VECTOR('',#9875,1.);
#9875 = DIRECTION('',(0.,0.,1.));
#9876 = PCURVE('',#7762,#9877);
#9877 = DEFINITIONAL_REPRESENTATION('',(#9878),#9882);
#9878 = LINE('',#9879,#9880);
#9879 = CARTESIAN_POINT('',(0.,-3.6));
#9880 = VECTOR('',#9881,1.);
#9881 = DIRECTION('',(1.,0.));
#9882 = ( GEOMETRIC_REPRESENTATION_CONTEXT(2) 
PARAMETRIC_REPRESENTATION_CONTEXT() REPRESENTATION_CONTEXT('2D SPACE',''
  ) );
#9883 = PCURVE('',#7736,#9884);
#9884 = DEFINITIONAL_REPRESENTATION('',(#9885),#9889);
#9885 = LINE('',#9886,#9887);
#9886 = CARTESIAN_POINT('',(0.,1.2));
#9887 = VECTOR('',#9888,1.);
#9888 = DIRECTION('',(1.,0.));
#9889 = ( GEOMETRIC_REPRESENTATION_CONTEXT(2) 
PARAMETRIC_REPRESENTATION_CONTEXT() REPRESENTATION_CONTEXT('2D SPACE',''
  ) );
#9890 = ADVANCED_FACE('',(#9891),#7736,.F.);
#9891 = FACE_BOUND('',#9892,.F.);
#9892 = EDGE_LOOP('',(#9893,#9894,#9915,#9936));
#9893 = ORIENTED_EDGE('',*,*,#9870,.F.);
#9894 = ORIENTED_EDGE('',*,*,#9895,.F.);
#9895 = EDGE_CURVE('',#9896,#9850,#9898,.T.);
#9896 = VERTEX_POINT('',#9897);
#9897 = CARTESIAN_POINT('',(26.9,-50.2,13.26));
#9898 = SURFACE_CURVE('',#9899,(#9903,#9909),.PCURVE_S1.);
#9899 = LINE('',#9900,#9901);
#9900 = CARTESIAN_POINT('',(22.2,-50.2,13.26));
#9901 = VECTOR('',#9902,1.);
#9902 = DIRECTION('',(1.,0.,-0.));
#9903 = PCURVE('',#7736,#9904);
#9904 = DEFINITIONAL_REPRESENTATION('',(#9905),#9908);
#9905 = B_SPLINE_CURVE_WITH_KNOTS('',1,(#9906,#9907),.UNSPECIFIED.,.F.,
  .F.,(2,2),(4.7,5.9),.PIECEWISE_BEZIER_KNOTS.);
#9906 = CARTESIAN_POINT('',(0.74,0.));
#9907 = CARTESIAN_POINT('',(0.74,1.2));
#9908 = ( GEOMETRIC_REPRESENTATION_CONTEXT(2) 
PARAMETRIC_REPRESENTATION_CONTEXT() REPRESENTATION_CONTEXT('2D SPACE',''
  ) );
#9909 = PCURVE('',#9514,#9910);
#9910 = DEFINITIONAL_REPRESENTATION('',(#9911),#9914);
#9911 = B_SPLINE_CURVE_WITH_KNOTS('',1,(#9912,#9913),.UNSPECIFIED.,.F.,
  .F.,(2,2),(4.7,5.9),.PIECEWISE_BEZIER_KNOTS.);
#9912 = CARTESIAN_POINT('',(9.4,11.8));
#9913 = CARTESIAN_POINT('',(10.6,11.8));
#9914 = ( GEOMETRIC_REPRESENTATION_CONTEXT(2) 
PARAMETRIC_REPRESENTATION_CONTEXT() REPRESENTATION_CONTEXT('2D SPACE',''
  ) );
#9915 = ORIENTED_EDGE('',*,*,#9916,.T.);
#9916 = EDGE_CURVE('',#9896,#7696,#9917,.T.);
#9917 = SURFACE_CURVE('',#9918,(#9922,#9929),.PCURVE_S1.);
#9918 = LINE('',#9919,#9920);
#9919 = CARTESIAN_POINT('',(26.9,-50.2,12.52));
#9920 = VECTOR('',#9921,1.);
#9921 = DIRECTION('',(0.,0.,1.));
#9922 = PCURVE('',#7736,#9923);
#9923 = DEFINITIONAL_REPRESENTATION('',(#9924),#9928);
#9924 = LINE('',#9925,#9926);
#9925 = CARTESIAN_POINT('',(0.,0.));
#9926 = VECTOR('',#9927,1.);
#9927 = DIRECTION('',(1.,0.));
#9928 = ( GEOMETRIC_REPRESENTATION_CONTEXT(2) 
PARAMETRIC_REPRESENTATION_CONTEXT() REPRESENTATION_CONTEXT('2D SPACE',''
  ) );
#9929 = PCURVE('',#7710,#9930);
#9930 = DEFINITIONAL_REPRESENTATION('',(#9931),#9935);
#9931 = LINE('',#9932,#9933);
#9932 = CARTESIAN_POINT('',(0.,-3.6));
#9933 = VECTOR('',#9934,1.);
#9934 = DIRECTION('',(1.,0.));
#9935 = ( GEOMETRIC_REPRESENTATION_CONTEXT(2) 
PARAMETRIC_REPRESENTATION_CONTEXT() REPRESENTATION_CONTEXT('2D SPACE',''
  ) );
#9936 = ORIENTED_EDGE('',*,*,#7721,.F.);
#9937 = ADVANCED_FACE('',(#9938),#7710,.T.);
#9938 = FACE_BOUND('',#9939,.T.);
#9939 = EDGE_LOOP('',(#9940,#9941,#9962,#9981));
#9940 = ORIENTED_EDGE('',*,*,#7695,.F.);
#9941 = ORIENTED_EDGE('',*,*,#9942,.T.);
#9942 = EDGE_CURVE('',#7670,#9943,#9945,.T.);
#9943 = VERTEX_POINT('',#9944);
#9944 = CARTESIAN_POINT('',(26.9,-51.4,13.26));
#9945 = SURFACE_CURVE('',#9946,(#9950,#9956),.PCURVE_S1.);
#9946 = LINE('',#9947,#9948);
#9947 = CARTESIAN_POINT('',(26.9,-51.4,12.52));
#9948 = VECTOR('',#9949,1.);
#9949 = DIRECTION('',(-0.,0.,-1.));
#9950 = PCURVE('',#7710,#9951);
#9951 = DEFINITIONAL_REPRESENTATION('',(#9952),#9955);
#9952 = B_SPLINE_CURVE_WITH_KNOTS('',1,(#9953,#9954),.UNSPECIFIED.,.F.,
  .F.,(2,2),(-1.,0.),.PIECEWISE_BEZIER_KNOTS.);
#9953 = CARTESIAN_POINT('',(1.,-2.4));
#9954 = CARTESIAN_POINT('',(0.,-2.4));
#9955 = ( GEOMETRIC_REPRESENTATION_CONTEXT(2) 
PARAMETRIC_REPRESENTATION_CONTEXT() REPRESENTATION_CONTEXT('2D SPACE',''
  ) );
#9956 = PCURVE('',#7684,#9957);
#9957 = DEFINITIONAL_REPRESENTATION('',(#9958),#9961);
#9958 = B_SPLINE_CURVE_WITH_KNOTS('',1,(#9959,#9960),.UNSPECIFIED.,.F.,
  .F.,(2,2),(-1.,0.),.PIECEWISE_BEZIER_KNOTS.);
#9959 = CARTESIAN_POINT('',(1.,1.2));
#9960 = CARTESIAN_POINT('',(0.,1.2));
#9961 = ( GEOMETRIC_REPRESENTATION_CONTEXT(2) 
PARAMETRIC_REPRESENTATION_CONTEXT() REPRESENTATION_CONTEXT('2D SPACE',''
  ) );
#9962 = ORIENTED_EDGE('',*,*,#9963,.F.);
#9963 = EDGE_CURVE('',#9896,#9943,#9964,.T.);
#9964 = SURFACE_CURVE('',#9965,(#9969,#9975),.PCURVE_S1.);
#9965 = LINE('',#9966,#9967);
#9966 = CARTESIAN_POINT('',(26.9,-57.9,13.26));
#9967 = VECTOR('',#9968,1.);
#9968 = DIRECTION('',(0.,-1.,0.));
#9969 = PCURVE('',#7710,#9970);
#9970 = DEFINITIONAL_REPRESENTATION('',(#9971),#9974);
#9971 = B_SPLINE_CURVE_WITH_KNOTS('',1,(#9972,#9973),.UNSPECIFIED.,.F.,
  .F.,(2,2),(-7.7,-6.5),.PIECEWISE_BEZIER_KNOTS.);
#9972 = CARTESIAN_POINT('',(0.74,-3.6));
#9973 = CARTESIAN_POINT('',(0.74,-2.4));
#9974 = ( GEOMETRIC_REPRESENTATION_CONTEXT(2) 
PARAMETRIC_REPRESENTATION_CONTEXT() REPRESENTATION_CONTEXT('2D SPACE',''
  ) );
#9975 = PCURVE('',#9514,#9976);
#9976 = DEFINITIONAL_REPRESENTATION('',(#9977),#9980);
#9977 = B_SPLINE_CURVE_WITH_KNOTS('',1,(#9978,#9979),.UNSPECIFIED.,.F.,
  .F.,(2,2),(-7.7,-6.5),.PIECEWISE_BEZIER_KNOTS.);
#9978 = CARTESIAN_POINT('',(9.4,11.8));
#9979 = CARTESIAN_POINT('',(9.4,10.6));
#9980 = ( GEOMETRIC_REPRESENTATION_CONTEXT(2) 
PARAMETRIC_REPRESENTATION_CONTEXT() REPRESENTATION_CONTEXT('2D SPACE',''
  ) );
#9981 = ORIENTED_EDGE('',*,*,#9916,.T.);
#9982 = ADVANCED_FACE('',(#9983),#7684,.F.);
#9983 = FACE_BOUND('',#9984,.F.);
#9984 = EDGE_LOOP('',(#9985,#10006,#10027,#10028));
#9985 = ORIENTED_EDGE('',*,*,#9986,.F.);
#9986 = EDGE_CURVE('',#9987,#9943,#9989,.T.);
#9987 = VERTEX_POINT('',#9988);
#9988 = CARTESIAN_POINT('',(25.7,-51.4,13.26));
#9989 = SURFACE_CURVE('',#9990,(#9994,#10000),.PCURVE_S1.);
#9990 = LINE('',#9991,#9992);
#9991 = CARTESIAN_POINT('',(21.6,-51.4,13.26));
#9992 = VECTOR('',#9993,1.);
#9993 = DIRECTION('',(1.,0.,-0.));
#9994 = PCURVE('',#7684,#9995);
#9995 = DEFINITIONAL_REPRESENTATION('',(#9996),#9999);
#9996 = B_SPLINE_CURVE_WITH_KNOTS('',1,(#9997,#9998),.UNSPECIFIED.,.F.,
  .F.,(2,2),(4.1,5.3),.PIECEWISE_BEZIER_KNOTS.);
#9997 = CARTESIAN_POINT('',(0.74,0.));
#9998 = CARTESIAN_POINT('',(0.74,1.2));
#9999 = ( GEOMETRIC_REPRESENTATION_CONTEXT(2) 
PARAMETRIC_REPRESENTATION_CONTEXT() REPRESENTATION_CONTEXT('2D SPACE',''
  ) );
#10000 = PCURVE('',#9514,#10001);
#10001 = DEFINITIONAL_REPRESENTATION('',(#10002),#10005);
#10002 = B_SPLINE_CURVE_WITH_KNOTS('',1,(#10003,#10004),.UNSPECIFIED.,
  .F.,.F.,(2,2),(4.1,5.3),.PIECEWISE_BEZIER_KNOTS.);
#10003 = CARTESIAN_POINT('',(8.2,10.6));
#10004 = CARTESIAN_POINT('',(9.4,10.6));
#10005 = ( GEOMETRIC_REPRESENTATION_CONTEXT(2) 
PARAMETRIC_REPRESENTATION_CONTEXT() REPRESENTATION_CONTEXT('2D SPACE',''
  ) );
#10006 = ORIENTED_EDGE('',*,*,#10007,.T.);
#10007 = EDGE_CURVE('',#9987,#7644,#10008,.T.);
#10008 = SURFACE_CURVE('',#10009,(#10013,#10020),.PCURVE_S1.);
#10009 = LINE('',#10010,#10011);
#10010 = CARTESIAN_POINT('',(25.7,-51.4,12.52));
#10011 = VECTOR('',#10012,1.);
#10012 = DIRECTION('',(0.,0.,1.));
#10013 = PCURVE('',#7684,#10014);
#10014 = DEFINITIONAL_REPRESENTATION('',(#10015),#10019);
#10015 = LINE('',#10016,#10017);
#10016 = CARTESIAN_POINT('',(0.,0.));
#10017 = VECTOR('',#10018,1.);
#10018 = DIRECTION('',(1.,0.));
#10019 = ( GEOMETRIC_REPRESENTATION_CONTEXT(2) 
PARAMETRIC_REPRESENTATION_CONTEXT() REPRESENTATION_CONTEXT('2D SPACE',''
  ) );
#10020 = PCURVE('',#7658,#10021);
#10021 = DEFINITIONAL_REPRESENTATION('',(#10022),#10026);
#10022 = LINE('',#10023,#10024);
#10023 = CARTESIAN_POINT('',(0.,-1.2));
#10024 = VECTOR('',#10025,1.);
#10025 = DIRECTION('',(1.,0.));
#10026 = ( GEOMETRIC_REPRESENTATION_CONTEXT(2) 
PARAMETRIC_REPRESENTATION_CONTEXT() REPRESENTATION_CONTEXT('2D SPACE',''
  ) );
#10027 = ORIENTED_EDGE('',*,*,#7669,.F.);
#10028 = ORIENTED_EDGE('',*,*,#9942,.T.);
#10029 = ADVANCED_FACE('',(#10030),#7658,.T.);
#10030 = FACE_BOUND('',#10031,.T.);
#10031 = EDGE_LOOP('',(#10032,#10033,#10052,#10053));
#10032 = ORIENTED_EDGE('',*,*,#9525,.F.);
#10033 = ORIENTED_EDGE('',*,*,#10034,.F.);
#10034 = EDGE_CURVE('',#9987,#9498,#10035,.T.);
#10035 = SURFACE_CURVE('',#10036,(#10040,#10046),.PCURVE_S1.);
#10036 = LINE('',#10037,#10038);
#10037 = CARTESIAN_POINT('',(25.7,-57.3,13.26));
#10038 = VECTOR('',#10039,1.);
#10039 = DIRECTION('',(0.,-1.,0.));
#10040 = PCURVE('',#7658,#10041);
#10041 = DEFINITIONAL_REPRESENTATION('',(#10042),#10045);
#10042 = B_SPLINE_CURVE_WITH_KNOTS('',1,(#10043,#10044),.UNSPECIFIED.,
  .F.,.F.,(2,2),(-5.9,-4.7),.PIECEWISE_BEZIER_KNOTS.);
#10043 = CARTESIAN_POINT('',(0.74,-1.2));
#10044 = CARTESIAN_POINT('',(0.74,0.));
#10045 = ( GEOMETRIC_REPRESENTATION_CONTEXT(2) 
PARAMETRIC_REPRESENTATION_CONTEXT() REPRESENTATION_CONTEXT('2D SPACE',''
  ) );
#10046 = PCURVE('',#9514,#10047);
#10047 = DEFINITIONAL_REPRESENTATION('',(#10048),#10051);
#10048 = B_SPLINE_CURVE_WITH_KNOTS('',1,(#10049,#10050),.UNSPECIFIED.,
  .F.,.F.,(2,2),(-5.9,-4.7),.PIECEWISE_BEZIER_KNOTS.);
#10049 = CARTESIAN_POINT('',(8.2,10.6));
#10050 = CARTESIAN_POINT('',(8.2,9.4));
#10051 = ( GEOMETRIC_REPRESENTATION_CONTEXT(2) 
PARAMETRIC_REPRESENTATION_CONTEXT() REPRESENTATION_CONTEXT('2D SPACE',''
  ) );
#10052 = ORIENTED_EDGE('',*,*,#10007,.T.);
#10053 = ORIENTED_EDGE('',*,*,#7643,.F.);
#10054 = ADVANCED_FACE('',(#10055),#7950,.F.);
#10055 = FACE_BOUND('',#10056,.F.);
#10056 = EDGE_LOOP('',(#10057,#10085,#10106,#10107));
#10057 = ORIENTED_EDGE('',*,*,#10058,.F.);
#10058 = EDGE_CURVE('',#10059,#10061,#10063,.T.);
#10059 = VERTEX_POINT('',#10060);
#10060 = CARTESIAN_POINT('',(41.3408203625,-53.50424804687,13.26));
#10061 = VERTEX_POINT('',#10062);
#10062 = CARTESIAN_POINT('',(40.9429688,-53.50424804687,13.26));
#10063 = SURFACE_CURVE('',#10064,(#10068,#10074),.PCURVE_S1.);
#10064 = LINE('',#10065,#10066);
#10065 = CARTESIAN_POINT('',(35.92041018125,-53.50424804687,13.26));
#10066 = VECTOR('',#10067,1.);
#10067 = DIRECTION('',(-1.,0.,0.));
#10068 = PCURVE('',#7950,#10069);
#10069 = DEFINITIONAL_REPRESENTATION('',(#10070),#10073);
#10070 = B_SPLINE_CURVE_WITH_KNOTS('',1,(#10071,#10072),.UNSPECIFIED.,
  .F.,.F.,(2,2),(-5.42041018125,-5.02255861875),
  .PIECEWISE_BEZIER_KNOTS.);
#10071 = CARTESIAN_POINT('',(0.,-0.2400001));
#10072 = CARTESIAN_POINT('',(0.3978515625,-0.2400001));
#10073 = ( GEOMETRIC_REPRESENTATION_CONTEXT(2) 
PARAMETRIC_REPRESENTATION_CONTEXT() REPRESENTATION_CONTEXT('2D SPACE',''
  ) );
#10074 = PCURVE('',#10075,#10080);
#10075 = PLANE('',#10076);
#10076 = AXIS2_PLACEMENT_3D('',#10077,#10078,#10079);
#10077 = CARTESIAN_POINT('',(30.5,-62.,13.26));
#10078 = DIRECTION('',(0.,0.,1.));
#10079 = DIRECTION('',(1.,0.,-0.));
#10080 = DEFINITIONAL_REPRESENTATION('',(#10081),#10084);
#10081 = B_SPLINE_CURVE_WITH_KNOTS('',1,(#10082,#10083),.UNSPECIFIED.,
  .F.,.F.,(2,2),(-5.42041018125,-5.02255861875),
  .PIECEWISE_BEZIER_KNOTS.);
#10082 = CARTESIAN_POINT('',(10.8408203625,8.495751953125));
#10083 = CARTESIAN_POINT('',(10.4429688,8.495751953125));
#10084 = ( GEOMETRIC_REPRESENTATION_CONTEXT(2) 
PARAMETRIC_REPRESENTATION_CONTEXT() REPRESENTATION_CONTEXT('2D SPACE',''
  ) );
#10085 = ORIENTED_EDGE('',*,*,#10086,.T.);
#10086 = EDGE_CURVE('',#10059,#7936,#10087,.T.);
#10087 = SURFACE_CURVE('',#10088,(#10092,#10099),.PCURVE_S1.);
#10088 = LINE('',#10089,#10090);
#10089 = CARTESIAN_POINT('',(41.3408203625,-53.50424804687,12.5199999));
#10090 = VECTOR('',#10091,1.);
#10091 = DIRECTION('',(0.,0.,1.));
#10092 = PCURVE('',#7950,#10093);
#10093 = DEFINITIONAL_REPRESENTATION('',(#10094),#10098);
#10094 = LINE('',#10095,#10096);
#10095 = CARTESIAN_POINT('',(0.,0.5));
#10096 = VECTOR('',#10097,1.);
#10097 = DIRECTION('',(0.,-1.));
#10098 = ( GEOMETRIC_REPRESENTATION_CONTEXT(2) 
PARAMETRIC_REPRESENTATION_CONTEXT() REPRESENTATION_CONTEXT('2D SPACE',''
  ) );
#10099 = PCURVE('',#8234,#10100);
#10100 = DEFINITIONAL_REPRESENTATION('',(#10101),#10105);
#10101 = LINE('',#10102,#10103);
#10102 = CARTESIAN_POINT('',(1.041796875,0.5));
#10103 = VECTOR('',#10104,1.);
#10104 = DIRECTION('',(0.,-1.));
#10105 = ( GEOMETRIC_REPRESENTATION_CONTEXT(2) 
PARAMETRIC_REPRESENTATION_CONTEXT() REPRESENTATION_CONTEXT('2D SPACE',''
  ) );
#10106 = ORIENTED_EDGE('',*,*,#7933,.F.);
#10107 = ORIENTED_EDGE('',*,*,#10108,.T.);
#10108 = EDGE_CURVE('',#7934,#10061,#10109,.T.);
#10109 = SURFACE_CURVE('',#10110,(#10114,#10121),.PCURVE_S1.);
#10110 = LINE('',#10111,#10112);
#10111 = CARTESIAN_POINT('',(40.9429688,-53.50424804687,13.5199999));
#10112 = VECTOR('',#10113,1.);
#10113 = DIRECTION('',(0.,0.,-1.));
#10114 = PCURVE('',#7950,#10115);
#10115 = DEFINITIONAL_REPRESENTATION('',(#10116),#10120);
#10116 = LINE('',#10117,#10118);
#10117 = CARTESIAN_POINT('',(0.3978515625,-0.5));
#10118 = VECTOR('',#10119,1.);
#10119 = DIRECTION('',(0.,1.));
#10120 = ( GEOMETRIC_REPRESENTATION_CONTEXT(2) 
PARAMETRIC_REPRESENTATION_CONTEXT() REPRESENTATION_CONTEXT('2D SPACE',''
  ) );
#10121 = PCURVE('',#7976,#10122);
#10122 = DEFINITIONAL_REPRESENTATION('',(#10123),#10127);
#10123 = LINE('',#10124,#10125);
#10124 = CARTESIAN_POINT('',(0.,-0.5));
#10125 = VECTOR('',#10126,1.);
#10126 = DIRECTION('',(0.,1.));
#10127 = ( GEOMETRIC_REPRESENTATION_CONTEXT(2) 
PARAMETRIC_REPRESENTATION_CONTEXT() REPRESENTATION_CONTEXT('2D SPACE',''
  ) );
#10128 = ADVANCED_FACE('',(#10129),#8234,.F.);
#10129 = FACE_BOUND('',#10130,.F.);
#10130 = EDGE_LOOP('',(#10131,#10152,#10173,#10174));
#10131 = ORIENTED_EDGE('',*,*,#10132,.F.);
#10132 = EDGE_CURVE('',#10133,#10059,#10135,.T.);
#10133 = VERTEX_POINT('',#10134);
#10134 = CARTESIAN_POINT('',(41.3408203625,-52.46245117187,13.26));
#10135 = SURFACE_CURVE('',#10136,(#10140,#10146),.PCURVE_S1.);
#10136 = LINE('',#10137,#10138);
#10137 = CARTESIAN_POINT('',(41.3408203625,-57.23122558593,13.26));
#10138 = VECTOR('',#10139,1.);
#10139 = DIRECTION('',(0.,-1.,0.));
#10140 = PCURVE('',#8234,#10141);
#10141 = DEFINITIONAL_REPRESENTATION('',(#10142),#10145);
#10142 = B_SPLINE_CURVE_WITH_KNOTS('',1,(#10143,#10144),.UNSPECIFIED.,
  .F.,.F.,(2,2),(-4.768774414062,-3.726977539062),
  .PIECEWISE_BEZIER_KNOTS.);
#10143 = CARTESIAN_POINT('',(0.,-0.2400001));
#10144 = CARTESIAN_POINT('',(1.041796875,-0.2400001));
#10145 = ( GEOMETRIC_REPRESENTATION_CONTEXT(2) 
PARAMETRIC_REPRESENTATION_CONTEXT() REPRESENTATION_CONTEXT('2D SPACE',''
  ) );
#10146 = PCURVE('',#10075,#10147);
#10147 = DEFINITIONAL_REPRESENTATION('',(#10148),#10151);
#10148 = B_SPLINE_CURVE_WITH_KNOTS('',1,(#10149,#10150),.UNSPECIFIED.,
  .F.,.F.,(2,2),(-4.768774414062,-3.726977539062),
  .PIECEWISE_BEZIER_KNOTS.);
#10149 = CARTESIAN_POINT('',(10.8408203625,9.537548828125));
#10150 = CARTESIAN_POINT('',(10.8408203625,8.495751953125));
#10151 = ( GEOMETRIC_REPRESENTATION_CONTEXT(2) 
PARAMETRIC_REPRESENTATION_CONTEXT() REPRESENTATION_CONTEXT('2D SPACE',''
  ) );
#10152 = ORIENTED_EDGE('',*,*,#10153,.T.);
#10153 = EDGE_CURVE('',#10133,#8196,#10154,.T.);
#10154 = SURFACE_CURVE('',#10155,(#10159,#10166),.PCURVE_S1.);
#10155 = LINE('',#10156,#10157);
#10156 = CARTESIAN_POINT('',(41.3408203625,-52.46245117187,12.5199999));
#10157 = VECTOR('',#10158,1.);
#10158 = DIRECTION('',(0.,0.,1.));
#10159 = PCURVE('',#8234,#10160);
#10160 = DEFINITIONAL_REPRESENTATION('',(#10161),#10165);
#10161 = LINE('',#10162,#10163);
#10162 = CARTESIAN_POINT('',(0.,0.5));
#10163 = VECTOR('',#10164,1.);
#10164 = DIRECTION('',(0.,-1.));
#10165 = ( GEOMETRIC_REPRESENTATION_CONTEXT(2) 
PARAMETRIC_REPRESENTATION_CONTEXT() REPRESENTATION_CONTEXT('2D SPACE',''
  ) );
#10166 = PCURVE('',#8210,#10167);
#10167 = DEFINITIONAL_REPRESENTATION('',(#10168),#10172);
#10168 = LINE('',#10169,#10170);
#10169 = CARTESIAN_POINT('',(0.687412575452,0.5));
#10170 = VECTOR('',#10171,1.);
#10171 = DIRECTION('',(0.,-1.));
#10172 = ( GEOMETRIC_REPRESENTATION_CONTEXT(2) 
PARAMETRIC_REPRESENTATION_CONTEXT() REPRESENTATION_CONTEXT('2D SPACE',''
  ) );
#10173 = ORIENTED_EDGE('',*,*,#8221,.F.);
#10174 = ORIENTED_EDGE('',*,*,#10086,.F.);
#10175 = ADVANCED_FACE('',(#10176),#8210,.F.);
#10176 = FACE_BOUND('',#10177,.F.);
#10177 = EDGE_LOOP('',(#10178,#10199,#10220,#10221));
#10178 = ORIENTED_EDGE('',*,*,#10179,.F.);
#10179 = EDGE_CURVE('',#10180,#10133,#10182,.T.);
#10180 = VERTEX_POINT('',#10181);
#10181 = CARTESIAN_POINT('',(41.8330078625,-51.98256835937,13.26));
#10182 = SURFACE_CURVE('',#10183,(#10187,#10193),.PCURVE_S1.);
#10183 = LINE('',#10184,#10185);
#10184 = CARTESIAN_POINT('',(36.424484001658,-57.25587912369,13.26));
#10185 = VECTOR('',#10186,1.);
#10186 = DIRECTION('',(-0.71600013962,-0.69810013613,0.));
#10187 = PCURVE('',#8210,#10188);
#10188 = DEFINITIONAL_REPRESENTATION('',(#10189),#10192);
#10189 = B_SPLINE_CURVE_WITH_KNOTS('',1,(#10190,#10191),.UNSPECIFIED.,
  .F.,.F.,(2,2),(-7.553802801927,-6.866390226475),
  .PIECEWISE_BEZIER_KNOTS.);
#10190 = CARTESIAN_POINT('',(0.,-0.2400001));
#10191 = CARTESIAN_POINT('',(0.687412575452,-0.2400001));
#10192 = ( GEOMETRIC_REPRESENTATION_CONTEXT(2) 
PARAMETRIC_REPRESENTATION_CONTEXT() REPRESENTATION_CONTEXT('2D SPACE',''
  ) );
#10193 = PCURVE('',#10075,#10194);
#10194 = DEFINITIONAL_REPRESENTATION('',(#10195),#10198);
#10195 = B_SPLINE_CURVE_WITH_KNOTS('',1,(#10196,#10197),.UNSPECIFIED.,
  .F.,.F.,(2,2),(-7.553802801927,-6.866390226475),
  .PIECEWISE_BEZIER_KNOTS.);
#10196 = CARTESIAN_POINT('',(11.3330078625,10.017431640625));
#10197 = CARTESIAN_POINT('',(10.8408203625,9.537548828125));
#10198 = ( GEOMETRIC_REPRESENTATION_CONTEXT(2) 
PARAMETRIC_REPRESENTATION_CONTEXT() REPRESENTATION_CONTEXT('2D SPACE',''
  ) );
#10199 = ORIENTED_EDGE('',*,*,#10200,.T.);
#10200 = EDGE_CURVE('',#10180,#8170,#10201,.T.);
#10201 = SURFACE_CURVE('',#10202,(#10206,#10213),.PCURVE_S1.);
#10202 = LINE('',#10203,#10204);
#10203 = CARTESIAN_POINT('',(41.8330078625,-51.98256835937,12.5199999));
#10204 = VECTOR('',#10205,1.);
#10205 = DIRECTION('',(0.,0.,1.));
#10206 = PCURVE('',#8210,#10207);
#10207 = DEFINITIONAL_REPRESENTATION('',(#10208),#10212);
#10208 = LINE('',#10209,#10210);
#10209 = CARTESIAN_POINT('',(-0.,0.5));
#10210 = VECTOR('',#10211,1.);
#10211 = DIRECTION('',(0.,-1.));
#10212 = ( GEOMETRIC_REPRESENTATION_CONTEXT(2) 
PARAMETRIC_REPRESENTATION_CONTEXT() REPRESENTATION_CONTEXT('2D SPACE',''
  ) );
#10213 = PCURVE('',#8184,#10214);
#10214 = DEFINITIONAL_REPRESENTATION('',(#10215),#10219);
#10215 = LINE('',#10216,#10217);
#10216 = CARTESIAN_POINT('',(1.8605096205,0.5));
#10217 = VECTOR('',#10218,1.);
#10218 = DIRECTION('',(0.,-1.));
#10219 = ( GEOMETRIC_REPRESENTATION_CONTEXT(2) 
PARAMETRIC_REPRESENTATION_CONTEXT() REPRESENTATION_CONTEXT('2D SPACE',''
  ) );
#10220 = ORIENTED_EDGE('',*,*,#8195,.F.);
#10221 = ORIENTED_EDGE('',*,*,#10153,.F.);
#10222 = ADVANCED_FACE('',(#10223),#8184,.F.);
#10223 = FACE_BOUND('',#10224,.F.);
#10224 = EDGE_LOOP('',(#10225,#10248,#10249,#10250));
#10225 = ORIENTED_EDGE('',*,*,#10226,.F.);
#10226 = EDGE_CURVE('',#8144,#10227,#10229,.T.);
#10227 = VERTEX_POINT('',#10228);
#10228 = CARTESIAN_POINT('',(42.903515675,-53.50424804687,13.26));
#10229 = SURFACE_CURVE('',#10230,(#10234,#10241),.PCURVE_S1.);
#10230 = LINE('',#10231,#10232);
#10231 = CARTESIAN_POINT('',(42.903515675,-53.50424804687,13.5199999));
#10232 = VECTOR('',#10233,1.);
#10233 = DIRECTION('',(0.,0.,-1.));
#10234 = PCURVE('',#8184,#10235);
#10235 = DEFINITIONAL_REPRESENTATION('',(#10236),#10240);
#10236 = LINE('',#10237,#10238);
#10237 = CARTESIAN_POINT('',(0.,-0.5));
#10238 = VECTOR('',#10239,1.);
#10239 = DIRECTION('',(0.,1.));
#10240 = ( GEOMETRIC_REPRESENTATION_CONTEXT(2) 
PARAMETRIC_REPRESENTATION_CONTEXT() REPRESENTATION_CONTEXT('2D SPACE',''
  ) );
#10241 = PCURVE('',#8158,#10242);
#10242 = DEFINITIONAL_REPRESENTATION('',(#10243),#10247);
#10243 = LINE('',#10244,#10245);
#10244 = CARTESIAN_POINT('',(0.525,-0.5));
#10245 = VECTOR('',#10246,1.);
#10246 = DIRECTION('',(0.,1.));
#10247 = ( GEOMETRIC_REPRESENTATION_CONTEXT(2) 
PARAMETRIC_REPRESENTATION_CONTEXT() REPRESENTATION_CONTEXT('2D SPACE',''
  ) );
#10248 = ORIENTED_EDGE('',*,*,#8169,.F.);
#10249 = ORIENTED_EDGE('',*,*,#10200,.F.);
#10250 = ORIENTED_EDGE('',*,*,#10251,.F.);
#10251 = EDGE_CURVE('',#10227,#10180,#10252,.T.);
#10252 = SURFACE_CURVE('',#10253,(#10257,#10263),.PCURVE_S1.);
#10253 = LINE('',#10254,#10255);
#10254 = CARTESIAN_POINT('',(42.849356661374,-53.42726339532,13.26));
#10255 = VECTOR('',#10256,1.);
#10256 = DIRECTION('',(-0.575384185443,0.81788326743,0.));
#10257 = PCURVE('',#8184,#10258);
#10258 = DEFINITIONAL_REPRESENTATION('',(#10259),#10262);
#10259 = B_SPLINE_CURVE_WITH_KNOTS('',1,(#10260,#10261),.UNSPECIFIED.,
  .F.,.F.,(2,2),(-9.412669829431E-02,1.766382922206),
  .PIECEWISE_BEZIER_KNOTS.);
#10260 = CARTESIAN_POINT('',(0.,-0.2400001));
#10261 = CARTESIAN_POINT('',(1.8605096205,-0.2400001));
#10262 = ( GEOMETRIC_REPRESENTATION_CONTEXT(2) 
PARAMETRIC_REPRESENTATION_CONTEXT() REPRESENTATION_CONTEXT('2D SPACE',''
  ) );
#10263 = PCURVE('',#10075,#10264);
#10264 = DEFINITIONAL_REPRESENTATION('',(#10265),#10268);
#10265 = B_SPLINE_CURVE_WITH_KNOTS('',1,(#10266,#10267),.UNSPECIFIED.,
  .F.,.F.,(2,2),(-9.412669829431E-02,1.766382922206),
  .PIECEWISE_BEZIER_KNOTS.);
#10266 = CARTESIAN_POINT('',(12.403515675,8.495751953125));
#10267 = CARTESIAN_POINT('',(11.3330078625,10.017431640625));
#10268 = ( GEOMETRIC_REPRESENTATION_CONTEXT(2) 
PARAMETRIC_REPRESENTATION_CONTEXT() REPRESENTATION_CONTEXT('2D SPACE',''
  ) );
#10269 = ADVANCED_FACE('',(#10270),#8158,.F.);
#10270 = FACE_BOUND('',#10271,.F.);
#10271 = EDGE_LOOP('',(#10272,#10295,#10296,#10297));
#10272 = ORIENTED_EDGE('',*,*,#10273,.F.);
#10273 = EDGE_CURVE('',#8118,#10274,#10276,.T.);
#10274 = VERTEX_POINT('',#10275);
#10275 = CARTESIAN_POINT('',(43.428515675,-53.50424804687,13.26));
#10276 = SURFACE_CURVE('',#10277,(#10281,#10288),.PCURVE_S1.);
#10277 = LINE('',#10278,#10279);
#10278 = CARTESIAN_POINT('',(43.428515675,-53.50424804687,13.5199999));
#10279 = VECTOR('',#10280,1.);
#10280 = DIRECTION('',(0.,0.,-1.));
#10281 = PCURVE('',#8158,#10282);
#10282 = DEFINITIONAL_REPRESENTATION('',(#10283),#10287);
#10283 = LINE('',#10284,#10285);
#10284 = CARTESIAN_POINT('',(0.,-0.5));
#10285 = VECTOR('',#10286,1.);
#10286 = DIRECTION('',(0.,1.));
#10287 = ( GEOMETRIC_REPRESENTATION_CONTEXT(2) 
PARAMETRIC_REPRESENTATION_CONTEXT() REPRESENTATION_CONTEXT('2D SPACE',''
  ) );
#10288 = PCURVE('',#8132,#10289);
#10289 = DEFINITIONAL_REPRESENTATION('',(#10290),#10294);
#10290 = LINE('',#10291,#10292);
#10291 = CARTESIAN_POINT('',(2.22067320952,-0.5));
#10292 = VECTOR('',#10293,1.);
#10293 = DIRECTION('',(0.,1.));
#10294 = ( GEOMETRIC_REPRESENTATION_CONTEXT(2) 
PARAMETRIC_REPRESENTATION_CONTEXT() REPRESENTATION_CONTEXT('2D SPACE',''
  ) );
#10295 = ORIENTED_EDGE('',*,*,#8143,.F.);
#10296 = ORIENTED_EDGE('',*,*,#10226,.T.);
#10297 = ORIENTED_EDGE('',*,*,#10298,.F.);
#10298 = EDGE_CURVE('',#10274,#10227,#10299,.T.);
#10299 = SURFACE_CURVE('',#10300,(#10304,#10310),.PCURVE_S1.);
#10300 = LINE('',#10301,#10302);
#10301 = CARTESIAN_POINT('',(36.9642578375,-53.50424804687,13.26));
#10302 = VECTOR('',#10303,1.);
#10303 = DIRECTION('',(-1.,0.,0.));
#10304 = PCURVE('',#8158,#10305);
#10305 = DEFINITIONAL_REPRESENTATION('',(#10306),#10309);
#10306 = B_SPLINE_CURVE_WITH_KNOTS('',1,(#10307,#10308),.UNSPECIFIED.,
  .F.,.F.,(2,2),(-6.4642578375,-5.9392578375),.PIECEWISE_BEZIER_KNOTS.);
#10307 = CARTESIAN_POINT('',(0.,-0.2400001));
#10308 = CARTESIAN_POINT('',(0.525,-0.2400001));
#10309 = ( GEOMETRIC_REPRESENTATION_CONTEXT(2) 
PARAMETRIC_REPRESENTATION_CONTEXT() REPRESENTATION_CONTEXT('2D SPACE',''
  ) );
#10310 = PCURVE('',#10075,#10311);
#10311 = DEFINITIONAL_REPRESENTATION('',(#10312),#10315);
#10312 = B_SPLINE_CURVE_WITH_KNOTS('',1,(#10313,#10314),.UNSPECIFIED.,
  .F.,.F.,(2,2),(-6.4642578375,-5.9392578375),.PIECEWISE_BEZIER_KNOTS.);
#10313 = CARTESIAN_POINT('',(12.928515675,8.495751953125));
#10314 = CARTESIAN_POINT('',(12.403515675,8.495751953125));
#10315 = ( GEOMETRIC_REPRESENTATION_CONTEXT(2) 
PARAMETRIC_REPRESENTATION_CONTEXT() REPRESENTATION_CONTEXT('2D SPACE',''
  ) );
#10316 = ADVANCED_FACE('',(#10317),#8132,.F.);
#10317 = FACE_BOUND('',#10318,.F.);
#10318 = EDGE_LOOP('',(#10319,#10342,#10343,#10344));
#10319 = ORIENTED_EDGE('',*,*,#10320,.F.);
#10320 = EDGE_CURVE('',#8092,#10321,#10323,.T.);
#10321 = VERTEX_POINT('',#10322);
#10322 = CARTESIAN_POINT('',(42.1119141125,-51.71596679687,13.26));
#10323 = SURFACE_CURVE('',#10324,(#10328,#10335),.PCURVE_S1.);
#10324 = LINE('',#10325,#10326);
#10325 = CARTESIAN_POINT('',(42.1119141125,-51.71596679687,13.5199999));
#10326 = VECTOR('',#10327,1.);
#10327 = DIRECTION('',(0.,0.,-1.));
#10328 = PCURVE('',#8132,#10329);
#10329 = DEFINITIONAL_REPRESENTATION('',(#10330),#10334);
#10330 = LINE('',#10331,#10332);
#10331 = CARTESIAN_POINT('',(0.,-0.5));
#10332 = VECTOR('',#10333,1.);
#10333 = DIRECTION('',(0.,1.));
#10334 = ( GEOMETRIC_REPRESENTATION_CONTEXT(2) 
PARAMETRIC_REPRESENTATION_CONTEXT() REPRESENTATION_CONTEXT('2D SPACE',''
  ) );
#10335 = PCURVE('',#8106,#10336);
#10336 = DEFINITIONAL_REPRESENTATION('',(#10337),#10341);
#10337 = LINE('',#10338,#10339);
#10338 = CARTESIAN_POINT('',(1.753461142561,-0.5));
#10339 = VECTOR('',#10340,1.);
#10340 = DIRECTION('',(-0.,1.));
#10341 = ( GEOMETRIC_REPRESENTATION_CONTEXT(2) 
PARAMETRIC_REPRESENTATION_CONTEXT() REPRESENTATION_CONTEXT('2D SPACE',''
  ) );
#10342 = ORIENTED_EDGE('',*,*,#8117,.F.);
#10343 = ORIENTED_EDGE('',*,*,#10273,.T.);
#10344 = ORIENTED_EDGE('',*,*,#10345,.F.);
#10345 = EDGE_CURVE('',#10321,#10274,#10346,.T.);
#10346 = SURFACE_CURVE('',#10347,(#10351,#10357),.PCURVE_S1.);
#10347 = LINE('',#10348,#10349);
#10348 = CARTESIAN_POINT('',(42.526070136664,-52.27849647455,13.26));
#10349 = VECTOR('',#10350,1.);
#10350 = DIRECTION('',(0.59288397629,-0.805287893029,0.));
#10351 = PCURVE('',#8132,#10352);
#10352 = DEFINITIONAL_REPRESENTATION('',(#10353),#10356);
#10353 = B_SPLINE_CURVE_WITH_KNOTS('',1,(#10354,#10355),.UNSPECIFIED.,
  .F.,.F.,(2,2),(-0.698544809316,1.522128400204),
  .PIECEWISE_BEZIER_KNOTS.);
#10354 = CARTESIAN_POINT('',(0.,-0.2400001));
#10355 = CARTESIAN_POINT('',(2.22067320952,-0.2400001));
#10356 = ( GEOMETRIC_REPRESENTATION_CONTEXT(2) 
PARAMETRIC_REPRESENTATION_CONTEXT() REPRESENTATION_CONTEXT('2D SPACE',''
  ) );
#10357 = PCURVE('',#10075,#10358);
#10358 = DEFINITIONAL_REPRESENTATION('',(#10359),#10362);
#10359 = B_SPLINE_CURVE_WITH_KNOTS('',1,(#10360,#10361),.UNSPECIFIED.,
  .F.,.F.,(2,2),(-0.698544809316,1.522128400204),
  .PIECEWISE_BEZIER_KNOTS.);
#10360 = CARTESIAN_POINT('',(11.6119141125,10.284033203125));
#10361 = CARTESIAN_POINT('',(12.928515675,8.495751953125));
#10362 = ( GEOMETRIC_REPRESENTATION_CONTEXT(2) 
PARAMETRIC_REPRESENTATION_CONTEXT() REPRESENTATION_CONTEXT('2D SPACE',''
  ) );
#10363 = ADVANCED_FACE('',(#10364),#8106,.F.);
#10364 = FACE_BOUND('',#10365,.F.);
#10365 = EDGE_LOOP('',(#10366,#10389,#10390,#10391));
#10366 = ORIENTED_EDGE('',*,*,#10367,.F.);
#10367 = EDGE_CURVE('',#8066,#10368,#10370,.T.);
#10368 = VERTEX_POINT('',#10369);
#10369 = CARTESIAN_POINT('',(43.37314458125,-50.49780273437,13.26));
#10370 = SURFACE_CURVE('',#10371,(#10375,#10382),.PCURVE_S1.);
#10371 = LINE('',#10372,#10373);
#10372 = CARTESIAN_POINT('',(43.37314458125,-50.49780273437,13.5199999)
  );
#10373 = VECTOR('',#10374,1.);
#10374 = DIRECTION('',(0.,0.,-1.));
#10375 = PCURVE('',#8106,#10376);
#10376 = DEFINITIONAL_REPRESENTATION('',(#10377),#10381);
#10377 = LINE('',#10378,#10379);
#10378 = CARTESIAN_POINT('',(0.,-0.5));
#10379 = VECTOR('',#10380,1.);
#10380 = DIRECTION('',(-0.,1.));
#10381 = ( GEOMETRIC_REPRESENTATION_CONTEXT(2) 
PARAMETRIC_REPRESENTATION_CONTEXT() REPRESENTATION_CONTEXT('2D SPACE',''
  ) );
#10382 = PCURVE('',#8080,#10383);
#10383 = DEFINITIONAL_REPRESENTATION('',(#10384),#10388);
#10384 = LINE('',#10385,#10386);
#10385 = CARTESIAN_POINT('',(0.53935546875,-0.5));
#10386 = VECTOR('',#10387,1.);
#10387 = DIRECTION('',(0.,1.));
#10388 = ( GEOMETRIC_REPRESENTATION_CONTEXT(2) 
PARAMETRIC_REPRESENTATION_CONTEXT() REPRESENTATION_CONTEXT('2D SPACE',''
  ) );
#10389 = ORIENTED_EDGE('',*,*,#8091,.F.);
#10390 = ORIENTED_EDGE('',*,*,#10320,.T.);
#10391 = ORIENTED_EDGE('',*,*,#10392,.F.);
#10392 = EDGE_CURVE('',#10368,#10321,#10393,.T.);
#10393 = SURFACE_CURVE('',#10394,(#10398,#10404),.PCURVE_S1.);
#10394 = LINE('',#10395,#10396);
#10395 = CARTESIAN_POINT('',(37.169275962661,-56.48983193672,13.26));
#10396 = VECTOR('',#10397,1.);
#10397 = DIRECTION('',(-0.719280535016,-0.694719736259,0.));
#10398 = PCURVE('',#8106,#10399);
#10399 = DEFINITIONAL_REPRESENTATION('',(#10400),#10403);
#10400 = B_SPLINE_CURVE_WITH_KNOTS('',1,(#10401,#10402),.UNSPECIFIED.,
  .F.,.F.,(2,2),(-8.625102886254,-6.871641743693),
  .PIECEWISE_BEZIER_KNOTS.);
#10401 = CARTESIAN_POINT('',(0.,-0.2400001));
#10402 = CARTESIAN_POINT('',(1.753461142561,-0.2400001));
#10403 = ( GEOMETRIC_REPRESENTATION_CONTEXT(2) 
PARAMETRIC_REPRESENTATION_CONTEXT() REPRESENTATION_CONTEXT('2D SPACE',''
  ) );
#10404 = PCURVE('',#10075,#10405);
#10405 = DEFINITIONAL_REPRESENTATION('',(#10406),#10409);
#10406 = B_SPLINE_CURVE_WITH_KNOTS('',1,(#10407,#10408),.UNSPECIFIED.,
  .F.,.F.,(2,2),(-8.625102886254,-6.871641743693),
  .PIECEWISE_BEZIER_KNOTS.);
#10407 = CARTESIAN_POINT('',(12.87314458125,11.502197265625));
#10408 = CARTESIAN_POINT('',(11.6119141125,10.284033203125));
#10409 = ( GEOMETRIC_REPRESENTATION_CONTEXT(2) 
PARAMETRIC_REPRESENTATION_CONTEXT() REPRESENTATION_CONTEXT('2D SPACE',''
  ) );
#10410 = ADVANCED_FACE('',(#10411),#8080,.F.);
#10411 = FACE_BOUND('',#10412,.F.);
#10412 = EDGE_LOOP('',(#10413,#10436,#10437,#10438));
#10413 = ORIENTED_EDGE('',*,*,#10414,.F.);
#10414 = EDGE_CURVE('',#8040,#10415,#10417,.T.);
#10415 = VERTEX_POINT('',#10416);
#10416 = CARTESIAN_POINT('',(42.8337891125,-50.49780273437,13.26));
#10417 = SURFACE_CURVE('',#10418,(#10422,#10429),.PCURVE_S1.);
#10418 = LINE('',#10419,#10420);
#10419 = CARTESIAN_POINT('',(42.8337891125,-50.49780273437,13.5199999));
#10420 = VECTOR('',#10421,1.);
#10421 = DIRECTION('',(0.,0.,-1.));
#10422 = PCURVE('',#8080,#10423);
#10423 = DEFINITIONAL_REPRESENTATION('',(#10424),#10428);
#10424 = LINE('',#10425,#10426);
#10425 = CARTESIAN_POINT('',(0.,-0.5));
#10426 = VECTOR('',#10427,1.);
#10427 = DIRECTION('',(0.,1.));
#10428 = ( GEOMETRIC_REPRESENTATION_CONTEXT(2) 
PARAMETRIC_REPRESENTATION_CONTEXT() REPRESENTATION_CONTEXT('2D SPACE',''
  ) );
#10429 = PCURVE('',#8054,#10430);
#10430 = DEFINITIONAL_REPRESENTATION('',(#10431),#10435);
#10431 = LINE('',#10432,#10433);
#10432 = CARTESIAN_POINT('',(2.109927031444,-0.5));
#10433 = VECTOR('',#10434,1.);
#10434 = DIRECTION('',(0.,1.));
#10435 = ( GEOMETRIC_REPRESENTATION_CONTEXT(2) 
PARAMETRIC_REPRESENTATION_CONTEXT() REPRESENTATION_CONTEXT('2D SPACE',''
  ) );
#10436 = ORIENTED_EDGE('',*,*,#8065,.F.);
#10437 = ORIENTED_EDGE('',*,*,#10367,.T.);
#10438 = ORIENTED_EDGE('',*,*,#10439,.F.);
#10439 = EDGE_CURVE('',#10415,#10368,#10440,.T.);
#10440 = SURFACE_CURVE('',#10441,(#10445,#10451),.PCURVE_S1.);
#10441 = LINE('',#10442,#10443);
#10442 = CARTESIAN_POINT('',(36.66689455625,-50.49780273437,13.26));
#10443 = VECTOR('',#10444,1.);
#10444 = DIRECTION('',(1.,0.,0.));
#10445 = PCURVE('',#8080,#10446);
#10446 = DEFINITIONAL_REPRESENTATION('',(#10447),#10450);
#10447 = B_SPLINE_CURVE_WITH_KNOTS('',1,(#10448,#10449),.UNSPECIFIED.,
  .F.,.F.,(2,2),(6.16689455625,6.706250025),.PIECEWISE_BEZIER_KNOTS.);
#10448 = CARTESIAN_POINT('',(0.,-0.2400001));
#10449 = CARTESIAN_POINT('',(0.53935546875,-0.2400001));
#10450 = ( GEOMETRIC_REPRESENTATION_CONTEXT(2) 
PARAMETRIC_REPRESENTATION_CONTEXT() REPRESENTATION_CONTEXT('2D SPACE',''
  ) );
#10451 = PCURVE('',#10075,#10452);
#10452 = DEFINITIONAL_REPRESENTATION('',(#10453),#10456);
#10453 = B_SPLINE_CURVE_WITH_KNOTS('',1,(#10454,#10455),.UNSPECIFIED.,
  .F.,.F.,(2,2),(6.16689455625,6.706250025),.PIECEWISE_BEZIER_KNOTS.);
#10454 = CARTESIAN_POINT('',(12.3337891125,11.502197265625));
#10455 = CARTESIAN_POINT('',(12.87314458125,11.502197265625));
#10456 = ( GEOMETRIC_REPRESENTATION_CONTEXT(2) 
PARAMETRIC_REPRESENTATION_CONTEXT() REPRESENTATION_CONTEXT('2D SPACE',''
  ) );
#10457 = ADVANCED_FACE('',(#10458),#8054,.F.);
#10458 = FACE_BOUND('',#10459,.F.);
#10459 = EDGE_LOOP('',(#10460,#10483,#10484,#10485));
#10460 = ORIENTED_EDGE('',*,*,#10461,.F.);
#10461 = EDGE_CURVE('',#8014,#10462,#10464,.T.);
#10462 = VERTEX_POINT('',#10463);
#10463 = CARTESIAN_POINT('',(41.3408203625,-51.98872070312,13.26));
#10464 = SURFACE_CURVE('',#10465,(#10469,#10476),.PCURVE_S1.);
#10465 = LINE('',#10466,#10467);
#10466 = CARTESIAN_POINT('',(41.3408203625,-51.98872070312,13.5199999));
#10467 = VECTOR('',#10468,1.);
#10468 = DIRECTION('',(0.,0.,-1.));
#10469 = PCURVE('',#8054,#10470);
#10470 = DEFINITIONAL_REPRESENTATION('',(#10471),#10475);
#10471 = LINE('',#10472,#10473);
#10472 = CARTESIAN_POINT('',(0.,-0.5));
#10473 = VECTOR('',#10474,1.);
#10474 = DIRECTION('',(0.,1.));
#10475 = ( GEOMETRIC_REPRESENTATION_CONTEXT(2) 
PARAMETRIC_REPRESENTATION_CONTEXT() REPRESENTATION_CONTEXT('2D SPACE',''
  ) );
#10476 = PCURVE('',#8028,#10477);
#10477 = DEFINITIONAL_REPRESENTATION('',(#10478),#10482);
#10478 = LINE('',#10479,#10480);
#10479 = CARTESIAN_POINT('',(1.49091796875,-0.5));
#10480 = VECTOR('',#10481,1.);
#10481 = DIRECTION('',(0.,1.));
#10482 = ( GEOMETRIC_REPRESENTATION_CONTEXT(2) 
PARAMETRIC_REPRESENTATION_CONTEXT() REPRESENTATION_CONTEXT('2D SPACE',''
  ) );
#10483 = ORIENTED_EDGE('',*,*,#8039,.F.);
#10484 = ORIENTED_EDGE('',*,*,#10414,.T.);
#10485 = ORIENTED_EDGE('',*,*,#10486,.F.);
#10486 = EDGE_CURVE('',#10462,#10415,#10487,.T.);
#10487 = SURFACE_CURVE('',#10488,(#10492,#10498),.PCURVE_S1.);
#10488 = LINE('',#10489,#10490);
#10489 = CARTESIAN_POINT('',(36.124072446062,-57.19830275704,13.26));
#10490 = VECTOR('',#10491,1.);
#10491 = DIRECTION('',(0.707592598109,0.706620630255,-0.));
#10492 = PCURVE('',#8054,#10493);
#10493 = DEFINITIONAL_REPRESENTATION('',(#10494),#10497);
#10494 = B_SPLINE_CURVE_WITH_KNOTS('',1,(#10495,#10496),.UNSPECIFIED.,
  .F.,.F.,(2,2),(7.372530366173,9.482457397617),
  .PIECEWISE_BEZIER_KNOTS.);
#10495 = CARTESIAN_POINT('',(0.,-0.2400001));
#10496 = CARTESIAN_POINT('',(2.109927031444,-0.2400001));
#10497 = ( GEOMETRIC_REPRESENTATION_CONTEXT(2) 
PARAMETRIC_REPRESENTATION_CONTEXT() REPRESENTATION_CONTEXT('2D SPACE',''
  ) );
#10498 = PCURVE('',#10075,#10499);
#10499 = DEFINITIONAL_REPRESENTATION('',(#10500),#10503);
#10500 = B_SPLINE_CURVE_WITH_KNOTS('',1,(#10501,#10502),.UNSPECIFIED.,
  .F.,.F.,(2,2),(7.372530366173,9.482457397617),
  .PIECEWISE_BEZIER_KNOTS.);
#10501 = CARTESIAN_POINT('',(10.8408203625,10.011279296875));
#10502 = CARTESIAN_POINT('',(12.3337891125,11.502197265625));
#10503 = ( GEOMETRIC_REPRESENTATION_CONTEXT(2) 
PARAMETRIC_REPRESENTATION_CONTEXT() REPRESENTATION_CONTEXT('2D SPACE',''
  ) );
#10504 = ADVANCED_FACE('',(#10505),#8028,.F.);
#10505 = FACE_BOUND('',#10506,.F.);
#10506 = EDGE_LOOP('',(#10507,#10530,#10531,#10532));
#10507 = ORIENTED_EDGE('',*,*,#10508,.F.);
#10508 = EDGE_CURVE('',#7988,#10509,#10511,.T.);
#10509 = VERTEX_POINT('',#10510);
#10510 = CARTESIAN_POINT('',(41.3408203625,-50.49780273437,13.26));
#10511 = SURFACE_CURVE('',#10512,(#10516,#10523),.PCURVE_S1.);
#10512 = LINE('',#10513,#10514);
#10513 = CARTESIAN_POINT('',(41.3408203625,-50.49780273437,13.5199999));
#10514 = VECTOR('',#10515,1.);
#10515 = DIRECTION('',(0.,0.,-1.));
#10516 = PCURVE('',#8028,#10517);
#10517 = DEFINITIONAL_REPRESENTATION('',(#10518),#10522);
#10518 = LINE('',#10519,#10520);
#10519 = CARTESIAN_POINT('',(0.,-0.5));
#10520 = VECTOR('',#10521,1.);
#10521 = DIRECTION('',(0.,1.));
#10522 = ( GEOMETRIC_REPRESENTATION_CONTEXT(2) 
PARAMETRIC_REPRESENTATION_CONTEXT() REPRESENTATION_CONTEXT('2D SPACE',''
  ) );
#10523 = PCURVE('',#8002,#10524);
#10524 = DEFINITIONAL_REPRESENTATION('',(#10525),#10529);
#10525 = LINE('',#10526,#10527);
#10526 = CARTESIAN_POINT('',(0.3978515625,-0.5));
#10527 = VECTOR('',#10528,1.);
#10528 = DIRECTION('',(0.,1.));
#10529 = ( GEOMETRIC_REPRESENTATION_CONTEXT(2) 
PARAMETRIC_REPRESENTATION_CONTEXT() REPRESENTATION_CONTEXT('2D SPACE',''
  ) );
#10530 = ORIENTED_EDGE('',*,*,#8013,.F.);
#10531 = ORIENTED_EDGE('',*,*,#10461,.T.);
#10532 = ORIENTED_EDGE('',*,*,#10533,.F.);
#10533 = EDGE_CURVE('',#10509,#10462,#10534,.T.);
#10534 = SURFACE_CURVE('',#10535,(#10539,#10545),.PCURVE_S1.);
#10535 = LINE('',#10536,#10537);
#10536 = CARTESIAN_POINT('',(41.3408203625,-56.24890136718,13.26));
#10537 = VECTOR('',#10538,1.);
#10538 = DIRECTION('',(0.,-1.,0.));
#10539 = PCURVE('',#8028,#10540);
#10540 = DEFINITIONAL_REPRESENTATION('',(#10541),#10544);
#10541 = B_SPLINE_CURVE_WITH_KNOTS('',1,(#10542,#10543),.UNSPECIFIED.,
  .F.,.F.,(2,2),(-5.751098632812,-4.260180664063),
  .PIECEWISE_BEZIER_KNOTS.);
#10542 = CARTESIAN_POINT('',(0.,-0.2400001));
#10543 = CARTESIAN_POINT('',(1.49091796875,-0.2400001));
#10544 = ( GEOMETRIC_REPRESENTATION_CONTEXT(2) 
PARAMETRIC_REPRESENTATION_CONTEXT() REPRESENTATION_CONTEXT('2D SPACE',''
  ) );
#10545 = PCURVE('',#10075,#10546);
#10546 = DEFINITIONAL_REPRESENTATION('',(#10547),#10550);
#10547 = B_SPLINE_CURVE_WITH_KNOTS('',1,(#10548,#10549),.UNSPECIFIED.,
  .F.,.F.,(2,2),(-5.751098632812,-4.260180664063),
  .PIECEWISE_BEZIER_KNOTS.);
#10548 = CARTESIAN_POINT('',(10.8408203625,11.502197265625));
#10549 = CARTESIAN_POINT('',(10.8408203625,10.011279296875));
#10550 = ( GEOMETRIC_REPRESENTATION_CONTEXT(2) 
PARAMETRIC_REPRESENTATION_CONTEXT() REPRESENTATION_CONTEXT('2D SPACE',''
  ) );
#10551 = ADVANCED_FACE('',(#10552),#8002,.F.);
#10552 = FACE_BOUND('',#10553,.F.);
#10553 = EDGE_LOOP('',(#10554,#10577,#10578,#10579));
#10554 = ORIENTED_EDGE('',*,*,#10555,.F.);
#10555 = EDGE_CURVE('',#7962,#10556,#10558,.T.);
#10556 = VERTEX_POINT('',#10557);
#10557 = CARTESIAN_POINT('',(40.9429688,-50.49780273437,13.26));
#10558 = SURFACE_CURVE('',#10559,(#10563,#10570),.PCURVE_S1.);
#10559 = LINE('',#10560,#10561);
#10560 = CARTESIAN_POINT('',(40.9429688,-50.49780273437,13.5199999));
#10561 = VECTOR('',#10562,1.);
#10562 = DIRECTION('',(0.,0.,-1.));
#10563 = PCURVE('',#8002,#10564);
#10564 = DEFINITIONAL_REPRESENTATION('',(#10565),#10569);
#10565 = LINE('',#10566,#10567);
#10566 = CARTESIAN_POINT('',(0.,-0.5));
#10567 = VECTOR('',#10568,1.);
#10568 = DIRECTION('',(0.,1.));
#10569 = ( GEOMETRIC_REPRESENTATION_CONTEXT(2) 
PARAMETRIC_REPRESENTATION_CONTEXT() REPRESENTATION_CONTEXT('2D SPACE',''
  ) );
#10570 = PCURVE('',#7976,#10571);
#10571 = DEFINITIONAL_REPRESENTATION('',(#10572),#10576);
#10572 = LINE('',#10573,#10574);
#10573 = CARTESIAN_POINT('',(3.0064453125,-0.5));
#10574 = VECTOR('',#10575,1.);
#10575 = DIRECTION('',(0.,1.));
#10576 = ( GEOMETRIC_REPRESENTATION_CONTEXT(2) 
PARAMETRIC_REPRESENTATION_CONTEXT() REPRESENTATION_CONTEXT('2D SPACE',''
  ) );
#10577 = ORIENTED_EDGE('',*,*,#7987,.F.);
#10578 = ORIENTED_EDGE('',*,*,#10508,.T.);
#10579 = ORIENTED_EDGE('',*,*,#10580,.F.);
#10580 = EDGE_CURVE('',#10556,#10509,#10581,.T.);
#10581 = SURFACE_CURVE('',#10582,(#10586,#10592),.PCURVE_S1.);
#10582 = LINE('',#10583,#10584);
#10583 = CARTESIAN_POINT('',(35.7214844,-50.49780273437,13.26));
#10584 = VECTOR('',#10585,1.);
#10585 = DIRECTION('',(1.,0.,0.));
#10586 = PCURVE('',#8002,#10587);
#10587 = DEFINITIONAL_REPRESENTATION('',(#10588),#10591);
#10588 = B_SPLINE_CURVE_WITH_KNOTS('',1,(#10589,#10590),.UNSPECIFIED.,
  .F.,.F.,(2,2),(5.2214844,5.6193359625),.PIECEWISE_BEZIER_KNOTS.);
#10589 = CARTESIAN_POINT('',(0.,-0.2400001));
#10590 = CARTESIAN_POINT('',(0.3978515625,-0.2400001));
#10591 = ( GEOMETRIC_REPRESENTATION_CONTEXT(2) 
PARAMETRIC_REPRESENTATION_CONTEXT() REPRESENTATION_CONTEXT('2D SPACE',''
  ) );
#10592 = PCURVE('',#10075,#10593);
#10593 = DEFINITIONAL_REPRESENTATION('',(#10594),#10597);
#10594 = B_SPLINE_CURVE_WITH_KNOTS('',1,(#10595,#10596),.UNSPECIFIED.,
  .F.,.F.,(2,2),(5.2214844,5.6193359625),.PIECEWISE_BEZIER_KNOTS.);
#10595 = CARTESIAN_POINT('',(10.4429688,11.502197265625));
#10596 = CARTESIAN_POINT('',(10.8408203625,11.502197265625));
#10597 = ( GEOMETRIC_REPRESENTATION_CONTEXT(2) 
PARAMETRIC_REPRESENTATION_CONTEXT() REPRESENTATION_CONTEXT('2D SPACE',''
  ) );
#10598 = ADVANCED_FACE('',(#10599),#7976,.F.);
#10599 = FACE_BOUND('',#10600,.F.);
#10600 = EDGE_LOOP('',(#10601,#10602,#10603,#10604));
#10601 = ORIENTED_EDGE('',*,*,#10108,.F.);
#10602 = ORIENTED_EDGE('',*,*,#7961,.F.);
#10603 = ORIENTED_EDGE('',*,*,#10555,.T.);
#10604 = ORIENTED_EDGE('',*,*,#10605,.F.);
#10605 = EDGE_CURVE('',#10061,#10556,#10606,.T.);
#10606 = SURFACE_CURVE('',#10607,(#10611,#10617),.PCURVE_S1.);
#10607 = LINE('',#10608,#10609);
#10608 = CARTESIAN_POINT('',(40.9429688,-57.75212402343,13.26));
#10609 = VECTOR('',#10610,1.);
#10610 = DIRECTION('',(0.,1.,-0.));
#10611 = PCURVE('',#7976,#10612);
#10612 = DEFINITIONAL_REPRESENTATION('',(#10613),#10616);
#10613 = B_SPLINE_CURVE_WITH_KNOTS('',1,(#10614,#10615),.UNSPECIFIED.,
  .F.,.F.,(2,2),(4.247875976563,7.254321289063),
  .PIECEWISE_BEZIER_KNOTS.);
#10614 = CARTESIAN_POINT('',(0.,-0.2400001));
#10615 = CARTESIAN_POINT('',(3.0064453125,-0.2400001));
#10616 = ( GEOMETRIC_REPRESENTATION_CONTEXT(2) 
PARAMETRIC_REPRESENTATION_CONTEXT() REPRESENTATION_CONTEXT('2D SPACE',''
  ) );
#10617 = PCURVE('',#10075,#10618);
#10618 = DEFINITIONAL_REPRESENTATION('',(#10619),#10622);
#10619 = B_SPLINE_CURVE_WITH_KNOTS('',1,(#10620,#10621),.UNSPECIFIED.,
  .F.,.F.,(2,2),(4.247875976563,7.254321289063),
  .PIECEWISE_BEZIER_KNOTS.);
#10620 = CARTESIAN_POINT('',(10.4429688,8.495751953125));
#10621 = CARTESIAN_POINT('',(10.4429688,11.502197265625));
#10622 = ( GEOMETRIC_REPRESENTATION_CONTEXT(2) 
PARAMETRIC_REPRESENTATION_CONTEXT() REPRESENTATION_CONTEXT('2D SPACE',''
  ) );
#10623 = ADVANCED_FACE('',(#10624),#8293,.F.);
#10624 = FACE_BOUND('',#10625,.F.);
#10625 = EDGE_LOOP('',(#10626,#10649,#10719,#10740));
#10626 = ORIENTED_EDGE('',*,*,#10627,.F.);
#10627 = EDGE_CURVE('',#10628,#8248,#10630,.T.);
#10628 = VERTEX_POINT('',#10629);
#10629 = CARTESIAN_POINT('',(37.97343755,-50.86796875,13.26));
#10630 = SURFACE_CURVE('',#10631,(#10635,#10642),.PCURVE_S1.);
#10631 = LINE('',#10632,#10633);
#10632 = CARTESIAN_POINT('',(37.97343755,-50.86796875,13.0199999));
#10633 = VECTOR('',#10634,1.);
#10634 = DIRECTION('',(0.,0.,1.));
#10635 = PCURVE('',#8293,#10636);
#10636 = DEFINITIONAL_REPRESENTATION('',(#10637),#10641);
#10637 = LINE('',#10638,#10639);
#10638 = CARTESIAN_POINT('',(1.,0.));
#10639 = VECTOR('',#10640,1.);
#10640 = DIRECTION('',(0.,-1.));
#10641 = ( GEOMETRIC_REPRESENTATION_CONTEXT(2) 
PARAMETRIC_REPRESENTATION_CONTEXT() REPRESENTATION_CONTEXT('2D SPACE',''
  ) );
#10642 = PCURVE('',#8359,#10643);
#10643 = DEFINITIONAL_REPRESENTATION('',(#10644),#10648);
#10644 = LINE('',#10645,#10646);
#10645 = CARTESIAN_POINT('',(0.,0.));
#10646 = VECTOR('',#10647,1.);
#10647 = DIRECTION('',(0.,-1.));
#10648 = ( GEOMETRIC_REPRESENTATION_CONTEXT(2) 
PARAMETRIC_REPRESENTATION_CONTEXT() REPRESENTATION_CONTEXT('2D SPACE',''
  ) );
#10649 = ORIENTED_EDGE('',*,*,#10650,.T.);
#10650 = EDGE_CURVE('',#10628,#10651,#10653,.T.);
#10651 = VERTEX_POINT('',#10652);
#10652 = CARTESIAN_POINT('',(37.571484425,-52.03999023437,13.26));
#10653 = SURFACE_CURVE('',#10654,(#10672,#10693),.PCURVE_S1.);
#10654 = B_SPLINE_CURVE_WITH_KNOTS('',6,(#10655,#10656,#10657,#10658,
    #10659,#10660,#10661,#10662,#10663,#10664,#10665,#10666,#10667,
    #10668,#10669,#10670,#10671),.UNSPECIFIED.,.F.,.F.,(7,5,5,7),(0.,
    8.446401833591E-02,0.644131746978,1.),.UNSPECIFIED.);
#10655 = CARTESIAN_POINT('',(37.97343755,-50.86796875,13.26));
#10656 = CARTESIAN_POINT('',(37.961527307225,-50.88051704149,13.26));
#10657 = CARTESIAN_POINT('',(37.949820236567,-50.89324559961,13.26));
#10658 = CARTESIAN_POINT('',(37.938319020225,-50.9061526679,13.26));
#10659 = CARTESIAN_POINT('',(37.927026103422,-50.91923626718,13.26));
#10660 = CARTESIAN_POINT('',(37.915943694407,-50.9324941955,13.26));
#10661 = CARTESIAN_POINT('',(37.833048431921,-51.03491155321,13.26));
#10662 = CARTESIAN_POINT('',(37.770328107664,-51.13147591655,13.26));
#10663 = CARTESIAN_POINT('',(37.717570271025,-51.23483154977,13.26));
#10664 = CARTESIAN_POINT('',(37.674714302264,-51.34393544964,13.26));
#10665 = CARTESIAN_POINT('',(37.641283614676,-51.45766620287,13.26));
#10666 = CARTESIAN_POINT('',(37.600894322182,-51.64952610695,13.26));
#10667 = CARTESIAN_POINT('',(37.588723410323,-51.72556609765,13.26));
#10668 = CARTESIAN_POINT('',(37.579901334848,-51.80282983737,13.26));
#10669 = CARTESIAN_POINT('',(37.574224665717,-51.88110311202,13.26));
#10670 = CARTESIAN_POINT('',(37.571484425,-51.96020421246,13.26));
#10671 = CARTESIAN_POINT('',(37.571484425,-52.03999023437,13.26));
#10672 = PCURVE('',#8293,#10673);
#10673 = DEFINITIONAL_REPRESENTATION('',(#10674),#10692);
#10674 = B_SPLINE_CURVE_WITH_KNOTS('',6,(#10675,#10676,#10677,#10678,
    #10679,#10680,#10681,#10682,#10683,#10684,#10685,#10686,#10687,
    #10688,#10689,#10690,#10691),.UNSPECIFIED.,.F.,.F.,(7,5,5,7),(0.,
    8.446401833591E-02,0.644131746978,1.),.UNSPECIFIED.);
#10675 = CARTESIAN_POINT('',(1.,-0.2400001));
#10676 = CARTESIAN_POINT('',(0.985184537656,-0.2400001));
#10677 = CARTESIAN_POINT('',(0.970358409999,-0.2400001));
#10678 = CARTESIAN_POINT('',(0.955524239131,-0.2400001));
#10679 = CARTESIAN_POINT('',(0.940684667936,-0.2400001));
#10680 = CARTESIAN_POINT('',(0.925842360077,-0.2400001));
#10681 = CARTESIAN_POINT('',(0.812652915462,-0.2400001));
#10682 = CARTESIAN_POINT('',(0.714271012935,-0.2400001));
#10683 = CARTESIAN_POINT('',(0.616734180639,-0.2400001));
#10684 = CARTESIAN_POINT('',(0.520706369774,-0.2400001));
#10685 = CARTESIAN_POINT('',(0.426679214091,-0.2400001));
#10686 = CARTESIAN_POINT('',(0.276705193837,-0.2400001));
#10687 = CARTESIAN_POINT('',(0.219338292961,-0.2400001));
#10688 = CARTESIAN_POINT('',(0.162962906051,-0.2400001));
#10689 = CARTESIAN_POINT('',(0.107612235027,-0.2400001));
#10690 = CARTESIAN_POINT('',(5.329477262954E-02,-0.2400001));
#10691 = CARTESIAN_POINT('',(0.,-0.2400001));
#10692 = ( GEOMETRIC_REPRESENTATION_CONTEXT(2) 
PARAMETRIC_REPRESENTATION_CONTEXT() REPRESENTATION_CONTEXT('2D SPACE',''
  ) );
#10693 = PCURVE('',#10694,#10699);
#10694 = PLANE('',#10695);
#10695 = AXIS2_PLACEMENT_3D('',#10696,#10697,#10698);
#10696 = CARTESIAN_POINT('',(30.5,-62.,13.26));
#10697 = DIRECTION('',(0.,0.,1.));
#10698 = DIRECTION('',(1.,0.,-0.));
#10699 = DEFINITIONAL_REPRESENTATION('',(#10700),#10718);
#10700 = B_SPLINE_CURVE_WITH_KNOTS('',6,(#10701,#10702,#10703,#10704,
    #10705,#10706,#10707,#10708,#10709,#10710,#10711,#10712,#10713,
    #10714,#10715,#10716,#10717),.UNSPECIFIED.,.F.,.F.,(7,5,5,7),(0.,
    8.446401833591E-02,0.644131746978,1.),.UNSPECIFIED.);
#10701 = CARTESIAN_POINT('',(7.47343755,11.13203125));
#10702 = CARTESIAN_POINT('',(7.461527307225,11.119482958505));
#10703 = CARTESIAN_POINT('',(7.449820236567,11.106754400386));
#10704 = CARTESIAN_POINT('',(7.438319020225,11.093847332091));
#10705 = CARTESIAN_POINT('',(7.427026103422,11.080763732814));
#10706 = CARTESIAN_POINT('',(7.415943694407,11.067505804497));
#10707 = CARTESIAN_POINT('',(7.333048431921,10.965088446785));
#10708 = CARTESIAN_POINT('',(7.270328107664,10.868524083444));
#10709 = CARTESIAN_POINT('',(7.217570271025,10.76516845023));
#10710 = CARTESIAN_POINT('',(7.174714302264,10.656064550351));
#10711 = CARTESIAN_POINT('',(7.141283614676,10.542333797125));
#10712 = CARTESIAN_POINT('',(7.100894322182,10.350473893044));
#10713 = CARTESIAN_POINT('',(7.088723410323,10.274433902341));
#10714 = CARTESIAN_POINT('',(7.079901334848,10.197170162625));
#10715 = CARTESIAN_POINT('',(7.074224665717,10.118896887979));
#10716 = CARTESIAN_POINT('',(7.071484425,10.03979578754));
#10717 = CARTESIAN_POINT('',(7.071484425,9.960009765625));
#10718 = ( GEOMETRIC_REPRESENTATION_CONTEXT(2) 
PARAMETRIC_REPRESENTATION_CONTEXT() REPRESENTATION_CONTEXT('2D SPACE',''
  ) );
#10719 = ORIENTED_EDGE('',*,*,#10720,.T.);
#10720 = EDGE_CURVE('',#10651,#8250,#10721,.T.);
#10721 = SURFACE_CURVE('',#10722,(#10726,#10733),.PCURVE_S1.);
#10722 = LINE('',#10723,#10724);
#10723 = CARTESIAN_POINT('',(37.571484425,-52.03999023437,13.0199999));
#10724 = VECTOR('',#10725,1.);
#10725 = DIRECTION('',(0.,0.,1.));
#10726 = PCURVE('',#8293,#10727);
#10727 = DEFINITIONAL_REPRESENTATION('',(#10728),#10732);
#10728 = LINE('',#10729,#10730);
#10729 = CARTESIAN_POINT('',(0.,0.));
#10730 = VECTOR('',#10731,1.);
#10731 = DIRECTION('',(0.,-1.));
#10732 = ( GEOMETRIC_REPRESENTATION_CONTEXT(2) 
PARAMETRIC_REPRESENTATION_CONTEXT() REPRESENTATION_CONTEXT('2D SPACE',''
  ) );
#10733 = PCURVE('',#8820,#10734);
#10734 = DEFINITIONAL_REPRESENTATION('',(#10735),#10739);
#10735 = LINE('',#10736,#10737);
#10736 = CARTESIAN_POINT('',(1.,0.));
#10737 = VECTOR('',#10738,1.);
#10738 = DIRECTION('',(0.,-1.));
#10739 = ( GEOMETRIC_REPRESENTATION_CONTEXT(2) 
PARAMETRIC_REPRESENTATION_CONTEXT() REPRESENTATION_CONTEXT('2D SPACE',''
  ) );
#10740 = ORIENTED_EDGE('',*,*,#8247,.F.);
#10741 = ADVANCED_FACE('',(#10742),#8820,.F.);
#10742 = FACE_BOUND('',#10743,.F.);
#10743 = EDGE_LOOP('',(#10744,#10745,#10789,#10810));
#10744 = ORIENTED_EDGE('',*,*,#10720,.F.);
#10745 = ORIENTED_EDGE('',*,*,#10746,.T.);
#10746 = EDGE_CURVE('',#10651,#10747,#10749,.T.);
#10747 = VERTEX_POINT('',#10748);
#10748 = CARTESIAN_POINT('',(37.74375005,-52.79057617187,13.26));
#10749 = SURFACE_CURVE('',#10750,(#10761,#10775),.PCURVE_S1.);
#10750 = B_SPLINE_CURVE_WITH_KNOTS('',5,(#10751,#10752,#10753,#10754,
    #10755,#10756,#10757,#10758,#10759,#10760),.UNSPECIFIED.,.F.,.F.,(6,
    4,6),(0.,0.518113787778,1.),.UNSPECIFIED.);
#10751 = CARTESIAN_POINT('',(37.571484425,-52.03999023437,13.26));
#10752 = CARTESIAN_POINT('',(37.571484425,-52.12143233637,13.26));
#10753 = CARTESIAN_POINT('',(37.576042931419,-52.20220863449,13.26));
#10754 = CARTESIAN_POINT('',(37.585253926019,-52.28216576854,13.26));
#10755 = CARTESIAN_POINT('',(37.599153502003,-52.36115495963,13.26));
#10756 = CARTESIAN_POINT('',(37.634964022775,-52.5114682873,13.26));
#10757 = CARTESIAN_POINT('',(37.656247321685,-52.5829442105,13.26));
#10758 = CARTESIAN_POINT('',(37.681530404229,-52.65334828678,13.26));
#10759 = CARTESIAN_POINT('',(37.71073711889,-52.72258525423,13.26));
#10760 = CARTESIAN_POINT('',(37.74375005,-52.79057617187,13.26));
#10761 = PCURVE('',#8820,#10762);
#10762 = DEFINITIONAL_REPRESENTATION('',(#10763),#10774);
#10763 = B_SPLINE_CURVE_WITH_KNOTS('',5,(#10764,#10765,#10766,#10767,
    #10768,#10769,#10770,#10771,#10772,#10773),.UNSPECIFIED.,.F.,.F.,(6,
    4,6),(0.,0.518113787778,1.),.UNSPECIFIED.);
#10764 = CARTESIAN_POINT('',(1.,-0.2400001));
#10765 = CARTESIAN_POINT('',(0.897117305152,-0.2400001));
#10766 = CARTESIAN_POINT('',(0.793704602759,-0.2400001));
#10767 = CARTESIAN_POINT('',(0.689927359397,-0.2400001));
#10768 = CARTESIAN_POINT('',(0.585962665738,-0.2400001));
#10769 = CARTESIAN_POINT('',(0.385306616449,-0.2400001));
#10770 = CARTESIAN_POINT('',(0.288612295794,-0.2400001));
#10771 = CARTESIAN_POINT('',(0.192068957,-0.2400001));
#10772 = CARTESIAN_POINT('',(9.58198453977E-02,-0.2400001));
#10773 = CARTESIAN_POINT('',(0.,-0.2400001));
#10774 = ( GEOMETRIC_REPRESENTATION_CONTEXT(2) 
PARAMETRIC_REPRESENTATION_CONTEXT() REPRESENTATION_CONTEXT('2D SPACE',''
  ) );
#10775 = PCURVE('',#10694,#10776);
#10776 = DEFINITIONAL_REPRESENTATION('',(#10777),#10788);
#10777 = B_SPLINE_CURVE_WITH_KNOTS('',5,(#10778,#10779,#10780,#10781,
    #10782,#10783,#10784,#10785,#10786,#10787),.UNSPECIFIED.,.F.,.F.,(6,
    4,6),(0.,0.518113787778,1.),.UNSPECIFIED.);
#10778 = CARTESIAN_POINT('',(7.071484425,9.960009765625));
#10779 = CARTESIAN_POINT('',(7.071484425,9.878567663629));
#10780 = CARTESIAN_POINT('',(7.076042931419,9.797791365504));
#10781 = CARTESIAN_POINT('',(7.085253926019,9.717834231459));
#10782 = CARTESIAN_POINT('',(7.099153502003,9.638845040367));
#10783 = CARTESIAN_POINT('',(7.134964022775,9.488531712694));
#10784 = CARTESIAN_POINT('',(7.156247321685,9.4170557895));
#10785 = CARTESIAN_POINT('',(7.181530404229,9.34665171322));
#10786 = CARTESIAN_POINT('',(7.21073711889,9.277414745768));
#10787 = CARTESIAN_POINT('',(7.24375005,9.209423828125));
#10788 = ( GEOMETRIC_REPRESENTATION_CONTEXT(2) 
PARAMETRIC_REPRESENTATION_CONTEXT() REPRESENTATION_CONTEXT('2D SPACE',''
  ) );
#10789 = ORIENTED_EDGE('',*,*,#10790,.T.);
#10790 = EDGE_CURVE('',#10747,#8742,#10791,.T.);
#10791 = SURFACE_CURVE('',#10792,(#10796,#10803),.PCURVE_S1.);
#10792 = LINE('',#10793,#10794);
#10793 = CARTESIAN_POINT('',(37.74375005,-52.79057617187,13.0199999));
#10794 = VECTOR('',#10795,1.);
#10795 = DIRECTION('',(0.,0.,1.));
#10796 = PCURVE('',#8820,#10797);
#10797 = DEFINITIONAL_REPRESENTATION('',(#10798),#10802);
#10798 = LINE('',#10799,#10800);
#10799 = CARTESIAN_POINT('',(0.,0.));
#10800 = VECTOR('',#10801,1.);
#10801 = DIRECTION('',(0.,-1.));
#10802 = ( GEOMETRIC_REPRESENTATION_CONTEXT(2) 
PARAMETRIC_REPRESENTATION_CONTEXT() REPRESENTATION_CONTEXT('2D SPACE',''
  ) );
#10803 = PCURVE('',#8771,#10804);
#10804 = DEFINITIONAL_REPRESENTATION('',(#10805),#10809);
#10805 = LINE('',#10806,#10807);
#10806 = CARTESIAN_POINT('',(1.,0.));
#10807 = VECTOR('',#10808,1.);
#10808 = DIRECTION('',(0.,-1.));
#10809 = ( GEOMETRIC_REPRESENTATION_CONTEXT(2) 
PARAMETRIC_REPRESENTATION_CONTEXT() REPRESENTATION_CONTEXT('2D SPACE',''
  ) );
#10810 = ORIENTED_EDGE('',*,*,#8792,.F.);
#10811 = ADVANCED_FACE('',(#10812),#8771,.F.);
#10812 = FACE_BOUND('',#10813,.F.);
#10813 = EDGE_LOOP('',(#10814,#10815,#10859,#10880));
#10814 = ORIENTED_EDGE('',*,*,#10790,.F.);
#10815 = ORIENTED_EDGE('',*,*,#10816,.T.);
#10816 = EDGE_CURVE('',#10747,#10817,#10819,.T.);
#10817 = VERTEX_POINT('',#10818);
#10818 = CARTESIAN_POINT('',(38.25029301875,-53.35043945312,13.26));
#10819 = SURFACE_CURVE('',#10820,(#10831,#10845),.PCURVE_S1.);
#10820 = B_SPLINE_CURVE_WITH_KNOTS('',5,(#10821,#10822,#10823,#10824,
    #10825,#10826,#10827,#10828,#10829,#10830),.UNSPECIFIED.,.F.,.F.,(6,
    4,6),(0.,0.518182289315,1.),.UNSPECIFIED.);
#10821 = CARTESIAN_POINT('',(37.74375005,-52.79057617187,13.26));
#10822 = CARTESIAN_POINT('',(37.779057598992,-52.86329290968,13.26));
#10823 = CARTESIAN_POINT('',(37.818901430092,-52.93266110458,13.26));
#10824 = CARTESIAN_POINT('',(37.863332997307,-52.99838018186,13.26));
#10825 = CARTESIAN_POINT('',(37.912314386871,-53.06020369919,13.26));
#10826 = CARTESIAN_POINT('',(38.015317681564,-53.17167008138,13.26));
#10827 = CARTESIAN_POINT('',(38.068747880678,-53.22186679189,13.26));
#10828 = CARTESIAN_POINT('',(38.125855233334,-53.26841827015,13.26));
#10829 = CARTESIAN_POINT('',(38.186449730081,-53.31127179136,13.26));
#10830 = CARTESIAN_POINT('',(38.25029301875,-53.35043945312,13.26));
#10831 = PCURVE('',#8771,#10832);
#10832 = DEFINITIONAL_REPRESENTATION('',(#10833),#10844);
#10833 = B_SPLINE_CURVE_WITH_KNOTS('',5,(#10834,#10835,#10836,#10837,
    #10838,#10839,#10840,#10841,#10842,#10843),.UNSPECIFIED.,.F.,.F.,(6,
    4,6),(0.,0.518182289315,1.),.UNSPECIFIED.);
#10834 = CARTESIAN_POINT('',(1.,-0.2400001));
#10835 = CARTESIAN_POINT('',(0.897520039206,-0.2400001));
#10836 = CARTESIAN_POINT('',(0.794219781647,-0.2400001));
#10837 = CARTESIAN_POINT('',(0.690345379768,-0.2400001));
#10838 = CARTESIAN_POINT('',(0.586170660862,-0.2400001));
#10839 = CARTESIAN_POINT('',(0.385139743731,-0.2400001));
#10840 = CARTESIAN_POINT('',(0.288276658567,-0.2400001));
#10841 = CARTESIAN_POINT('',(0.191654207556,-0.2400001));
#10842 = CARTESIAN_POINT('',(9.549448962459E-02,-0.2400001));
#10843 = CARTESIAN_POINT('',(0.,-0.2400001));
#10844 = ( GEOMETRIC_REPRESENTATION_CONTEXT(2) 
PARAMETRIC_REPRESENTATION_CONTEXT() REPRESENTATION_CONTEXT('2D SPACE',''
  ) );
#10845 = PCURVE('',#10694,#10846);
#10846 = DEFINITIONAL_REPRESENTATION('',(#10847),#10858);
#10847 = B_SPLINE_CURVE_WITH_KNOTS('',5,(#10848,#10849,#10850,#10851,
    #10852,#10853,#10854,#10855,#10856,#10857),.UNSPECIFIED.,.F.,.F.,(6,
    4,6),(0.,0.518182289315,1.),.UNSPECIFIED.);
#10848 = CARTESIAN_POINT('',(7.24375005,9.209423828125));
#10849 = CARTESIAN_POINT('',(7.279057598992,9.136707090319));
#10850 = CARTESIAN_POINT('',(7.318901430092,9.067338895413));
#10851 = CARTESIAN_POINT('',(7.363332997307,9.001619818137));
#10852 = CARTESIAN_POINT('',(7.412314386871,8.93979630081));
#10853 = CARTESIAN_POINT('',(7.515317681564,8.828329918616));
#10854 = CARTESIAN_POINT('',(7.568747880678,8.77813320811));
#10855 = CARTESIAN_POINT('',(7.625855233334,8.731581729842));
#10856 = CARTESIAN_POINT('',(7.686449730081,8.688728208635));
#10857 = CARTESIAN_POINT('',(7.75029301875,8.649560546875));
#10858 = ( GEOMETRIC_REPRESENTATION_CONTEXT(2) 
PARAMETRIC_REPRESENTATION_CONTEXT() REPRESENTATION_CONTEXT('2D SPACE',''
  ) );
#10859 = ORIENTED_EDGE('',*,*,#10860,.T.);
#10860 = EDGE_CURVE('',#10817,#8691,#10861,.T.);
#10861 = SURFACE_CURVE('',#10862,(#10866,#10873),.PCURVE_S1.);
#10862 = LINE('',#10863,#10864);
#10863 = CARTESIAN_POINT('',(38.25029301875,-53.35043945312,13.0199999)
  );
#10864 = VECTOR('',#10865,1.);
#10865 = DIRECTION('',(0.,0.,1.));
#10866 = PCURVE('',#8771,#10867);
#10867 = DEFINITIONAL_REPRESENTATION('',(#10868),#10872);
#10868 = LINE('',#10869,#10870);
#10869 = CARTESIAN_POINT('',(0.,0.));
#10870 = VECTOR('',#10871,1.);
#10871 = DIRECTION('',(0.,-1.));
#10872 = ( GEOMETRIC_REPRESENTATION_CONTEXT(2) 
PARAMETRIC_REPRESENTATION_CONTEXT() REPRESENTATION_CONTEXT('2D SPACE',''
  ) );
#10873 = PCURVE('',#8720,#10874);
#10874 = DEFINITIONAL_REPRESENTATION('',(#10875),#10879);
#10875 = LINE('',#10876,#10877);
#10876 = CARTESIAN_POINT('',(1.,0.));
#10877 = VECTOR('',#10878,1.);
#10878 = DIRECTION('',(0.,-1.));
#10879 = ( GEOMETRIC_REPRESENTATION_CONTEXT(2) 
PARAMETRIC_REPRESENTATION_CONTEXT() REPRESENTATION_CONTEXT('2D SPACE',''
  ) );
#10880 = ORIENTED_EDGE('',*,*,#8741,.F.);
#10881 = ADVANCED_FACE('',(#10882),#8720,.F.);
#10882 = FACE_BOUND('',#10883,.F.);
#10883 = EDGE_LOOP('',(#10884,#10885,#10929,#10950));
#10884 = ORIENTED_EDGE('',*,*,#10860,.F.);
#10885 = ORIENTED_EDGE('',*,*,#10886,.T.);
#10886 = EDGE_CURVE('',#10817,#10887,#10889,.T.);
#10887 = VERTEX_POINT('',#10888);
#10888 = CARTESIAN_POINT('',(39.00908208125,-53.55551757812,13.26));
#10889 = SURFACE_CURVE('',#10890,(#10901,#10915),.PCURVE_S1.);
#10890 = B_SPLINE_CURVE_WITH_KNOTS('',5,(#10891,#10892,#10893,#10894,
    #10895,#10896,#10897,#10898,#10899,#10900),.UNSPECIFIED.,.F.,.F.,(6,
    4,6),(0.,0.234070414112,1.),.UNSPECIFIED.);
#10891 = CARTESIAN_POINT('',(38.25029301875,-53.35043945312,13.26));
#10892 = CARTESIAN_POINT('',(38.281775421775,-53.3697538108,13.26));
#10893 = CARTESIAN_POINT('',(38.313812698205,-53.38796481407,13.26));
#10894 = CARTESIAN_POINT('',(38.34639060044,-53.40505360784,13.26));
#10895 = CARTESIAN_POINT('',(38.379492146245,-53.42100636708,13.26));
#10896 = CARTESIAN_POINT('',(38.523062074263,-53.48426908163,13.26));
#10897 = CARTESIAN_POINT('',(38.63843976675,-53.52047357405,13.26));
#10898 = CARTESIAN_POINT('',(38.758491846947,-53.54409209952,13.26));
#10899 = CARTESIAN_POINT('',(38.882338697112,-53.55551757812,13.26));
#10900 = CARTESIAN_POINT('',(39.00908208125,-53.55551757812,13.26));
#10901 = PCURVE('',#8720,#10902);
#10902 = DEFINITIONAL_REPRESENTATION('',(#10903),#10914);
#10903 = B_SPLINE_CURVE_WITH_KNOTS('',5,(#10904,#10905,#10906,#10907,
    #10908,#10909,#10910,#10911,#10912,#10913),.UNSPECIFIED.,.F.,.F.,(6,
    4,6),(0.,0.234070414112,1.),.UNSPECIFIED.);
#10904 = CARTESIAN_POINT('',(1.,-0.2400001));
#10905 = CARTESIAN_POINT('',(0.952909756504,-0.2400001));
#10906 = CARTESIAN_POINT('',(0.905737775025,-0.2400001));
#10907 = CARTESIAN_POINT('',(0.858510608237,-0.2400001));
#10908 = CARTESIAN_POINT('',(0.811255422928,-0.2400001));
#10909 = CARTESIAN_POINT('',(0.609369921477,-0.2400001));
#10910 = CARTESIAN_POINT('',(0.4547126254,-0.2400001));
#10911 = CARTESIAN_POINT('',(0.301072306838,-0.2400001));
#10912 = CARTESIAN_POINT('',(0.149281372622,-0.2400001));
#10913 = CARTESIAN_POINT('',(0.,-0.2400001));
#10914 = ( GEOMETRIC_REPRESENTATION_CONTEXT(2) 
PARAMETRIC_REPRESENTATION_CONTEXT() REPRESENTATION_CONTEXT('2D SPACE',''
  ) );
#10915 = PCURVE('',#10694,#10916);
#10916 = DEFINITIONAL_REPRESENTATION('',(#10917),#10928);
#10917 = B_SPLINE_CURVE_WITH_KNOTS('',5,(#10918,#10919,#10920,#10921,
    #10922,#10923,#10924,#10925,#10926,#10927),.UNSPECIFIED.,.F.,.F.,(6,
    4,6),(0.,0.234070414112,1.),.UNSPECIFIED.);
#10918 = CARTESIAN_POINT('',(7.75029301875,8.649560546875));
#10919 = CARTESIAN_POINT('',(7.781775421775,8.630246189191));
#10920 = CARTESIAN_POINT('',(7.813812698205,8.612035185921));
#10921 = CARTESIAN_POINT('',(7.84639060044,8.59494639216));
#10922 = CARTESIAN_POINT('',(7.879492146245,8.578993632919));
#10923 = CARTESIAN_POINT('',(8.023062074263,8.515730918363));
#10924 = CARTESIAN_POINT('',(8.13843976675,8.479526425946));
#10925 = CARTESIAN_POINT('',(8.258491846947,8.455907900477));
#10926 = CARTESIAN_POINT('',(8.382338697112,8.444482421875));
#10927 = CARTESIAN_POINT('',(8.50908208125,8.444482421875));
#10928 = ( GEOMETRIC_REPRESENTATION_CONTEXT(2) 
PARAMETRIC_REPRESENTATION_CONTEXT() REPRESENTATION_CONTEXT('2D SPACE',''
  ) );
#10929 = ORIENTED_EDGE('',*,*,#10930,.T.);
#10930 = EDGE_CURVE('',#10887,#8640,#10931,.T.);
#10931 = SURFACE_CURVE('',#10932,(#10936,#10943),.PCURVE_S1.);
#10932 = LINE('',#10933,#10934);
#10933 = CARTESIAN_POINT('',(39.00908208125,-53.55551757812,13.0199999)
  );
#10934 = VECTOR('',#10935,1.);
#10935 = DIRECTION('',(0.,0.,1.));
#10936 = PCURVE('',#8720,#10937);
#10937 = DEFINITIONAL_REPRESENTATION('',(#10938),#10942);
#10938 = LINE('',#10939,#10940);
#10939 = CARTESIAN_POINT('',(0.,0.));
#10940 = VECTOR('',#10941,1.);
#10941 = DIRECTION('',(0.,-1.));
#10942 = ( GEOMETRIC_REPRESENTATION_CONTEXT(2) 
PARAMETRIC_REPRESENTATION_CONTEXT() REPRESENTATION_CONTEXT('2D SPACE',''
  ) );
#10943 = PCURVE('',#8669,#10944);
#10944 = DEFINITIONAL_REPRESENTATION('',(#10945),#10949);
#10945 = LINE('',#10946,#10947);
#10946 = CARTESIAN_POINT('',(1.,0.));
#10947 = VECTOR('',#10948,1.);
#10948 = DIRECTION('',(0.,-1.));
#10949 = ( GEOMETRIC_REPRESENTATION_CONTEXT(2) 
PARAMETRIC_REPRESENTATION_CONTEXT() REPRESENTATION_CONTEXT('2D SPACE',''
  ) );
#10950 = ORIENTED_EDGE('',*,*,#8690,.F.);
#10951 = ADVANCED_FACE('',(#10952),#8669,.F.);
#10952 = FACE_BOUND('',#10953,.F.);
#10953 = EDGE_LOOP('',(#10954,#10955,#10999,#11020));
#10954 = ORIENTED_EDGE('',*,*,#10930,.F.);
#10955 = ORIENTED_EDGE('',*,*,#10956,.T.);
#10956 = EDGE_CURVE('',#10887,#10957,#10959,.T.);
#10957 = VERTEX_POINT('',#10958);
#10958 = CARTESIAN_POINT('',(39.73916020625,-53.369921875,13.26));
#10959 = SURFACE_CURVE('',#10960,(#10971,#10985),.PCURVE_S1.);
#10960 = B_SPLINE_CURVE_WITH_KNOTS('',5,(#10961,#10962,#10963,#10964,
    #10965,#10966,#10967,#10968,#10969,#10970),.UNSPECIFIED.,.F.,.F.,(6,
    4,6),(0.,0.560464065388,1.),.UNSPECIFIED.);
#10961 = CARTESIAN_POINT('',(39.00908208125,-53.55551757812,13.26));
#10962 = CARTESIAN_POINT('',(39.095969030596,-53.55551757812,13.26));
#10963 = CARTESIAN_POINT('',(39.181842878524,-53.54981001709,13.26));
#10964 = CARTESIAN_POINT('',(39.266466223024,-53.53823015424,13.26));
#10965 = CARTESIAN_POINT('',(39.349610676844,-53.52071111679,13.26));
#10966 = CARTESIAN_POINT('',(39.49494252671,-53.47896651153,13.26));
#10967 = CARTESIAN_POINT('',(39.557783372735,-53.45700286678,13.26));
#10968 = CARTESIAN_POINT('',(39.619485298323,-53.43145264636,13.26));
#10969 = CARTESIAN_POINT('',(39.679966111554,-53.40238893906,13.26));
#10970 = CARTESIAN_POINT('',(39.73916020625,-53.369921875,13.26));
#10971 = PCURVE('',#8669,#10972);
#10972 = DEFINITIONAL_REPRESENTATION('',(#10973),#10984);
#10973 = B_SPLINE_CURVE_WITH_KNOTS('',5,(#10974,#10975,#10976,#10977,
    #10978,#10979,#10980,#10981,#10982,#10983),.UNSPECIFIED.,.F.,.F.,(6,
    4,6),(0.,0.560464065388,1.),.UNSPECIFIED.);
#10974 = CARTESIAN_POINT('',(1.,-0.2400001));
#10975 = CARTESIAN_POINT('',(0.88908970814,-0.2400001));
#10976 = CARTESIAN_POINT('',(0.777379516967,-0.2400001));
#10977 = CARTESIAN_POINT('',(0.665112052905,-0.2400001));
#10978 = CARTESIAN_POINT('',(0.552554325917,-0.2400001));
#10979 = CARTESIAN_POINT('',(0.351730878228,-0.2400001));
#10980 = CARTESIAN_POINT('',(0.263460542085,-0.2400001));
#10981 = CARTESIAN_POINT('',(0.175328734437,-0.2400001));
#10982 = CARTESIAN_POINT('',(8.746717600075E-02,-0.2400001));
#10983 = CARTESIAN_POINT('',(0.,-0.2400001));
#10984 = ( GEOMETRIC_REPRESENTATION_CONTEXT(2) 
PARAMETRIC_REPRESENTATION_CONTEXT() REPRESENTATION_CONTEXT('2D SPACE',''
  ) );
#10985 = PCURVE('',#10694,#10986);
#10986 = DEFINITIONAL_REPRESENTATION('',(#10987),#10998);
#10987 = B_SPLINE_CURVE_WITH_KNOTS('',5,(#10988,#10989,#10990,#10991,
    #10992,#10993,#10994,#10995,#10996,#10997),.UNSPECIFIED.,.F.,.F.,(6,
    4,6),(0.,0.560464065388,1.),.UNSPECIFIED.);
#10988 = CARTESIAN_POINT('',(8.50908208125,8.444482421875));
#10989 = CARTESIAN_POINT('',(8.595969030596,8.444482421875));
#10990 = CARTESIAN_POINT('',(8.681842878524,8.450189982903));
#10991 = CARTESIAN_POINT('',(8.766466223024,8.46176984576));
#10992 = CARTESIAN_POINT('',(8.849610676844,8.479288883206));
#10993 = CARTESIAN_POINT('',(8.99494252671,8.521033488461));
#10994 = CARTESIAN_POINT('',(9.057783372735,8.542997133212));
#10995 = CARTESIAN_POINT('',(9.119485298323,8.568547353631));
#10996 = CARTESIAN_POINT('',(9.179966111554,8.59761106094));
#10997 = CARTESIAN_POINT('',(9.23916020625,8.630078125));
#10998 = ( GEOMETRIC_REPRESENTATION_CONTEXT(2) 
PARAMETRIC_REPRESENTATION_CONTEXT() REPRESENTATION_CONTEXT('2D SPACE',''
  ) );
#10999 = ORIENTED_EDGE('',*,*,#11000,.T.);
#11000 = EDGE_CURVE('',#10957,#8589,#11001,.T.);
#11001 = SURFACE_CURVE('',#11002,(#11006,#11013),.PCURVE_S1.);
#11002 = LINE('',#11003,#11004);
#11003 = CARTESIAN_POINT('',(39.73916020625,-53.369921875,13.0199999));
#11004 = VECTOR('',#11005,1.);
#11005 = DIRECTION('',(0.,0.,1.));
#11006 = PCURVE('',#8669,#11007);
#11007 = DEFINITIONAL_REPRESENTATION('',(#11008),#11012);
#11008 = LINE('',#11009,#11010);
#11009 = CARTESIAN_POINT('',(0.,0.));
#11010 = VECTOR('',#11011,1.);
#11011 = DIRECTION('',(0.,-1.));
#11012 = ( GEOMETRIC_REPRESENTATION_CONTEXT(2) 
PARAMETRIC_REPRESENTATION_CONTEXT() REPRESENTATION_CONTEXT('2D SPACE',''
  ) );
#11013 = PCURVE('',#8618,#11014);
#11014 = DEFINITIONAL_REPRESENTATION('',(#11015),#11019);
#11015 = LINE('',#11016,#11017);
#11016 = CARTESIAN_POINT('',(1.,0.));
#11017 = VECTOR('',#11018,1.);
#11018 = DIRECTION('',(0.,-1.));
#11019 = ( GEOMETRIC_REPRESENTATION_CONTEXT(2) 
PARAMETRIC_REPRESENTATION_CONTEXT() REPRESENTATION_CONTEXT('2D SPACE',''
  ) );
#11020 = ORIENTED_EDGE('',*,*,#8639,.F.);
#11021 = ADVANCED_FACE('',(#11022),#8618,.F.);
#11022 = FACE_BOUND('',#11023,.F.);
#11023 = EDGE_LOOP('',(#11024,#11025,#11069,#11090));
#11024 = ORIENTED_EDGE('',*,*,#11000,.F.);
#11025 = ORIENTED_EDGE('',*,*,#11026,.T.);
#11026 = EDGE_CURVE('',#10957,#11027,#11029,.T.);
#11027 = VERTEX_POINT('',#11028);
#11028 = CARTESIAN_POINT('',(40.262109425,-52.82338867187,13.26));
#11029 = SURFACE_CURVE('',#11030,(#11041,#11055),.PCURVE_S1.);
#11030 = B_SPLINE_CURVE_WITH_KNOTS('',5,(#11031,#11032,#11033,#11034,
    #11035,#11036,#11037,#11038,#11039,#11040),.UNSPECIFIED.,.F.,.F.,(6,
    4,6),(0.,0.356528969315,1.),.UNSPECIFIED.);
#11031 = CARTESIAN_POINT('',(39.73916020625,-53.369921875,13.26));
#11032 = CARTESIAN_POINT('',(39.787332039437,-53.34350035437,13.26));
#11033 = CARTESIAN_POINT('',(39.833765993895,-53.31474279641,13.26));
#11034 = CARTESIAN_POINT('',(39.878361135457,-53.28364586044,13.26));
#11035 = CARTESIAN_POINT('',(39.921035637016,-53.25023467653,13.26));
#11036 = CARTESIAN_POINT('',(40.035167012029,-53.15018156978,13.26));
#11037 = CARTESIAN_POINT('',(40.102156212613,-53.07842938772,13.26));
#11038 = CARTESIAN_POINT('',(40.162310350438,-52.99963685019,13.26));
#11039 = CARTESIAN_POINT('',(40.215576637144,-52.91438612368,13.26));
#11040 = CARTESIAN_POINT('',(40.262109425,-52.82338867187,13.26));
#11041 = PCURVE('',#8618,#11042);
#11042 = DEFINITIONAL_REPRESENTATION('',(#11043),#11054);
#11043 = B_SPLINE_CURVE_WITH_KNOTS('',5,(#11044,#11045,#11046,#11047,
    #11048,#11049,#11050,#11051,#11052,#11053),.UNSPECIFIED.,.F.,.F.,(6,
    4,6),(0.,0.356528969315,1.),.UNSPECIFIED.);
#11044 = CARTESIAN_POINT('',(1.,-0.2400001));
#11045 = CARTESIAN_POINT('',(0.928819686603,-0.2400001));
#11046 = CARTESIAN_POINT('',(0.857328830604,-0.2400001));
#11047 = CARTESIAN_POINT('',(0.785625204575,-0.2400001));
#11048 = CARTESIAN_POINT('',(0.713812434545,-0.2400001));
#11049 = CARTESIAN_POINT('',(0.512391398036,-0.2400001));
#11050 = CARTESIAN_POINT('',(0.382768156295,-0.2400001));
#11051 = CARTESIAN_POINT('',(0.253802671764,-0.2400001));
#11052 = CARTESIAN_POINT('',(0.126057076097,-0.2400001));
#11053 = CARTESIAN_POINT('',(0.,-0.2400001));
#11054 = ( GEOMETRIC_REPRESENTATION_CONTEXT(2) 
PARAMETRIC_REPRESENTATION_CONTEXT() REPRESENTATION_CONTEXT('2D SPACE',''
  ) );
#11055 = PCURVE('',#10694,#11056);
#11056 = DEFINITIONAL_REPRESENTATION('',(#11057),#11068);
#11057 = B_SPLINE_CURVE_WITH_KNOTS('',5,(#11058,#11059,#11060,#11061,
    #11062,#11063,#11064,#11065,#11066,#11067),.UNSPECIFIED.,.F.,.F.,(6,
    4,6),(0.,0.356528969315,1.),.UNSPECIFIED.);
#11058 = CARTESIAN_POINT('',(9.23916020625,8.630078125));
#11059 = CARTESIAN_POINT('',(9.287332039437,8.656499645627));
#11060 = CARTESIAN_POINT('',(9.333765993895,8.685257203582));
#11061 = CARTESIAN_POINT('',(9.378361135457,8.716354139554));
#11062 = CARTESIAN_POINT('',(9.421035637016,8.749765323468));
#11063 = CARTESIAN_POINT('',(9.535167012029,8.849818430211));
#11064 = CARTESIAN_POINT('',(9.602156212613,8.921570612274));
#11065 = CARTESIAN_POINT('',(9.662310350438,9.000363149801));
#11066 = CARTESIAN_POINT('',(9.715576637144,9.085613876318));
#11067 = CARTESIAN_POINT('',(9.762109425,9.176611328125));
#11068 = ( GEOMETRIC_REPRESENTATION_CONTEXT(2) 
PARAMETRIC_REPRESENTATION_CONTEXT() REPRESENTATION_CONTEXT('2D SPACE',''
  ) );
#11069 = ORIENTED_EDGE('',*,*,#11070,.T.);
#11070 = EDGE_CURVE('',#11027,#8538,#11071,.T.);
#11071 = SURFACE_CURVE('',#11072,(#11076,#11083),.PCURVE_S1.);
#11072 = LINE('',#11073,#11074);
#11073 = CARTESIAN_POINT('',(40.262109425,-52.82338867187,13.0199999));
#11074 = VECTOR('',#11075,1.);
#11075 = DIRECTION('',(0.,0.,1.));
#11076 = PCURVE('',#8618,#11077);
#11077 = DEFINITIONAL_REPRESENTATION('',(#11078),#11082);
#11078 = LINE('',#11079,#11080);
#11079 = CARTESIAN_POINT('',(0.,0.));
#11080 = VECTOR('',#11081,1.);
#11081 = DIRECTION('',(0.,-1.));
#11082 = ( GEOMETRIC_REPRESENTATION_CONTEXT(2) 
PARAMETRIC_REPRESENTATION_CONTEXT() REPRESENTATION_CONTEXT('2D SPACE',''
  ) );
#11083 = PCURVE('',#8567,#11084);
#11084 = DEFINITIONAL_REPRESENTATION('',(#11085),#11089);
#11085 = LINE('',#11086,#11087);
#11086 = CARTESIAN_POINT('',(1.,0.));
#11087 = VECTOR('',#11088,1.);
#11088 = DIRECTION('',(0.,-1.));
#11089 = ( GEOMETRIC_REPRESENTATION_CONTEXT(2) 
PARAMETRIC_REPRESENTATION_CONTEXT() REPRESENTATION_CONTEXT('2D SPACE',''
  ) );
#11090 = ORIENTED_EDGE('',*,*,#8588,.F.);
#11091 = ADVANCED_FACE('',(#11092),#8567,.F.);
#11092 = FACE_BOUND('',#11093,.F.);
#11093 = EDGE_LOOP('',(#11094,#11095,#11139,#11160));
#11094 = ORIENTED_EDGE('',*,*,#11070,.F.);
#11095 = ORIENTED_EDGE('',*,*,#11096,.T.);
#11096 = EDGE_CURVE('',#11027,#11097,#11099,.T.);
#11097 = VERTEX_POINT('',#11098);
#11098 = CARTESIAN_POINT('',(40.4466797375,-52.00512695312,13.26));
#11099 = SURFACE_CURVE('',#11100,(#11111,#11125),.PCURVE_S1.);
#11100 = B_SPLINE_CURVE_WITH_KNOTS('',5,(#11101,#11102,#11103,#11104,
    #11105,#11106,#11107,#11108,#11109,#11110),.UNSPECIFIED.,.F.,.F.,(6,
    4,6),(0.,0.49548294488,1.),.UNSPECIFIED.);
#11101 = CARTESIAN_POINT('',(40.262109425,-52.82338867187,13.26));
#11102 = CARTESIAN_POINT('',(40.299349328412,-52.75056397186,13.26));
#11103 = CARTESIAN_POINT('',(40.331885886092,-52.67530111398,13.26));
#11104 = CARTESIAN_POINT('',(40.359637277625,-52.5977690347,13.26));
#11105 = CARTESIAN_POINT('',(40.382615510382,-52.51816748294,13.26));
#11106 = CARTESIAN_POINT('',(40.419529094443,-52.35378261241,13.26));
#11107 = CARTESIAN_POINT('',(40.43329257695,-52.2689281322,13.26));
#11108 = CARTESIAN_POINT('',(40.442285945292,-52.18238410847,13.26));
#11109 = CARTESIAN_POINT('',(40.4466797375,-52.09437953686,13.26));
#11110 = CARTESIAN_POINT('',(40.4466797375,-52.00512695312,13.26));
#11111 = PCURVE('',#8567,#11112);
#11112 = DEFINITIONAL_REPRESENTATION('',(#11113),#11124);
#11113 = B_SPLINE_CURVE_WITH_KNOTS('',5,(#11114,#11115,#11116,#11117,
    #11118,#11119,#11120,#11121,#11122,#11123),.UNSPECIFIED.,.F.,.F.,(6,
    4,6),(0.,0.49548294488,1.),.UNSPECIFIED.);
#11114 = CARTESIAN_POINT('',(1.,-0.2400001));
#11115 = CARTESIAN_POINT('',(0.899117298692,-0.2400001));
#11116 = CARTESIAN_POINT('',(0.798254314016,-0.2400001));
#11117 = CARTESIAN_POINT('',(0.697642462655,-0.2400001));
#11118 = CARTESIAN_POINT('',(0.597493277706,-0.2400001));
#11119 = CARTESIAN_POINT('',(0.396692667445,-0.2400001));
#11120 = CARTESIAN_POINT('',(0.296061569356,-0.2400001));
#11121 = CARTESIAN_POINT('',(0.196306781839,-0.2400001));
#11122 = CARTESIAN_POINT('',(9.758130017943E-02,-0.2400001));
#11123 = CARTESIAN_POINT('',(0.,-0.2400001));
#11124 = ( GEOMETRIC_REPRESENTATION_CONTEXT(2) 
PARAMETRIC_REPRESENTATION_CONTEXT() REPRESENTATION_CONTEXT('2D SPACE',''
  ) );
#11125 = PCURVE('',#10694,#11126);
#11126 = DEFINITIONAL_REPRESENTATION('',(#11127),#11138);
#11127 = B_SPLINE_CURVE_WITH_KNOTS('',5,(#11128,#11129,#11130,#11131,
    #11132,#11133,#11134,#11135,#11136,#11137),.UNSPECIFIED.,.F.,.F.,(6,
    4,6),(0.,0.49548294488,1.),.UNSPECIFIED.);
#11128 = CARTESIAN_POINT('',(9.762109425,9.176611328125));
#11129 = CARTESIAN_POINT('',(9.799349328412,9.249436028132));
#11130 = CARTESIAN_POINT('',(9.831885886092,9.324698886013));
#11131 = CARTESIAN_POINT('',(9.859637277625,9.402230965298));
#11132 = CARTESIAN_POINT('',(9.882615510382,9.481832517055));
#11133 = CARTESIAN_POINT('',(9.919529094443,9.646217387581));
#11134 = CARTESIAN_POINT('',(9.93329257695,9.731071867792));
#11135 = CARTESIAN_POINT('',(9.942285945292,9.817615891526));
#11136 = CARTESIAN_POINT('',(9.9466797375,9.905620463137));
#11137 = CARTESIAN_POINT('',(9.9466797375,9.994873046875));
#11138 = ( GEOMETRIC_REPRESENTATION_CONTEXT(2) 
PARAMETRIC_REPRESENTATION_CONTEXT() REPRESENTATION_CONTEXT('2D SPACE',''
  ) );
#11139 = ORIENTED_EDGE('',*,*,#11140,.T.);
#11140 = EDGE_CURVE('',#11097,#8487,#11141,.T.);
#11141 = SURFACE_CURVE('',#11142,(#11146,#11153),.PCURVE_S1.);
#11142 = LINE('',#11143,#11144);
#11143 = CARTESIAN_POINT('',(40.4466797375,-52.00512695312,13.0199999));
#11144 = VECTOR('',#11145,1.);
#11145 = DIRECTION('',(0.,0.,1.));
#11146 = PCURVE('',#8567,#11147);
#11147 = DEFINITIONAL_REPRESENTATION('',(#11148),#11152);
#11148 = LINE('',#11149,#11150);
#11149 = CARTESIAN_POINT('',(0.,0.));
#11150 = VECTOR('',#11151,1.);
#11151 = DIRECTION('',(0.,-1.));
#11152 = ( GEOMETRIC_REPRESENTATION_CONTEXT(2) 
PARAMETRIC_REPRESENTATION_CONTEXT() REPRESENTATION_CONTEXT('2D SPACE',''
  ) );
#11153 = PCURVE('',#8516,#11154);
#11154 = DEFINITIONAL_REPRESENTATION('',(#11155),#11159);
#11155 = LINE('',#11156,#11157);
#11156 = CARTESIAN_POINT('',(1.,0.));
#11157 = VECTOR('',#11158,1.);
#11158 = DIRECTION('',(0.,-1.));
#11159 = ( GEOMETRIC_REPRESENTATION_CONTEXT(2) 
PARAMETRIC_REPRESENTATION_CONTEXT() REPRESENTATION_CONTEXT('2D SPACE',''
  ) );
#11160 = ORIENTED_EDGE('',*,*,#8537,.F.);
#11161 = ADVANCED_FACE('',(#11162),#8516,.F.);
#11162 = FACE_BOUND('',#11163,.F.);
#11163 = EDGE_LOOP('',(#11164,#11165,#11209,#11230));
#11164 = ORIENTED_EDGE('',*,*,#11140,.F.);
#11165 = ORIENTED_EDGE('',*,*,#11166,.T.);
#11166 = EDGE_CURVE('',#11097,#11167,#11169,.T.);
#11167 = VERTEX_POINT('',#11168);
#11168 = CARTESIAN_POINT('',(40.271337940625,-51.19814453125,13.26));
#11169 = SURFACE_CURVE('',#11170,(#11181,#11195),.PCURVE_S1.);
#11170 = B_SPLINE_CURVE_WITH_KNOTS('',5,(#11171,#11172,#11173,#11174,
    #11175,#11176,#11177,#11178,#11179,#11180),.UNSPECIFIED.,.F.,.F.,(6,
    4,6),(0.,0.506804661425,1.),.UNSPECIFIED.);
#11171 = CARTESIAN_POINT('',(40.4466797375,-52.00512695312,13.26));
#11172 = CARTESIAN_POINT('',(40.4466797375,-51.91672639373,13.26));
#11173 = CARTESIAN_POINT('',(40.44247251218,-51.82958596474,13.26));
#11174 = CARTESIAN_POINT('',(40.433862628766,-51.74390613866,13.26));
#11175 = CARTESIAN_POINT('',(40.42068476083,-51.65990331598,13.26));
#11176 = CARTESIAN_POINT('',(40.385482889366,-51.49789236368,13.26));
#11177 = CARTESIAN_POINT('',(40.363705448031,-51.41978137586,13.26));
#11178 = CARTESIAN_POINT('',(40.337425013529,-51.34366601991,13.26));
#11179 = CARTESIAN_POINT('',(40.306616602258,-51.26973339433,13.26));
#11180 = CARTESIAN_POINT('',(40.271337940625,-51.19814453125,13.26));
#11181 = PCURVE('',#8516,#11182);
#11182 = DEFINITIONAL_REPRESENTATION('',(#11183),#11194);
#11183 = B_SPLINE_CURVE_WITH_KNOTS('',5,(#11184,#11185,#11186,#11187,
    #11188,#11189,#11190,#11191,#11192,#11193),.UNSPECIFIED.,.F.,.F.,(6,
    4,6),(0.,0.506804661425,1.),.UNSPECIFIED.);
#11184 = CARTESIAN_POINT('',(1.,-0.2400001));
#11185 = CARTESIAN_POINT('',(0.902032280506,-0.2400001));
#11186 = CARTESIAN_POINT('',(0.80292529486,-0.2400001));
#11187 = CARTESIAN_POINT('',(0.702783420711,-0.2400001));
#11188 = CARTESIAN_POINT('',(0.60174683314,-0.2400001));
#11189 = CARTESIAN_POINT('',(0.400985394099,-0.2400001));
#11190 = CARTESIAN_POINT('',(0.301295160282,-0.2400001));
#11191 = CARTESIAN_POINT('',(0.201102496635,-0.2400001));
#11192 = CARTESIAN_POINT('',(0.100599692321,-0.2400001));
#11193 = CARTESIAN_POINT('',(0.,-0.2400001));
#11194 = ( GEOMETRIC_REPRESENTATION_CONTEXT(2) 
PARAMETRIC_REPRESENTATION_CONTEXT() REPRESENTATION_CONTEXT('2D SPACE',''
  ) );
#11195 = PCURVE('',#10694,#11196);
#11196 = DEFINITIONAL_REPRESENTATION('',(#11197),#11208);
#11197 = B_SPLINE_CURVE_WITH_KNOTS('',5,(#11198,#11199,#11200,#11201,
    #11202,#11203,#11204,#11205,#11206,#11207),.UNSPECIFIED.,.F.,.F.,(6,
    4,6),(0.,0.506804661425,1.),.UNSPECIFIED.);
#11198 = CARTESIAN_POINT('',(9.9466797375,9.994873046875));
#11199 = CARTESIAN_POINT('',(9.9466797375,10.083273606262));
#11200 = CARTESIAN_POINT('',(9.94247251218,10.170414035254));
#11201 = CARTESIAN_POINT('',(9.933862628766,10.256093861334));
#11202 = CARTESIAN_POINT('',(9.92068476083,10.340096684018));
#11203 = CARTESIAN_POINT('',(9.885482889366,10.502107636314));
#11204 = CARTESIAN_POINT('',(9.863705448031,10.580218624132));
#11205 = CARTESIAN_POINT('',(9.837425013529,10.656333980083));
#11206 = CARTESIAN_POINT('',(9.806616602258,10.73026660567));
#11207 = CARTESIAN_POINT('',(9.771337940625,10.80185546875));
#11208 = ( GEOMETRIC_REPRESENTATION_CONTEXT(2) 
PARAMETRIC_REPRESENTATION_CONTEXT() REPRESENTATION_CONTEXT('2D SPACE',''
  ) );
#11209 = ORIENTED_EDGE('',*,*,#11210,.T.);
#11210 = EDGE_CURVE('',#11167,#8436,#11211,.T.);
#11211 = SURFACE_CURVE('',#11212,(#11216,#11223),.PCURVE_S1.);
#11212 = LINE('',#11213,#11214);
#11213 = CARTESIAN_POINT('',(40.271337940625,-51.19814453125,13.0199999)
  );
#11214 = VECTOR('',#11215,1.);
#11215 = DIRECTION('',(0.,0.,1.));
#11216 = PCURVE('',#8516,#11217);
#11217 = DEFINITIONAL_REPRESENTATION('',(#11218),#11222);
#11218 = LINE('',#11219,#11220);
#11219 = CARTESIAN_POINT('',(0.,0.));
#11220 = VECTOR('',#11221,1.);
#11221 = DIRECTION('',(0.,-1.));
#11222 = ( GEOMETRIC_REPRESENTATION_CONTEXT(2) 
PARAMETRIC_REPRESENTATION_CONTEXT() REPRESENTATION_CONTEXT('2D SPACE',''
  ) );
#11223 = PCURVE('',#8465,#11224);
#11224 = DEFINITIONAL_REPRESENTATION('',(#11225),#11229);
#11225 = LINE('',#11226,#11227);
#11226 = CARTESIAN_POINT('',(1.,0.));
#11227 = VECTOR('',#11228,1.);
#11228 = DIRECTION('',(0.,-1.));
#11229 = ( GEOMETRIC_REPRESENTATION_CONTEXT(2) 
PARAMETRIC_REPRESENTATION_CONTEXT() REPRESENTATION_CONTEXT('2D SPACE',''
  ) );
#11230 = ORIENTED_EDGE('',*,*,#8486,.F.);
#11231 = ADVANCED_FACE('',(#11232),#8465,.F.);
#11232 = FACE_BOUND('',#11233,.F.);
#11233 = EDGE_LOOP('',(#11234,#11235,#11279,#11300));
#11234 = ORIENTED_EDGE('',*,*,#11210,.F.);
#11235 = ORIENTED_EDGE('',*,*,#11236,.T.);
#11236 = EDGE_CURVE('',#11167,#11237,#11239,.T.);
#11237 = VERTEX_POINT('',#11238);
#11238 = CARTESIAN_POINT('',(39.7617188,-50.64340820312,13.26));
#11239 = SURFACE_CURVE('',#11240,(#11251,#11265),.PCURVE_S1.);
#11240 = B_SPLINE_CURVE_WITH_KNOTS('',5,(#11241,#11242,#11243,#11244,
    #11245,#11246,#11247,#11248,#11249,#11250),.UNSPECIFIED.,.F.,.F.,(6,
    4,6),(0.,0.56062407329,1.),.UNSPECIFIED.);
#11241 = CARTESIAN_POINT('',(40.271337940625,-51.19814453125,13.26));
#11242 = CARTESIAN_POINT('',(40.232569221664,-51.11947350505,13.26));
#11243 = CARTESIAN_POINT('',(40.188574329738,-51.04484509816,13.26));
#11244 = CARTESIAN_POINT('',(40.139276310068,-50.97466259294,13.26));
#11245 = CARTESIAN_POINT('',(40.084718495455,-50.90925519004,13.26));
#11246 = CARTESIAN_POINT('',(39.978398489465,-50.80148349119,13.26));
#11247 = CARTESIAN_POINT('',(39.928580572766,-50.75719192268,13.26));
#11248 = CARTESIAN_POINT('',(39.875758662562,-50.71606271264,13.26));
#11249 = CARTESIAN_POINT('',(39.820077944124,-50.67813726435,13.26));
#11250 = CARTESIAN_POINT('',(39.7617188,-50.64340820312,13.26));
#11251 = PCURVE('',#8465,#11252);
#11252 = DEFINITIONAL_REPRESENTATION('',(#11253),#11264);
#11253 = B_SPLINE_CURVE_WITH_KNOTS('',5,(#11254,#11255,#11256,#11257,
    #11258,#11259,#11260,#11261,#11262,#11263),.UNSPECIFIED.,.F.,.F.,(6,
    4,6),(0.,0.56062407329,1.),.UNSPECIFIED.);
#11254 = CARTESIAN_POINT('',(1.,-0.2400001));
#11255 = CARTESIAN_POINT('',(0.889448153116,-0.2400001));
#11256 = CARTESIAN_POINT('',(0.777841153515,-0.2400001));
#11257 = CARTESIAN_POINT('',(0.665488442302,-0.2400001));
#11258 = CARTESIAN_POINT('',(0.552741675249,-0.2400001));
#11259 = CARTESIAN_POINT('',(0.351641364684,-0.2400001));
#11260 = CARTESIAN_POINT('',(0.263280177539,-0.2400001));
#11261 = CARTESIAN_POINT('',(0.175105348827,-0.2400001));
#11262 = CARTESIAN_POINT('',(8.72915039186E-02,-0.2400001));
#11263 = CARTESIAN_POINT('',(0.,-0.2400001));
#11264 = ( GEOMETRIC_REPRESENTATION_CONTEXT(2) 
PARAMETRIC_REPRESENTATION_CONTEXT() REPRESENTATION_CONTEXT('2D SPACE',''
  ) );
#11265 = PCURVE('',#10694,#11266);
#11266 = DEFINITIONAL_REPRESENTATION('',(#11267),#11278);
#11267 = B_SPLINE_CURVE_WITH_KNOTS('',5,(#11268,#11269,#11270,#11271,
    #11272,#11273,#11274,#11275,#11276,#11277),.UNSPECIFIED.,.F.,.F.,(6,
    4,6),(0.,0.56062407329,1.),.UNSPECIFIED.);
#11268 = CARTESIAN_POINT('',(9.771337940625,10.80185546875));
#11269 = CARTESIAN_POINT('',(9.732569221664,10.880526494946));
#11270 = CARTESIAN_POINT('',(9.688574329738,10.955154901831));
#11271 = CARTESIAN_POINT('',(9.639276310068,11.02533740706));
#11272 = CARTESIAN_POINT('',(9.584718495455,11.090744809952));
#11273 = CARTESIAN_POINT('',(9.478398489465,11.198516508808));
#11274 = CARTESIAN_POINT('',(9.428580572766,11.242808077315));
#11275 = CARTESIAN_POINT('',(9.375758662562,11.283937287352));
#11276 = CARTESIAN_POINT('',(9.320077944124,11.321862735648));
#11277 = CARTESIAN_POINT('',(9.2617188,11.356591796875));
#11278 = ( GEOMETRIC_REPRESENTATION_CONTEXT(2) 
PARAMETRIC_REPRESENTATION_CONTEXT() REPRESENTATION_CONTEXT('2D SPACE',''
  ) );
#11279 = ORIENTED_EDGE('',*,*,#11280,.T.);
#11280 = EDGE_CURVE('',#11237,#8385,#11281,.T.);
#11281 = SURFACE_CURVE('',#11282,(#11286,#11293),.PCURVE_S1.);
#11282 = LINE('',#11283,#11284);
#11283 = CARTESIAN_POINT('',(39.7617188,-50.64340820312,13.0199999));
#11284 = VECTOR('',#11285,1.);
#11285 = DIRECTION('',(0.,0.,1.));
#11286 = PCURVE('',#8465,#11287);
#11287 = DEFINITIONAL_REPRESENTATION('',(#11288),#11292);
#11288 = LINE('',#11289,#11290);
#11289 = CARTESIAN_POINT('',(0.,0.));
#11290 = VECTOR('',#11291,1.);
#11291 = DIRECTION('',(0.,-1.));
#11292 = ( GEOMETRIC_REPRESENTATION_CONTEXT(2) 
PARAMETRIC_REPRESENTATION_CONTEXT() REPRESENTATION_CONTEXT('2D SPACE',''
  ) );
#11293 = PCURVE('',#8414,#11294);
#11294 = DEFINITIONAL_REPRESENTATION('',(#11295),#11299);
#11295 = LINE('',#11296,#11297);
#11296 = CARTESIAN_POINT('',(1.,0.));
#11297 = VECTOR('',#11298,1.);
#11298 = DIRECTION('',(0.,-1.));
#11299 = ( GEOMETRIC_REPRESENTATION_CONTEXT(2) 
PARAMETRIC_REPRESENTATION_CONTEXT() REPRESENTATION_CONTEXT('2D SPACE',''
  ) );
#11300 = ORIENTED_EDGE('',*,*,#8435,.F.);
#11301 = ADVANCED_FACE('',(#11302),#8414,.F.);
#11302 = FACE_BOUND('',#11303,.F.);
#11303 = EDGE_LOOP('',(#11304,#11305,#11349,#11370));
#11304 = ORIENTED_EDGE('',*,*,#11280,.F.);
#11305 = ORIENTED_EDGE('',*,*,#11306,.T.);
#11306 = EDGE_CURVE('',#11237,#11307,#11309,.T.);
#11307 = VERTEX_POINT('',#11308);
#11308 = CARTESIAN_POINT('',(39.0111328625,-50.44448242187,13.26));
#11309 = SURFACE_CURVE('',#11310,(#11321,#11335),.PCURVE_S1.);
#11310 = B_SPLINE_CURVE_WITH_KNOTS('',5,(#11311,#11312,#11313,#11314,
    #11315,#11316,#11317,#11318,#11319,#11320),.UNSPECIFIED.,.F.,.F.,(6,
    4,6),(0.,0.260257739177,1.),.UNSPECIFIED.);
#11311 = CARTESIAN_POINT('',(39.7617188,-50.64340820312,13.26));
#11312 = CARTESIAN_POINT('',(39.726779407629,-50.62261604938,13.26));
#11313 = CARTESIAN_POINT('',(39.691210716925,-50.60314096608,13.26));
#11314 = CARTESIAN_POINT('',(39.65503070812,-50.58500719074,13.26));
#11315 = CARTESIAN_POINT('',(39.618260933769,-50.56823208909,13.26));
#11316 = CARTESIAN_POINT('',(39.474809234168,-50.5090371769,13.26));
#11317 = CARTESIAN_POINT('',(39.364116782123,-50.4763037848,13.26));
#11318 = CARTESIAN_POINT('',(39.24946088785,-50.45488525306,13.26));
#11319 = CARTESIAN_POINT('',(39.131554620024,-50.44448242187,13.26));
#11320 = CARTESIAN_POINT('',(39.0111328625,-50.44448242187,13.26));
#11321 = PCURVE('',#8414,#11322);
#11322 = DEFINITIONAL_REPRESENTATION('',(#11323),#11334);
#11323 = B_SPLINE_CURVE_WITH_KNOTS('',5,(#11324,#11325,#11326,#11327,
    #11328,#11329,#11330,#11331,#11332,#11333),.UNSPECIFIED.,.F.,.F.,(6,
    4,6),(0.,0.260257739177,1.),.UNSPECIFIED.);
#11324 = CARTESIAN_POINT('',(1.,-0.2400001));
#11325 = CARTESIAN_POINT('',(0.947738916465,-0.2400001));
#11326 = CARTESIAN_POINT('',(0.895374332185,-0.2400001));
#11327 = CARTESIAN_POINT('',(0.842939846132,-0.2400001));
#11328 = CARTESIAN_POINT('',(0.79046994436,-0.2400001));
#11329 = CARTESIAN_POINT('',(0.588862320602,-0.2400001));
#11330 = CARTESIAN_POINT('',(0.439705229048,-0.2400001));
#11331 = CARTESIAN_POINT('',(0.291391838036,-0.2400001));
#11332 = CARTESIAN_POINT('',(0.144630400779,-0.2400001));
#11333 = CARTESIAN_POINT('',(0.,-0.2400001));
#11334 = ( GEOMETRIC_REPRESENTATION_CONTEXT(2) 
PARAMETRIC_REPRESENTATION_CONTEXT() REPRESENTATION_CONTEXT('2D SPACE',''
  ) );
#11335 = PCURVE('',#10694,#11336);
#11336 = DEFINITIONAL_REPRESENTATION('',(#11337),#11348);
#11337 = B_SPLINE_CURVE_WITH_KNOTS('',5,(#11338,#11339,#11340,#11341,
    #11342,#11343,#11344,#11345,#11346,#11347),.UNSPECIFIED.,.F.,.F.,(6,
    4,6),(0.,0.260257739177,1.),.UNSPECIFIED.);
#11338 = CARTESIAN_POINT('',(9.2617188,11.356591796875));
#11339 = CARTESIAN_POINT('',(9.226779407629,11.377383950617));
#11340 = CARTESIAN_POINT('',(9.191210716925,11.396859033913));
#11341 = CARTESIAN_POINT('',(9.15503070812,11.414992809252));
#11342 = CARTESIAN_POINT('',(9.118260933769,11.431767910903));
#11343 = CARTESIAN_POINT('',(8.974809234168,11.490962823099));
#11344 = CARTESIAN_POINT('',(8.864116782123,11.523696215199));
#11345 = CARTESIAN_POINT('',(8.74946088785,11.545114746933));
#11346 = CARTESIAN_POINT('',(8.631554620024,11.555517578125));
#11347 = CARTESIAN_POINT('',(8.5111328625,11.555517578125));
#11348 = ( GEOMETRIC_REPRESENTATION_CONTEXT(2) 
PARAMETRIC_REPRESENTATION_CONTEXT() REPRESENTATION_CONTEXT('2D SPACE',''
  ) );
#11349 = ORIENTED_EDGE('',*,*,#11350,.T.);
#11350 = EDGE_CURVE('',#11307,#8322,#11351,.T.);
#11351 = SURFACE_CURVE('',#11352,(#11356,#11363),.PCURVE_S1.);
#11352 = LINE('',#11353,#11354);
#11353 = CARTESIAN_POINT('',(39.0111328625,-50.44448242187,13.0199999));
#11354 = VECTOR('',#11355,1.);
#11355 = DIRECTION('',(0.,0.,1.));
#11356 = PCURVE('',#8414,#11357);
#11357 = DEFINITIONAL_REPRESENTATION('',(#11358),#11362);
#11358 = LINE('',#11359,#11360);
#11359 = CARTESIAN_POINT('',(0.,0.));
#11360 = VECTOR('',#11361,1.);
#11361 = DIRECTION('',(0.,-1.));
#11362 = ( GEOMETRIC_REPRESENTATION_CONTEXT(2) 
PARAMETRIC_REPRESENTATION_CONTEXT() REPRESENTATION_CONTEXT('2D SPACE',''
  ) );
#11363 = PCURVE('',#8359,#11364);
#11364 = DEFINITIONAL_REPRESENTATION('',(#11365),#11369);
#11365 = LINE('',#11366,#11367);
#11366 = CARTESIAN_POINT('',(1.,0.));
#11367 = VECTOR('',#11368,1.);
#11368 = DIRECTION('',(0.,-1.));
#11369 = ( GEOMETRIC_REPRESENTATION_CONTEXT(2) 
PARAMETRIC_REPRESENTATION_CONTEXT() REPRESENTATION_CONTEXT('2D SPACE',''
  ) );
#11370 = ORIENTED_EDGE('',*,*,#8384,.F.);
#11371 = ADVANCED_FACE('',(#11372),#8359,.F.);
#11372 = FACE_BOUND('',#11373,.F.);
#11373 = EDGE_LOOP('',(#11374,#11375,#11429,#11430));
#11374 = ORIENTED_EDGE('',*,*,#11350,.F.);
#11375 = ORIENTED_EDGE('',*,*,#11376,.T.);
#11376 = EDGE_CURVE('',#11307,#10628,#11377,.T.);
#11377 = SURFACE_CURVE('',#11378,(#11393,#11411),.PCURVE_S1.);
#11378 = B_SPLINE_CURVE_WITH_KNOTS('',5,(#11379,#11380,#11381,#11382,
    #11383,#11384,#11385,#11386,#11387,#11388,#11389,#11390,#11391,
    #11392),.UNSPECIFIED.,.F.,.F.,(6,4,4,6),(0.,0.21761744345,
    0.64012561191,1.),.UNSPECIFIED.);
#11379 = CARTESIAN_POINT('',(39.0111328625,-50.44448242187,13.26));
#11380 = CARTESIAN_POINT('',(38.958880220478,-50.44448242187,13.26));
#11381 = CARTESIAN_POINT('',(38.907004660315,-50.44627046314,13.26));
#11382 = CARTESIAN_POINT('',(38.855580324708,-50.44992994564,13.26));
#11383 = CARTESIAN_POINT('',(38.804691864906,-50.4555389564,13.26));
#11384 = CARTESIAN_POINT('',(38.65684933968,-50.4779510067,13.26));
#11385 = CARTESIAN_POINT('',(38.561613400875,-50.50032444108,13.26));
#11386 = CARTESIAN_POINT('',(38.469446987351,-50.53072021575,13.26));
#11387 = CARTESIAN_POINT('',(38.381058533011,-50.56931668854,13.26));
#11388 = CARTESIAN_POINT('',(38.225468349201,-50.65535721638,13.26));
#11389 = CARTESIAN_POINT('',(38.157051413707,-50.70065075248,13.26));
#11390 = CARTESIAN_POINT('',(38.092144276326,-50.7514647825,13.26));
#11391 = CARTESIAN_POINT('',(38.030922174783,-50.80740459174,13.26));
#11392 = CARTESIAN_POINT('',(37.97343755,-50.86796875,13.26));
#11393 = PCURVE('',#8359,#11394);
#11394 = DEFINITIONAL_REPRESENTATION('',(#11395),#11410);
#11395 = B_SPLINE_CURVE_WITH_KNOTS('',5,(#11396,#11397,#11398,#11399,
    #11400,#11401,#11402,#11403,#11404,#11405,#11406,#11407,#11408,
    #11409),.UNSPECIFIED.,.F.,.F.,(6,4,4,6),(0.,0.21761744345,
    0.64012561191,1.),.UNSPECIFIED.);
#11396 = CARTESIAN_POINT('',(1.,-0.2400001));
#11397 = CARTESIAN_POINT('',(0.9589042201,-0.2400001));
#11398 = CARTESIAN_POINT('',(0.917328669595,-0.2400001));
#11399 = CARTESIAN_POINT('',(0.875295449483,-0.2400001));
#11400 = CARTESIAN_POINT('',(0.832837232335,-0.2400001));
#11401 = CARTESIAN_POINT('',(0.706830745325,-0.2400001));
#11402 = CARTESIAN_POINT('',(0.622215175639,-0.2400001));
#11403 = CARTESIAN_POINT('',(0.536530561951,-0.2400001));
#11404 = CARTESIAN_POINT('',(0.450256634902,-0.2400001));
#11405 = CARTESIAN_POINT('',(0.290530287409,-0.2400001));
#11406 = CARTESIAN_POINT('',(0.217055849715,-0.2400001));
#11407 = CARTESIAN_POINT('',(0.143944896366,-0.2400001));
#11408 = CARTESIAN_POINT('',(7.150662752363E-02,-0.2400001));
#11409 = CARTESIAN_POINT('',(0.,-0.2400001));
#11410 = ( GEOMETRIC_REPRESENTATION_CONTEXT(2) 
PARAMETRIC_REPRESENTATION_CONTEXT() REPRESENTATION_CONTEXT('2D SPACE',''
  ) );
#11411 = PCURVE('',#10694,#11412);
#11412 = DEFINITIONAL_REPRESENTATION('',(#11413),#11428);
#11413 = B_SPLINE_CURVE_WITH_KNOTS('',5,(#11414,#11415,#11416,#11417,
    #11418,#11419,#11420,#11421,#11422,#11423,#11424,#11425,#11426,
    #11427),.UNSPECIFIED.,.F.,.F.,(6,4,4,6),(0.,0.21761744345,
    0.64012561191,1.),.UNSPECIFIED.);
#11414 = CARTESIAN_POINT('',(8.5111328625,11.555517578125));
#11415 = CARTESIAN_POINT('',(8.458880220478,11.555517578125));
#11416 = CARTESIAN_POINT('',(8.407004660315,11.553729536856));
#11417 = CARTESIAN_POINT('',(8.355580324708,11.550070054358));
#11418 = CARTESIAN_POINT('',(8.304691864906,11.544461043591));
#11419 = CARTESIAN_POINT('',(8.15684933968,11.522048993299));
#11420 = CARTESIAN_POINT('',(8.061613400875,11.499675558913));
#11421 = CARTESIAN_POINT('',(7.969446987351,11.469279784243));
#11422 = CARTESIAN_POINT('',(7.881058533011,11.430683311456));
#11423 = CARTESIAN_POINT('',(7.725468349201,11.344642783613));
#11424 = CARTESIAN_POINT('',(7.657051413707,11.299349247514));
#11425 = CARTESIAN_POINT('',(7.592144276326,11.248535217496));
#11426 = CARTESIAN_POINT('',(7.530922174783,11.192595408253));
#11427 = CARTESIAN_POINT('',(7.47343755,11.13203125));
#11428 = ( GEOMETRIC_REPRESENTATION_CONTEXT(2) 
PARAMETRIC_REPRESENTATION_CONTEXT() REPRESENTATION_CONTEXT('2D SPACE',''
  ) );
#11429 = ORIENTED_EDGE('',*,*,#10627,.T.);
#11430 = ORIENTED_EDGE('',*,*,#8321,.F.);
#11431 = ADVANCED_FACE('',(#11432),#8864,.F.);
#11432 = FACE_BOUND('',#11433,.F.);
#11433 = EDGE_LOOP('',(#11434,#11462,#11483,#11484));
#11434 = ORIENTED_EDGE('',*,*,#11435,.F.);
#11435 = EDGE_CURVE('',#11436,#11438,#11440,.T.);
#11436 = VERTEX_POINT('',#11437);
#11437 = CARTESIAN_POINT('',(51.332757852543,-53.06788130742,13.26));
#11438 = VERTEX_POINT('',#11439);
#11439 = CARTESIAN_POINT('',(52.60540923713,-52.,13.26));
#11440 = SURFACE_CURVE('',#11441,(#11445,#11451),.PCURVE_S1.);
#11441 = LINE('',#11442,#11443);
#11442 = CARTESIAN_POINT('',(46.835427422788,-56.84158961231,13.26));
#11443 = VECTOR('',#11444,1.);
#11444 = DIRECTION('',(0.766044443119,0.642787609687,-0.));
#11445 = PCURVE('',#8864,#11446);
#11446 = DEFINITIONAL_REPRESENTATION('',(#11447),#11450);
#11447 = B_SPLINE_CURVE_WITH_KNOTS('',1,(#11448,#11449),.UNSPECIFIED.,
  .F.,.F.,(2,2),(5.870847925537,7.532176319756),
  .PIECEWISE_BEZIER_KNOTS.);
#11448 = CARTESIAN_POINT('',(0.74,0.));
#11449 = CARTESIAN_POINT('',(0.74,1.661328394218));
#11450 = ( GEOMETRIC_REPRESENTATION_CONTEXT(2) 
PARAMETRIC_REPRESENTATION_CONTEXT() REPRESENTATION_CONTEXT('2D SPACE',''
  ) );
#11451 = PCURVE('',#11452,#11457);
#11452 = PLANE('',#11453);
#11453 = AXIS2_PLACEMENT_3D('',#11454,#11455,#11456);
#11454 = CARTESIAN_POINT('',(43.5,-62.,13.26));
#11455 = DIRECTION('',(0.,0.,1.));
#11456 = DIRECTION('',(1.,0.,-0.));
#11457 = DEFINITIONAL_REPRESENTATION('',(#11458),#11461);
#11458 = B_SPLINE_CURVE_WITH_KNOTS('',1,(#11459,#11460),.UNSPECIFIED.,
  .F.,.F.,(2,2),(5.870847925537,7.532176319756),
  .PIECEWISE_BEZIER_KNOTS.);
#11459 = CARTESIAN_POINT('',(7.832757852543,8.932118692576));
#11460 = CARTESIAN_POINT('',(9.10540923713,10.));
#11461 = ( GEOMETRIC_REPRESENTATION_CONTEXT(2) 
PARAMETRIC_REPRESENTATION_CONTEXT() REPRESENTATION_CONTEXT('2D SPACE',''
  ) );
#11462 = ORIENTED_EDGE('',*,*,#11463,.T.);
#11463 = EDGE_CURVE('',#11436,#8850,#11464,.T.);
#11464 = SURFACE_CURVE('',#11465,(#11469,#11476),.PCURVE_S1.);
#11465 = LINE('',#11466,#11467);
#11466 = CARTESIAN_POINT('',(51.332757852543,-53.06788130742,12.52));
#11467 = VECTOR('',#11468,1.);
#11468 = DIRECTION('',(0.,0.,1.));
#11469 = PCURVE('',#8864,#11470);
#11470 = DEFINITIONAL_REPRESENTATION('',(#11471),#11475);
#11471 = LINE('',#11472,#11473);
#11472 = CARTESIAN_POINT('',(0.,0.));
#11473 = VECTOR('',#11474,1.);
#11474 = DIRECTION('',(1.,0.));
#11475 = ( GEOMETRIC_REPRESENTATION_CONTEXT(2) 
PARAMETRIC_REPRESENTATION_CONTEXT() REPRESENTATION_CONTEXT('2D SPACE',''
  ) );
#11476 = PCURVE('',#9070,#11477);
#11477 = DEFINITIONAL_REPRESENTATION('',(#11478),#11482);
#11478 = LINE('',#11479,#11480);
#11479 = CARTESIAN_POINT('',(0.,-1.1));
#11480 = VECTOR('',#11481,1.);
#11481 = DIRECTION('',(1.,0.));
#11482 = ( GEOMETRIC_REPRESENTATION_CONTEXT(2) 
PARAMETRIC_REPRESENTATION_CONTEXT() REPRESENTATION_CONTEXT('2D SPACE',''
  ) );
#11483 = ORIENTED_EDGE('',*,*,#8847,.F.);
#11484 = ORIENTED_EDGE('',*,*,#11485,.F.);
#11485 = EDGE_CURVE('',#11438,#8848,#11486,.T.);
#11486 = SURFACE_CURVE('',#11487,(#11491,#11497),.PCURVE_S1.);
#11487 = LINE('',#11488,#11489);
#11488 = CARTESIAN_POINT('',(52.60540923713,-52.,12.52));
#11489 = VECTOR('',#11490,1.);
#11490 = DIRECTION('',(0.,-0.,1.));
#11491 = PCURVE('',#8864,#11492);
#11492 = DEFINITIONAL_REPRESENTATION('',(#11493),#11496);
#11493 = B_SPLINE_CURVE_WITH_KNOTS('',1,(#11494,#11495),.UNSPECIFIED.,
  .F.,.F.,(2,2),(0.,1.),.PIECEWISE_BEZIER_KNOTS.);
#11494 = CARTESIAN_POINT('',(0.,1.661328394218));
#11495 = CARTESIAN_POINT('',(1.,1.661328394218));
#11496 = ( GEOMETRIC_REPRESENTATION_CONTEXT(2) 
PARAMETRIC_REPRESENTATION_CONTEXT() REPRESENTATION_CONTEXT('2D SPACE',''
  ) );
#11497 = PCURVE('',#8890,#11498);
#11498 = DEFINITIONAL_REPRESENTATION('',(#11499),#11502);
#11499 = B_SPLINE_CURVE_WITH_KNOTS('',1,(#11500,#11501),.UNSPECIFIED.,
  .F.,.F.,(2,2),(0.,1.),.PIECEWISE_BEZIER_KNOTS.);
#11500 = CARTESIAN_POINT('',(0.,1.661328394218));
#11501 = CARTESIAN_POINT('',(1.,1.661328394218));
#11502 = ( GEOMETRIC_REPRESENTATION_CONTEXT(2) 
PARAMETRIC_REPRESENTATION_CONTEXT() REPRESENTATION_CONTEXT('2D SPACE',''
  ) );
#11503 = ADVANCED_FACE('',(#11504),#9070,.T.);
#11504 = FACE_BOUND('',#11505,.T.);
#11505 = EDGE_LOOP('',(#11506,#11529,#11548,#11549));
#11506 = ORIENTED_EDGE('',*,*,#11507,.F.);
#11507 = EDGE_CURVE('',#11508,#9032,#11510,.T.);
#11508 = VERTEX_POINT('',#11509);
#11509 = CARTESIAN_POINT('',(52.039824223198,-53.91053019485,13.26));
#11510 = SURFACE_CURVE('',#11511,(#11515,#11522),.PCURVE_S1.);
#11511 = LINE('',#11512,#11513);
#11512 = CARTESIAN_POINT('',(52.039824223198,-53.91053019485,12.52));
#11513 = VECTOR('',#11514,1.);
#11514 = DIRECTION('',(0.,0.,1.));
#11515 = PCURVE('',#9070,#11516);
#11516 = DEFINITIONAL_REPRESENTATION('',(#11517),#11521);
#11517 = LINE('',#11518,#11519);
#11518 = CARTESIAN_POINT('',(0.,0.));
#11519 = VECTOR('',#11520,1.);
#11520 = DIRECTION('',(1.,0.));
#11521 = ( GEOMETRIC_REPRESENTATION_CONTEXT(2) 
PARAMETRIC_REPRESENTATION_CONTEXT() REPRESENTATION_CONTEXT('2D SPACE',''
  ) );
#11522 = PCURVE('',#9046,#11523);
#11523 = DEFINITIONAL_REPRESENTATION('',(#11524),#11528);
#11524 = LINE('',#11525,#11526);
#11525 = CARTESIAN_POINT('',(0.,0.));
#11526 = VECTOR('',#11527,1.);
#11527 = DIRECTION('',(1.,0.));
#11528 = ( GEOMETRIC_REPRESENTATION_CONTEXT(2) 
PARAMETRIC_REPRESENTATION_CONTEXT() REPRESENTATION_CONTEXT('2D SPACE',''
  ) );
#11529 = ORIENTED_EDGE('',*,*,#11530,.F.);
#11530 = EDGE_CURVE('',#11436,#11508,#11531,.T.);
#11531 = SURFACE_CURVE('',#11532,(#11536,#11542),.PCURVE_S1.);
#11532 = LINE('',#11533,#11534);
#11533 = CARTESIAN_POINT('',(52.267242541353,-54.18155679253,13.26));
#11534 = VECTOR('',#11535,1.);
#11535 = DIRECTION('',(0.642787609687,-0.766044443119,0.));
#11536 = PCURVE('',#9070,#11537);
#11537 = DEFINITIONAL_REPRESENTATION('',(#11538),#11541);
#11538 = B_SPLINE_CURVE_WITH_KNOTS('',1,(#11539,#11540),.UNSPECIFIED.,
  .F.,.F.,(2,2),(-1.453800096219,-0.353800096219),
  .PIECEWISE_BEZIER_KNOTS.);
#11539 = CARTESIAN_POINT('',(0.74,-1.1));
#11540 = CARTESIAN_POINT('',(0.74,0.));
#11541 = ( GEOMETRIC_REPRESENTATION_CONTEXT(2) 
PARAMETRIC_REPRESENTATION_CONTEXT() REPRESENTATION_CONTEXT('2D SPACE',''
  ) );
#11542 = PCURVE('',#11452,#11543);
#11543 = DEFINITIONAL_REPRESENTATION('',(#11544),#11547);
#11544 = B_SPLINE_CURVE_WITH_KNOTS('',1,(#11545,#11546),.UNSPECIFIED.,
  .F.,.F.,(2,2),(-1.453800096219,-0.353800096219),
  .PIECEWISE_BEZIER_KNOTS.);
#11545 = CARTESIAN_POINT('',(7.832757852543,8.932118692576));
#11546 = CARTESIAN_POINT('',(8.539824223198,8.089469805145));
#11547 = ( GEOMETRIC_REPRESENTATION_CONTEXT(2) 
PARAMETRIC_REPRESENTATION_CONTEXT() REPRESENTATION_CONTEXT('2D SPACE',''
  ) );
#11548 = ORIENTED_EDGE('',*,*,#11463,.T.);
#11549 = ORIENTED_EDGE('',*,*,#9057,.F.);
#11550 = ADVANCED_FACE('',(#11551),#9046,.T.);
#11551 = FACE_BOUND('',#11552,.T.);
#11552 = EDGE_LOOP('',(#11553,#11574,#11575,#11576));
#11553 = ORIENTED_EDGE('',*,*,#11554,.F.);
#11554 = EDGE_CURVE('',#11508,#11555,#11557,.T.);
#11555 = VERTEX_POINT('',#11556);
#11556 = CARTESIAN_POINT('',(53.661240970749,-52.55,13.26));
#11557 = SURFACE_CURVE('',#11558,(#11562,#11568),.PCURVE_S1.);
#11558 = LINE('',#11559,#11560);
#11559 = CARTESIAN_POINT('',(47.542493793444,-57.68423849974,13.26));
#11560 = VECTOR('',#11561,1.);
#11561 = DIRECTION('',(0.766044443119,0.642787609687,-0.));
#11562 = PCURVE('',#9046,#11563);
#11563 = DEFINITIONAL_REPRESENTATION('',(#11564),#11567);
#11564 = B_SPLINE_CURVE_WITH_KNOTS('',1,(#11565,#11566),.UNSPECIFIED.,
  .F.,.F.,(2,2),(5.870847925537,7.987457166836),
  .PIECEWISE_BEZIER_KNOTS.);
#11565 = CARTESIAN_POINT('',(0.74,0.));
#11566 = CARTESIAN_POINT('',(0.74,2.116609241299));
#11567 = ( GEOMETRIC_REPRESENTATION_CONTEXT(2) 
PARAMETRIC_REPRESENTATION_CONTEXT() REPRESENTATION_CONTEXT('2D SPACE',''
  ) );
#11568 = PCURVE('',#11452,#11569);
#11569 = DEFINITIONAL_REPRESENTATION('',(#11570),#11573);
#11570 = B_SPLINE_CURVE_WITH_KNOTS('',1,(#11571,#11572),.UNSPECIFIED.,
  .F.,.F.,(2,2),(5.870847925537,7.987457166836),
  .PIECEWISE_BEZIER_KNOTS.);
#11571 = CARTESIAN_POINT('',(8.539824223198,8.089469805145));
#11572 = CARTESIAN_POINT('',(10.161240970749,9.45));
#11573 = ( GEOMETRIC_REPRESENTATION_CONTEXT(2) 
PARAMETRIC_REPRESENTATION_CONTEXT() REPRESENTATION_CONTEXT('2D SPACE',''
  ) );
#11574 = ORIENTED_EDGE('',*,*,#11507,.T.);
#11575 = ORIENTED_EDGE('',*,*,#9031,.F.);
#11576 = ORIENTED_EDGE('',*,*,#11577,.F.);
#11577 = EDGE_CURVE('',#11555,#9006,#11578,.T.);
#11578 = SURFACE_CURVE('',#11579,(#11583,#11589),.PCURVE_S1.);
#11579 = LINE('',#11580,#11581);
#11580 = CARTESIAN_POINT('',(53.661240970749,-52.55,12.52));
#11581 = VECTOR('',#11582,1.);
#11582 = DIRECTION('',(0.,0.,1.));
#11583 = PCURVE('',#9046,#11584);
#11584 = DEFINITIONAL_REPRESENTATION('',(#11585),#11588);
#11585 = B_SPLINE_CURVE_WITH_KNOTS('',1,(#11586,#11587),.UNSPECIFIED.,
  .F.,.F.,(2,2),(0.,1.),.PIECEWISE_BEZIER_KNOTS.);
#11586 = CARTESIAN_POINT('',(0.,2.116609241299));
#11587 = CARTESIAN_POINT('',(1.,2.116609241299));
#11588 = ( GEOMETRIC_REPRESENTATION_CONTEXT(2) 
PARAMETRIC_REPRESENTATION_CONTEXT() REPRESENTATION_CONTEXT('2D SPACE',''
  ) );
#11589 = PCURVE('',#9020,#11590);
#11590 = DEFINITIONAL_REPRESENTATION('',(#11591),#11594);
#11591 = B_SPLINE_CURVE_WITH_KNOTS('',1,(#11592,#11593),.UNSPECIFIED.,
  .F.,.F.,(2,2),(0.,1.),.PIECEWISE_BEZIER_KNOTS.);
#11592 = CARTESIAN_POINT('',(0.,0.593998823292));
#11593 = CARTESIAN_POINT('',(1.,0.593998823292));
#11594 = ( GEOMETRIC_REPRESENTATION_CONTEXT(2) 
PARAMETRIC_REPRESENTATION_CONTEXT() REPRESENTATION_CONTEXT('2D SPACE',''
  ) );
#11595 = ADVANCED_FACE('',(#11596),#9020,.T.);
#11596 = FACE_BOUND('',#11597,.T.);
#11597 = EDGE_LOOP('',(#11598,#11619,#11620,#11621));
#11598 = ORIENTED_EDGE('',*,*,#11599,.F.);
#11599 = EDGE_CURVE('',#11555,#11600,#11602,.T.);
#11600 = VERTEX_POINT('',#11601);
#11601 = CARTESIAN_POINT('',(55.667242147457,-52.55,13.26));
#11602 = SURFACE_CURVE('',#11603,(#11607,#11613),.PCURVE_S1.);
#11603 = LINE('',#11604,#11605);
#11604 = CARTESIAN_POINT('',(48.283621073729,-52.55,13.26));
#11605 = VECTOR('',#11606,1.);
#11606 = DIRECTION('',(1.,0.,-0.));
#11607 = PCURVE('',#9020,#11608);
#11608 = DEFINITIONAL_REPRESENTATION('',(#11609),#11612);
#11609 = B_SPLINE_CURVE_WITH_KNOTS('',1,(#11610,#11611),.UNSPECIFIED.,
  .F.,.F.,(2,2),(5.377619897021,7.383621073729),
  .PIECEWISE_BEZIER_KNOTS.);
#11610 = CARTESIAN_POINT('',(0.74,0.593998823292));
#11611 = CARTESIAN_POINT('',(0.74,2.6));
#11612 = ( GEOMETRIC_REPRESENTATION_CONTEXT(2) 
PARAMETRIC_REPRESENTATION_CONTEXT() REPRESENTATION_CONTEXT('2D SPACE',''
  ) );
#11613 = PCURVE('',#11452,#11614);
#11614 = DEFINITIONAL_REPRESENTATION('',(#11615),#11618);
#11615 = B_SPLINE_CURVE_WITH_KNOTS('',1,(#11616,#11617),.UNSPECIFIED.,
  .F.,.F.,(2,2),(5.377619897021,7.383621073729),
  .PIECEWISE_BEZIER_KNOTS.);
#11616 = CARTESIAN_POINT('',(10.161240970749,9.45));
#11617 = CARTESIAN_POINT('',(12.167242147457,9.45));
#11618 = ( GEOMETRIC_REPRESENTATION_CONTEXT(2) 
PARAMETRIC_REPRESENTATION_CONTEXT() REPRESENTATION_CONTEXT('2D SPACE',''
  ) );
#11619 = ORIENTED_EDGE('',*,*,#11577,.T.);
#11620 = ORIENTED_EDGE('',*,*,#9005,.F.);
#11621 = ORIENTED_EDGE('',*,*,#11622,.F.);
#11622 = EDGE_CURVE('',#11600,#8980,#11623,.T.);
#11623 = SURFACE_CURVE('',#11624,(#11628,#11635),.PCURVE_S1.);
#11624 = LINE('',#11625,#11626);
#11625 = CARTESIAN_POINT('',(55.667242147457,-52.55,12.52));
#11626 = VECTOR('',#11627,1.);
#11627 = DIRECTION('',(0.,0.,1.));
#11628 = PCURVE('',#9020,#11629);
#11629 = DEFINITIONAL_REPRESENTATION('',(#11630),#11634);
#11630 = LINE('',#11631,#11632);
#11631 = CARTESIAN_POINT('',(0.,2.6));
#11632 = VECTOR('',#11633,1.);
#11633 = DIRECTION('',(1.,0.));
#11634 = ( GEOMETRIC_REPRESENTATION_CONTEXT(2) 
PARAMETRIC_REPRESENTATION_CONTEXT() REPRESENTATION_CONTEXT('2D SPACE',''
  ) );
#11635 = PCURVE('',#8994,#11636);
#11636 = DEFINITIONAL_REPRESENTATION('',(#11637),#11641);
#11637 = LINE('',#11638,#11639);
#11638 = CARTESIAN_POINT('',(0.,0.));
#11639 = VECTOR('',#11640,1.);
#11640 = DIRECTION('',(1.,0.));
#11641 = ( GEOMETRIC_REPRESENTATION_CONTEXT(2) 
PARAMETRIC_REPRESENTATION_CONTEXT() REPRESENTATION_CONTEXT('2D SPACE',''
  ) );
#11642 = ADVANCED_FACE('',(#11643),#8994,.F.);
#11643 = FACE_BOUND('',#11644,.F.);
#11644 = EDGE_LOOP('',(#11645,#11646,#11667,#11688));
#11645 = ORIENTED_EDGE('',*,*,#11622,.F.);
#11646 = ORIENTED_EDGE('',*,*,#11647,.F.);
#11647 = EDGE_CURVE('',#11648,#11600,#11650,.T.);
#11648 = VERTEX_POINT('',#11649);
#11649 = CARTESIAN_POINT('',(55.667242147457,-51.45,13.26));
#11650 = SURFACE_CURVE('',#11651,(#11655,#11661),.PCURVE_S1.);
#11651 = LINE('',#11652,#11653);
#11652 = CARTESIAN_POINT('',(55.667242147457,-57.275,13.26));
#11653 = VECTOR('',#11654,1.);
#11654 = DIRECTION('',(0.,-1.,0.));
#11655 = PCURVE('',#8994,#11656);
#11656 = DEFINITIONAL_REPRESENTATION('',(#11657),#11660);
#11657 = B_SPLINE_CURVE_WITH_KNOTS('',1,(#11658,#11659),.UNSPECIFIED.,
  .F.,.F.,(2,2),(-5.825,-4.725),.PIECEWISE_BEZIER_KNOTS.);
#11658 = CARTESIAN_POINT('',(0.74,-1.1));
#11659 = CARTESIAN_POINT('',(0.74,0.));
#11660 = ( GEOMETRIC_REPRESENTATION_CONTEXT(2) 
PARAMETRIC_REPRESENTATION_CONTEXT() REPRESENTATION_CONTEXT('2D SPACE',''
  ) );
#11661 = PCURVE('',#11452,#11662);
#11662 = DEFINITIONAL_REPRESENTATION('',(#11663),#11666);
#11663 = B_SPLINE_CURVE_WITH_KNOTS('',1,(#11664,#11665),.UNSPECIFIED.,
  .F.,.F.,(2,2),(-5.825,-4.725),.PIECEWISE_BEZIER_KNOTS.);
#11664 = CARTESIAN_POINT('',(12.167242147457,10.55));
#11665 = CARTESIAN_POINT('',(12.167242147457,9.45));
#11666 = ( GEOMETRIC_REPRESENTATION_CONTEXT(2) 
PARAMETRIC_REPRESENTATION_CONTEXT() REPRESENTATION_CONTEXT('2D SPACE',''
  ) );
#11667 = ORIENTED_EDGE('',*,*,#11668,.T.);
#11668 = EDGE_CURVE('',#11648,#8954,#11669,.T.);
#11669 = SURFACE_CURVE('',#11670,(#11674,#11681),.PCURVE_S1.);
#11670 = LINE('',#11671,#11672);
#11671 = CARTESIAN_POINT('',(55.667242147457,-51.45,12.52));
#11672 = VECTOR('',#11673,1.);
#11673 = DIRECTION('',(0.,0.,1.));
#11674 = PCURVE('',#8994,#11675);
#11675 = DEFINITIONAL_REPRESENTATION('',(#11676),#11680);
#11676 = LINE('',#11677,#11678);
#11677 = CARTESIAN_POINT('',(0.,-1.1));
#11678 = VECTOR('',#11679,1.);
#11679 = DIRECTION('',(1.,0.));
#11680 = ( GEOMETRIC_REPRESENTATION_CONTEXT(2) 
PARAMETRIC_REPRESENTATION_CONTEXT() REPRESENTATION_CONTEXT('2D SPACE',''
  ) );
#11681 = PCURVE('',#8968,#11682);
#11682 = DEFINITIONAL_REPRESENTATION('',(#11683),#11687);
#11683 = LINE('',#11684,#11685);
#11684 = CARTESIAN_POINT('',(0.,2.6));
#11685 = VECTOR('',#11686,1.);
#11686 = DIRECTION('',(1.,0.));
#11687 = ( GEOMETRIC_REPRESENTATION_CONTEXT(2) 
PARAMETRIC_REPRESENTATION_CONTEXT() REPRESENTATION_CONTEXT('2D SPACE',''
  ) );
#11688 = ORIENTED_EDGE('',*,*,#8979,.F.);
#11689 = ADVANCED_FACE('',(#11690),#8968,.F.);
#11690 = FACE_BOUND('',#11691,.F.);
#11691 = EDGE_LOOP('',(#11692,#11713,#11732,#11733));
#11692 = ORIENTED_EDGE('',*,*,#11693,.F.);
#11693 = EDGE_CURVE('',#11694,#11648,#11696,.T.);
#11694 = VERTEX_POINT('',#11695);
#11695 = CARTESIAN_POINT('',(53.661240970749,-51.45,13.26));
#11696 = SURFACE_CURVE('',#11697,(#11701,#11707),.PCURVE_S1.);
#11697 = LINE('',#11698,#11699);
#11698 = CARTESIAN_POINT('',(48.283621073729,-51.45,13.26));
#11699 = VECTOR('',#11700,1.);
#11700 = DIRECTION('',(1.,0.,-0.));
#11701 = PCURVE('',#8968,#11702);
#11702 = DEFINITIONAL_REPRESENTATION('',(#11703),#11706);
#11703 = B_SPLINE_CURVE_WITH_KNOTS('',1,(#11704,#11705),.UNSPECIFIED.,
  .F.,.F.,(2,2),(5.377619897021,7.383621073729),
  .PIECEWISE_BEZIER_KNOTS.);
#11704 = CARTESIAN_POINT('',(0.74,0.593998823292));
#11705 = CARTESIAN_POINT('',(0.74,2.6));
#11706 = ( GEOMETRIC_REPRESENTATION_CONTEXT(2) 
PARAMETRIC_REPRESENTATION_CONTEXT() REPRESENTATION_CONTEXT('2D SPACE',''
  ) );
#11707 = PCURVE('',#11452,#11708);
#11708 = DEFINITIONAL_REPRESENTATION('',(#11709),#11712);
#11709 = B_SPLINE_CURVE_WITH_KNOTS('',1,(#11710,#11711),.UNSPECIFIED.,
  .F.,.F.,(2,2),(5.377619897021,7.383621073729),
  .PIECEWISE_BEZIER_KNOTS.);
#11710 = CARTESIAN_POINT('',(10.161240970749,10.55));
#11711 = CARTESIAN_POINT('',(12.167242147457,10.55));
#11712 = ( GEOMETRIC_REPRESENTATION_CONTEXT(2) 
PARAMETRIC_REPRESENTATION_CONTEXT() REPRESENTATION_CONTEXT('2D SPACE',''
  ) );
#11713 = ORIENTED_EDGE('',*,*,#11714,.F.);
#11714 = EDGE_CURVE('',#8928,#11694,#11715,.T.);
#11715 = SURFACE_CURVE('',#11716,(#11720,#11726),.PCURVE_S1.);
#11716 = LINE('',#11717,#11718);
#11717 = CARTESIAN_POINT('',(53.661240970749,-51.45,12.52));
#11718 = VECTOR('',#11719,1.);
#11719 = DIRECTION('',(0.,0.,-1.));
#11720 = PCURVE('',#8968,#11721);
#11721 = DEFINITIONAL_REPRESENTATION('',(#11722),#11725);
#11722 = B_SPLINE_CURVE_WITH_KNOTS('',1,(#11723,#11724),.UNSPECIFIED.,
  .F.,.F.,(2,2),(-1.,0.),.PIECEWISE_BEZIER_KNOTS.);
#11723 = CARTESIAN_POINT('',(1.,0.593998823292));
#11724 = CARTESIAN_POINT('',(0.,0.593998823292));
#11725 = ( GEOMETRIC_REPRESENTATION_CONTEXT(2) 
PARAMETRIC_REPRESENTATION_CONTEXT() REPRESENTATION_CONTEXT('2D SPACE',''
  ) );
#11726 = PCURVE('',#8942,#11727);
#11727 = DEFINITIONAL_REPRESENTATION('',(#11728),#11731);
#11728 = B_SPLINE_CURVE_WITH_KNOTS('',1,(#11729,#11730),.UNSPECIFIED.,
  .F.,.F.,(2,2),(-1.,0.),.PIECEWISE_BEZIER_KNOTS.);
#11729 = CARTESIAN_POINT('',(1.,2.116609241299));
#11730 = CARTESIAN_POINT('',(0.,2.116609241299));
#11731 = ( GEOMETRIC_REPRESENTATION_CONTEXT(2) 
PARAMETRIC_REPRESENTATION_CONTEXT() REPRESENTATION_CONTEXT('2D SPACE',''
  ) );
#11732 = ORIENTED_EDGE('',*,*,#8953,.F.);
#11733 = ORIENTED_EDGE('',*,*,#11668,.F.);
#11734 = ADVANCED_FACE('',(#11735),#8942,.F.);
#11735 = FACE_BOUND('',#11736,.F.);
#11736 = EDGE_LOOP('',(#11737,#11758,#11779,#11780));
#11737 = ORIENTED_EDGE('',*,*,#11738,.F.);
#11738 = EDGE_CURVE('',#11739,#11694,#11741,.T.);
#11739 = VERTEX_POINT('',#11740);
#11740 = CARTESIAN_POINT('',(52.039824223198,-50.08946980514,13.26));
#11741 = SURFACE_CURVE('',#11742,(#11746,#11752),.PCURVE_S1.);
#11742 = LINE('',#11743,#11744);
#11743 = CARTESIAN_POINT('',(52.466532558505,-50.44752061192,13.26));
#11744 = VECTOR('',#11745,1.);
#11745 = DIRECTION('',(0.766044443119,-0.642787609687,0.));
#11746 = PCURVE('',#8942,#11747);
#11747 = DEFINITIONAL_REPRESENTATION('',(#11748),#11751);
#11748 = B_SPLINE_CURVE_WITH_KNOTS('',1,(#11749,#11750),.UNSPECIFIED.,
  .F.,.F.,(2,2),(-0.557028171328,1.559581069971),
  .PIECEWISE_BEZIER_KNOTS.);
#11749 = CARTESIAN_POINT('',(0.74,0.));
#11750 = CARTESIAN_POINT('',(0.74,2.116609241299));
#11751 = ( GEOMETRIC_REPRESENTATION_CONTEXT(2) 
PARAMETRIC_REPRESENTATION_CONTEXT() REPRESENTATION_CONTEXT('2D SPACE',''
  ) );
#11752 = PCURVE('',#11452,#11753);
#11753 = DEFINITIONAL_REPRESENTATION('',(#11754),#11757);
#11754 = B_SPLINE_CURVE_WITH_KNOTS('',1,(#11755,#11756),.UNSPECIFIED.,
  .F.,.F.,(2,2),(-0.557028171328,1.559581069971),
  .PIECEWISE_BEZIER_KNOTS.);
#11755 = CARTESIAN_POINT('',(8.539824223198,11.910530194855));
#11756 = CARTESIAN_POINT('',(10.161240970749,10.55));
#11757 = ( GEOMETRIC_REPRESENTATION_CONTEXT(2) 
PARAMETRIC_REPRESENTATION_CONTEXT() REPRESENTATION_CONTEXT('2D SPACE',''
  ) );
#11758 = ORIENTED_EDGE('',*,*,#11759,.T.);
#11759 = EDGE_CURVE('',#11739,#8902,#11760,.T.);
#11760 = SURFACE_CURVE('',#11761,(#11765,#11772),.PCURVE_S1.);
#11761 = LINE('',#11762,#11763);
#11762 = CARTESIAN_POINT('',(52.039824223198,-50.08946980514,12.52));
#11763 = VECTOR('',#11764,1.);
#11764 = DIRECTION('',(0.,0.,1.));
#11765 = PCURVE('',#8942,#11766);
#11766 = DEFINITIONAL_REPRESENTATION('',(#11767),#11771);
#11767 = LINE('',#11768,#11769);
#11768 = CARTESIAN_POINT('',(0.,0.));
#11769 = VECTOR('',#11770,1.);
#11770 = DIRECTION('',(1.,0.));
#11771 = ( GEOMETRIC_REPRESENTATION_CONTEXT(2) 
PARAMETRIC_REPRESENTATION_CONTEXT() REPRESENTATION_CONTEXT('2D SPACE',''
  ) );
#11772 = PCURVE('',#8916,#11773);
#11773 = DEFINITIONAL_REPRESENTATION('',(#11774),#11778);
#11774 = LINE('',#11775,#11776);
#11775 = CARTESIAN_POINT('',(0.,-1.1));
#11776 = VECTOR('',#11777,1.);
#11777 = DIRECTION('',(1.,0.));
#11778 = ( GEOMETRIC_REPRESENTATION_CONTEXT(2) 
PARAMETRIC_REPRESENTATION_CONTEXT() REPRESENTATION_CONTEXT('2D SPACE',''
  ) );
#11779 = ORIENTED_EDGE('',*,*,#8927,.F.);
#11780 = ORIENTED_EDGE('',*,*,#11714,.T.);
#11781 = ADVANCED_FACE('',(#11782),#8916,.T.);
#11782 = FACE_BOUND('',#11783,.T.);
#11783 = EDGE_LOOP('',(#11784,#11807,#11826,#11827));
#11784 = ORIENTED_EDGE('',*,*,#11785,.F.);
#11785 = EDGE_CURVE('',#11786,#8876,#11788,.T.);
#11786 = VERTEX_POINT('',#11787);
#11787 = CARTESIAN_POINT('',(51.332757852543,-50.93211869257,13.26));
#11788 = SURFACE_CURVE('',#11789,(#11793,#11800),.PCURVE_S1.);
#11789 = LINE('',#11790,#11791);
#11790 = CARTESIAN_POINT('',(51.332757852543,-50.93211869257,12.52));
#11791 = VECTOR('',#11792,1.);
#11792 = DIRECTION('',(0.,0.,1.));
#11793 = PCURVE('',#8916,#11794);
#11794 = DEFINITIONAL_REPRESENTATION('',(#11795),#11799);
#11795 = LINE('',#11796,#11797);
#11796 = CARTESIAN_POINT('',(0.,0.));
#11797 = VECTOR('',#11798,1.);
#11798 = DIRECTION('',(1.,0.));
#11799 = ( GEOMETRIC_REPRESENTATION_CONTEXT(2) 
PARAMETRIC_REPRESENTATION_CONTEXT() REPRESENTATION_CONTEXT('2D SPACE',''
  ) );
#11800 = PCURVE('',#8890,#11801);
#11801 = DEFINITIONAL_REPRESENTATION('',(#11802),#11806);
#11802 = LINE('',#11803,#11804);
#11803 = CARTESIAN_POINT('',(0.,0.));
#11804 = VECTOR('',#11805,1.);
#11805 = DIRECTION('',(1.,0.));
#11806 = ( GEOMETRIC_REPRESENTATION_CONTEXT(2) 
PARAMETRIC_REPRESENTATION_CONTEXT() REPRESENTATION_CONTEXT('2D SPACE',''
  ) );
#11807 = ORIENTED_EDGE('',*,*,#11808,.F.);
#11808 = EDGE_CURVE('',#11739,#11786,#11809,.T.);
#11809 = SURFACE_CURVE('',#11810,(#11814,#11820),.PCURVE_S1.);
#11810 = LINE('',#11811,#11812);
#11811 = CARTESIAN_POINT('',(46.989670590965,-56.10800853951,13.26));
#11812 = VECTOR('',#11813,1.);
#11813 = DIRECTION('',(-0.642787609687,-0.766044443119,0.));
#11814 = PCURVE('',#8916,#11815);
#11815 = DEFINITIONAL_REPRESENTATION('',(#11816),#11819);
#11816 = B_SPLINE_CURVE_WITH_KNOTS('',1,(#11817,#11818),.UNSPECIFIED.,
  .F.,.F.,(2,2),(-7.856644334971,-6.756644334971),
  .PIECEWISE_BEZIER_KNOTS.);
#11817 = CARTESIAN_POINT('',(0.74,-1.1));
#11818 = CARTESIAN_POINT('',(0.74,0.));
#11819 = ( GEOMETRIC_REPRESENTATION_CONTEXT(2) 
PARAMETRIC_REPRESENTATION_CONTEXT() REPRESENTATION_CONTEXT('2D SPACE',''
  ) );
#11820 = PCURVE('',#11452,#11821);
#11821 = DEFINITIONAL_REPRESENTATION('',(#11822),#11825);
#11822 = B_SPLINE_CURVE_WITH_KNOTS('',1,(#11823,#11824),.UNSPECIFIED.,
  .F.,.F.,(2,2),(-7.856644334971,-6.756644334971),
  .PIECEWISE_BEZIER_KNOTS.);
#11823 = CARTESIAN_POINT('',(8.539824223198,11.910530194855));
#11824 = CARTESIAN_POINT('',(7.832757852543,11.067881307424));
#11825 = ( GEOMETRIC_REPRESENTATION_CONTEXT(2) 
PARAMETRIC_REPRESENTATION_CONTEXT() REPRESENTATION_CONTEXT('2D SPACE',''
  ) );
#11826 = ORIENTED_EDGE('',*,*,#11759,.T.);
#11827 = ORIENTED_EDGE('',*,*,#8901,.F.);
#11828 = ADVANCED_FACE('',(#11829),#8890,.T.);
#11829 = FACE_BOUND('',#11830,.T.);
#11830 = EDGE_LOOP('',(#11831,#11850,#11851,#11852));
#11831 = ORIENTED_EDGE('',*,*,#11832,.F.);
#11832 = EDGE_CURVE('',#11786,#11438,#11833,.T.);
#11833 = SURFACE_CURVE('',#11834,(#11838,#11844),.PCURVE_S1.);
#11834 = LINE('',#11835,#11836);
#11835 = CARTESIAN_POINT('',(51.75946618785,-51.29016949935,13.26));
#11836 = VECTOR('',#11837,1.);
#11837 = DIRECTION('',(0.766044443119,-0.642787609687,0.));
#11838 = PCURVE('',#8890,#11839);
#11839 = DEFINITIONAL_REPRESENTATION('',(#11840),#11843);
#11840 = B_SPLINE_CURVE_WITH_KNOTS('',1,(#11841,#11842),.UNSPECIFIED.,
  .F.,.F.,(2,2),(-0.557028171328,1.10430022289),
  .PIECEWISE_BEZIER_KNOTS.);
#11841 = CARTESIAN_POINT('',(0.74,0.));
#11842 = CARTESIAN_POINT('',(0.74,1.661328394218));
#11843 = ( GEOMETRIC_REPRESENTATION_CONTEXT(2) 
PARAMETRIC_REPRESENTATION_CONTEXT() REPRESENTATION_CONTEXT('2D SPACE',''
  ) );
#11844 = PCURVE('',#11452,#11845);
#11845 = DEFINITIONAL_REPRESENTATION('',(#11846),#11849);
#11846 = B_SPLINE_CURVE_WITH_KNOTS('',1,(#11847,#11848),.UNSPECIFIED.,
  .F.,.F.,(2,2),(-0.557028171328,1.10430022289),
  .PIECEWISE_BEZIER_KNOTS.);
#11847 = CARTESIAN_POINT('',(7.832757852543,11.067881307424));
#11848 = CARTESIAN_POINT('',(9.10540923713,10.));
#11849 = ( GEOMETRIC_REPRESENTATION_CONTEXT(2) 
PARAMETRIC_REPRESENTATION_CONTEXT() REPRESENTATION_CONTEXT('2D SPACE',''
  ) );
#11850 = ORIENTED_EDGE('',*,*,#11785,.T.);
#11851 = ORIENTED_EDGE('',*,*,#8875,.F.);
#11852 = ORIENTED_EDGE('',*,*,#11485,.F.);
#11853 = ADVANCED_FACE('',(#11854),#9124,.F.);
#11854 = FACE_BOUND('',#11855,.F.);
#11855 = EDGE_LOOP('',(#11856));
#11856 = ORIENTED_EDGE('',*,*,#9109,.T.);
#11857 = ADVANCED_FACE('',(#11858),#9179,.F.);
#11858 = FACE_BOUND('',#11859,.F.);
#11859 = EDGE_LOOP('',(#11860));
#11860 = ORIENTED_EDGE('',*,*,#9164,.T.);
#11861 = ADVANCED_FACE('',(#11862),#9234,.F.);
#11862 = FACE_BOUND('',#11863,.F.);
#11863 = EDGE_LOOP('',(#11864));
#11864 = ORIENTED_EDGE('',*,*,#9219,.T.);
#11865 = ADVANCED_FACE('',(#11866),#9289,.F.);
#11866 = FACE_BOUND('',#11867,.F.);
#11867 = EDGE_LOOP('',(#11868));
#11868 = ORIENTED_EDGE('',*,*,#9274,.T.);
#11869 = ADVANCED_FACE('',(#11870),#9342,.T.);
#11870 = FACE_BOUND('',#11871,.T.);
#11871 = EDGE_LOOP('',(#11872,#11873,#11874,#11875));
#11872 = ORIENTED_EDGE('',*,*,#9426,.F.);
#11873 = ORIENTED_EDGE('',*,*,#9473,.T.);
#11874 = ORIENTED_EDGE('',*,*,#9327,.T.);
#11875 = ORIENTED_EDGE('',*,*,#9379,.F.);
#11876 = ADVANCED_FACE('',(#11877),#9514,.T.);
#11877 = FACE_BOUND('',#11878,.T.);
#11878 = EDGE_LOOP('',(#11879,#11880,#11881,#11882,#11883,#11884,#11885,
    #11886,#11887,#11888,#11889,#11890));
#11879 = ORIENTED_EDGE('',*,*,#9986,.F.);
#11880 = ORIENTED_EDGE('',*,*,#10034,.T.);
#11881 = ORIENTED_EDGE('',*,*,#9497,.T.);
#11882 = ORIENTED_EDGE('',*,*,#9593,.T.);
#11883 = ORIENTED_EDGE('',*,*,#9639,.T.);
#11884 = ORIENTED_EDGE('',*,*,#9665,.F.);
#11885 = ORIENTED_EDGE('',*,*,#9708,.T.);
#11886 = ORIENTED_EDGE('',*,*,#9756,.F.);
#11887 = ORIENTED_EDGE('',*,*,#9802,.F.);
#11888 = ORIENTED_EDGE('',*,*,#9849,.F.);
#11889 = ORIENTED_EDGE('',*,*,#9895,.F.);
#11890 = ORIENTED_EDGE('',*,*,#9963,.T.);
#11891 = ADVANCED_FACE('',(#11892),#10075,.T.);
#11892 = FACE_BOUND('',#11893,.T.);
#11893 = EDGE_LOOP('',(#11894,#11895,#11896,#11897,#11898,#11899,#11900,
    #11901,#11902,#11903,#11904,#11905));
#11894 = ORIENTED_EDGE('',*,*,#10058,.F.);
#11895 = ORIENTED_EDGE('',*,*,#10132,.F.);
#11896 = ORIENTED_EDGE('',*,*,#10179,.F.);
#11897 = ORIENTED_EDGE('',*,*,#10251,.F.);
#11898 = ORIENTED_EDGE('',*,*,#10298,.F.);
#11899 = ORIENTED_EDGE('',*,*,#10345,.F.);
#11900 = ORIENTED_EDGE('',*,*,#10392,.F.);
#11901 = ORIENTED_EDGE('',*,*,#10439,.F.);
#11902 = ORIENTED_EDGE('',*,*,#10486,.F.);
#11903 = ORIENTED_EDGE('',*,*,#10533,.F.);
#11904 = ORIENTED_EDGE('',*,*,#10580,.F.);
#11905 = ORIENTED_EDGE('',*,*,#10605,.F.);
#11906 = ADVANCED_FACE('',(#11907,#11920),#10694,.T.);
#11907 = FACE_BOUND('',#11908,.T.);
#11908 = EDGE_LOOP('',(#11909,#11910,#11911,#11912,#11913,#11914,#11915,
    #11916,#11917,#11918,#11919));
#11909 = ORIENTED_EDGE('',*,*,#11376,.T.);
#11910 = ORIENTED_EDGE('',*,*,#10650,.T.);
#11911 = ORIENTED_EDGE('',*,*,#10746,.T.);
#11912 = ORIENTED_EDGE('',*,*,#10816,.T.);
#11913 = ORIENTED_EDGE('',*,*,#10886,.T.);
#11914 = ORIENTED_EDGE('',*,*,#10956,.T.);
#11915 = ORIENTED_EDGE('',*,*,#11026,.T.);
#11916 = ORIENTED_EDGE('',*,*,#11096,.T.);
#11917 = ORIENTED_EDGE('',*,*,#11166,.T.);
#11918 = ORIENTED_EDGE('',*,*,#11236,.T.);
#11919 = ORIENTED_EDGE('',*,*,#11306,.T.);
#11920 = FACE_BOUND('',#11921,.T.);
#11921 = EDGE_LOOP('',(#11922,#11987,#12044,#12095,#12146,#12197,#12239,
    #12296,#12347));
#11922 = ORIENTED_EDGE('',*,*,#11923,.T.);
#11923 = EDGE_CURVE('',#11924,#11926,#11928,.T.);
#11924 = VERTEX_POINT('',#11925);
#11925 = CARTESIAN_POINT('',(38.273877003125,-52.90234375,13.26));
#11926 = VERTEX_POINT('',#11927);
#11927 = CARTESIAN_POINT('',(37.981640675,-52.04614257812,13.26));
#11928 = SURFACE_CURVE('',#11929,(#11944,#11962),.PCURVE_S1.);
#11929 = B_SPLINE_CURVE_WITH_KNOTS('',5,(#11930,#11931,#11932,#11933,
    #11934,#11935,#11936,#11937,#11938,#11939,#11940,#11941,#11942,
    #11943),.UNSPECIFIED.,.F.,.F.,(6,4,4,6),(0.,9.251310504006E-02,
    0.532599337675,1.),.UNSPECIFIED.);
#11930 = CARTESIAN_POINT('',(38.273877003125,-52.90234375,13.26));
#11931 = CARTESIAN_POINT('',(38.262666091941,-52.8903461082,13.26));
#11932 = CARTESIAN_POINT('',(38.251715754906,-52.87812745602,13.26));
#11933 = CARTESIAN_POINT('',(38.241029512884,-52.86569008906,13.26));
#11934 = CARTESIAN_POINT('',(38.230610382898,-52.85303674927,13.26));
#11935 = CARTESIAN_POINT('',(38.172179531208,-52.77896627822,13.26));
#11936 = CARTESIAN_POINT('',(38.129993309141,-52.71293886329,13.26));
#11937 = CARTESIAN_POINT('',(38.094194999355,-52.64245386964,13.26));
#11938 = CARTESIAN_POINT('',(38.064730080792,-52.5680403379,13.26));
#11939 = CARTESIAN_POINT('',(38.016509995396,-52.40771847347,13.26));
#11940 = CARTESIAN_POINT('',(37.998530079319,-52.32137103754,13.26));
#11941 = CARTESIAN_POINT('',(37.987091282129,-52.23192424606,13.26));
#11942 = CARTESIAN_POINT('',(37.981640675,-52.14001863356,13.26));
#11943 = CARTESIAN_POINT('',(37.981640675,-52.04614257812,13.26));
#11944 = PCURVE('',#10694,#11945);
#11945 = DEFINITIONAL_REPRESENTATION('',(#11946),#11961);
#11946 = B_SPLINE_CURVE_WITH_KNOTS('',5,(#11947,#11948,#11949,#11950,
    #11951,#11952,#11953,#11954,#11955,#11956,#11957,#11958,#11959,
    #11960),.UNSPECIFIED.,.F.,.F.,(6,4,4,6),(0.,9.251310504006E-02,
    0.532599337675,1.),.UNSPECIFIED.);
#11947 = CARTESIAN_POINT('',(7.773877003125,9.09765625));
#11948 = CARTESIAN_POINT('',(7.762666091941,9.109653891793));
#11949 = CARTESIAN_POINT('',(7.751715754906,9.121872543973));
#11950 = CARTESIAN_POINT('',(7.741029512884,9.134309910937));
#11951 = CARTESIAN_POINT('',(7.730610382898,9.146963250722));
#11952 = CARTESIAN_POINT('',(7.672179531208,9.221033721775));
#11953 = CARTESIAN_POINT('',(7.629993309141,9.287061136705));
#11954 = CARTESIAN_POINT('',(7.594194999355,9.357546130356));
#11955 = CARTESIAN_POINT('',(7.564730080792,9.431959662095));
#11956 = CARTESIAN_POINT('',(7.516509995396,9.592281526521));
#11957 = CARTESIAN_POINT('',(7.498530079319,9.678628962451));
#11958 = CARTESIAN_POINT('',(7.487091282129,9.768075753938));
#11959 = CARTESIAN_POINT('',(7.481640675,9.859981366432));
#11960 = CARTESIAN_POINT('',(7.481640675,9.953857421875));
#11961 = ( GEOMETRIC_REPRESENTATION_CONTEXT(2) 
PARAMETRIC_REPRESENTATION_CONTEXT() REPRESENTATION_CONTEXT('2D SPACE',''
  ) );
#11962 = PCURVE('',#11963,#11970);
#11963 = SURFACE_OF_LINEAR_EXTRUSION('',#11964,#11968);
#11964 = B_SPLINE_CURVE_WITH_KNOTS('',2,(#11965,#11966,#11967),
  .UNSPECIFIED.,.F.,.F.,(3,3),(0.,1.),.PIECEWISE_BEZIER_KNOTS.);
#11965 = CARTESIAN_POINT('',(37.981640675,-52.04614257812,13.0199999));
#11966 = CARTESIAN_POINT('',(37.981640675,-52.58959960937,13.0199999));
#11967 = CARTESIAN_POINT('',(38.273877003125,-52.90234375,13.0199999));
#11968 = VECTOR('',#11969,1.);
#11969 = DIRECTION('',(-0.,-0.,-1.));
#11970 = DEFINITIONAL_REPRESENTATION('',(#11971),#11986);
#11971 = B_SPLINE_CURVE_WITH_KNOTS('',5,(#11972,#11973,#11974,#11975,
    #11976,#11977,#11978,#11979,#11980,#11981,#11982,#11983,#11984,
    #11985),.UNSPECIFIED.,.F.,.F.,(6,4,4,6),(0.,9.251310504006E-02,
    0.532599337675,1.),.UNSPECIFIED.);
#11972 = CARTESIAN_POINT('',(1.,-0.2400001));
#11973 = CARTESIAN_POINT('',(0.980818758476,-0.2400001));
#11974 = CARTESIAN_POINT('',(0.961623445965,-0.2400001));
#11975 = CARTESIAN_POINT('',(0.942418731863,-0.2400001));
#11976 = CARTESIAN_POINT('',(0.923209330272,-0.2400001));
#11977 = CARTESIAN_POINT('',(0.812620926869,-0.2400001));
#11978 = CARTESIAN_POINT('',(0.721231616053,-0.2400001));
#11979 = CARTESIAN_POINT('',(0.630380995408,-0.2400001));
#11980 = CARTESIAN_POINT('',(0.540516200276,-0.2400001));
#11981 = CARTESIAN_POINT('',(0.35798994568,-0.2400001));
#11982 = CARTESIAN_POINT('',(0.265487594311,-0.2400001));
#11983 = CARTESIAN_POINT('',(0.174884827961,-0.2400001));
#11984 = CARTESIAN_POINT('',(8.636934481039E-02,-0.2400001));
#11985 = CARTESIAN_POINT('',(0.,-0.2400001));
#11986 = ( GEOMETRIC_REPRESENTATION_CONTEXT(2) 
PARAMETRIC_REPRESENTATION_CONTEXT() REPRESENTATION_CONTEXT('2D SPACE',''
  ) );
#11987 = ORIENTED_EDGE('',*,*,#11988,.T.);
#11988 = EDGE_CURVE('',#11926,#11989,#11991,.T.);
#11989 = VERTEX_POINT('',#11990);
#11990 = CARTESIAN_POINT('',(38.286181690625,-51.0771484375,13.26));
#11991 = SURFACE_CURVE('',#11992,(#12005,#12021),.PCURVE_S1.);
#11992 = B_SPLINE_CURVE_WITH_KNOTS('',6,(#11993,#11994,#11995,#11996,
    #11997,#11998,#11999,#12000,#12001,#12002,#12003,#12004),
  .UNSPECIFIED.,.F.,.F.,(7,5,7),(0.,0.476073461693,1.),.UNSPECIFIED.);
#11993 = CARTESIAN_POINT('',(37.981640675,-52.04614257812,13.26));
#11994 = CARTESIAN_POINT('',(37.981640675,-51.95357448873,13.26));
#11995 = CARTESIAN_POINT('',(37.985038609915,-51.8625448421,13.26));
#11996 = CARTESIAN_POINT('',(37.992220119722,-51.77335454826,13.26));
#11997 = CARTESIAN_POINT('',(38.003634699987,-51.68645450871,13.26));
#11998 = CARTESIAN_POINT('',(38.019782103817,-51.60243830804,13.26));
#11999 = CARTESIAN_POINT('',(38.064638462925,-51.43347368317,13.26));
#12000 = CARTESIAN_POINT('',(38.094455454758,-51.34924760103,13.26));
#12001 = CARTESIAN_POINT('',(38.131198083946,-51.27036580466,13.26));
#12002 = CARTESIAN_POINT('',(38.17537187378,-51.19801531643,13.26));
#12003 = CARTESIAN_POINT('',(38.227193613385,-51.13335593197,13.26));
#12004 = CARTESIAN_POINT('',(38.286181690625,-51.0771484375,13.26));
#12005 = PCURVE('',#10694,#12006);
#12006 = DEFINITIONAL_REPRESENTATION('',(#12007),#12020);
#12007 = B_SPLINE_CURVE_WITH_KNOTS('',6,(#12008,#12009,#12010,#12011,
    #12012,#12013,#12014,#12015,#12016,#12017,#12018,#12019),
  .UNSPECIFIED.,.F.,.F.,(7,5,7),(0.,0.476073461693,1.),.UNSPECIFIED.);
#12008 = CARTESIAN_POINT('',(7.481640675,9.953857421875));
#12009 = CARTESIAN_POINT('',(7.481640675,10.04642551127));
#12010 = CARTESIAN_POINT('',(7.485038609915,10.137455157895));
#12011 = CARTESIAN_POINT('',(7.492220119722,10.226645451737));
#12012 = CARTESIAN_POINT('',(7.503634699987,10.313545491286));
#12013 = CARTESIAN_POINT('',(7.519782103817,10.397561691958));
#12014 = CARTESIAN_POINT('',(7.564638462925,10.566526316821));
#12015 = CARTESIAN_POINT('',(7.594455454758,10.650752398966));
#12016 = CARTESIAN_POINT('',(7.631198083946,10.729634195337));
#12017 = CARTESIAN_POINT('',(7.67537187378,10.801984683566));
#12018 = CARTESIAN_POINT('',(7.727193613385,10.866644068026));
#12019 = CARTESIAN_POINT('',(7.786181690625,10.9228515625));
#12020 = ( GEOMETRIC_REPRESENTATION_CONTEXT(2) 
PARAMETRIC_REPRESENTATION_CONTEXT() REPRESENTATION_CONTEXT('2D SPACE',''
  ) );
#12021 = PCURVE('',#12022,#12029);
#12022 = SURFACE_OF_LINEAR_EXTRUSION('',#12023,#12027);
#12023 = B_SPLINE_CURVE_WITH_KNOTS('',2,(#12024,#12025,#12026),
  .UNSPECIFIED.,.F.,.F.,(3,3),(0.,1.),.PIECEWISE_BEZIER_KNOTS.);
#12024 = CARTESIAN_POINT('',(38.286181690625,-51.0771484375,13.0199999)
  );
#12025 = CARTESIAN_POINT('',(37.981640675,-51.36733398437,13.0199999));
#12026 = CARTESIAN_POINT('',(37.981640675,-52.04614257812,13.0199999));
#12027 = VECTOR('',#12028,1.);
#12028 = DIRECTION('',(-0.,-0.,-1.));
#12029 = DEFINITIONAL_REPRESENTATION('',(#12030),#12043);
#12030 = B_SPLINE_CURVE_WITH_KNOTS('',6,(#12031,#12032,#12033,#12034,
    #12035,#12036,#12037,#12038,#12039,#12040,#12041,#12042),
  .UNSPECIFIED.,.F.,.F.,(7,5,7),(0.,0.476073461693,1.),.UNSPECIFIED.);
#12031 = CARTESIAN_POINT('',(1.,-0.2400001));
#12032 = CARTESIAN_POINT('',(0.931815764969,-0.2400001));
#12033 = CARTESIAN_POINT('',(0.861570829357,-0.2400001));
#12034 = CARTESIAN_POINT('',(0.789124356003,-0.2400001));
#12035 = CARTESIAN_POINT('',(0.714385968022,-0.2400001));
#12036 = CARTESIAN_POINT('',(0.637323147046,-0.2400001));
#12037 = CARTESIAN_POINT('',(0.470703594753,-0.2400001));
#12038 = CARTESIAN_POINT('',(0.380637428915,-0.2400001));
#12039 = CARTESIAN_POINT('',(0.28799801898,-0.2400001));
#12040 = CARTESIAN_POINT('',(0.19318454006,-0.2400001));
#12041 = CARTESIAN_POINT('',(9.684750856745E-02,-0.2400001));
#12042 = CARTESIAN_POINT('',(0.,-0.2400001));
#12043 = ( GEOMETRIC_REPRESENTATION_CONTEXT(2) 
PARAMETRIC_REPRESENTATION_CONTEXT() REPRESENTATION_CONTEXT('2D SPACE',''
  ) );
#12044 = ORIENTED_EDGE('',*,*,#12045,.T.);
#12045 = EDGE_CURVE('',#11989,#12046,#12048,.T.);
#12046 = VERTEX_POINT('',#12047);
#12047 = CARTESIAN_POINT('',(39.01318364375,-50.78696289062,13.26));
#12048 = SURFACE_CURVE('',#12049,(#12060,#12074),.PCURVE_S1.);
#12049 = B_SPLINE_CURVE_WITH_KNOTS('',5,(#12050,#12051,#12052,#12053,
    #12054,#12055,#12056,#12057,#12058,#12059),.UNSPECIFIED.,.F.,.F.,(6,
    4,6),(0.,0.491850256853,1.),.UNSPECIFIED.);
#12050 = CARTESIAN_POINT('',(38.286181690625,-51.0771484375,13.26));
#12051 = CARTESIAN_POINT('',(38.344988631315,-51.02111354115,13.26));
#12052 = CARTESIAN_POINT('',(38.407354157921,-50.97106909567,13.26));
#12053 = CARTESIAN_POINT('',(38.47320653153,-50.92760052754,13.26));
#12054 = CARTESIAN_POINT('',(38.542348844701,-50.89114265064,13.26));
#12055 = CARTESIAN_POINT('',(38.688827111742,-50.83158526169,13.26));
#12056 = CARTESIAN_POINT('',(38.766375763605,-50.80896152782,13.26));
#12057 = CARTESIAN_POINT('',(38.846614969185,-50.79415563061,13.26));
#12058 = CARTESIAN_POINT('',(38.929052798897,-50.78696289062,13.26));
#12059 = CARTESIAN_POINT('',(39.01318364375,-50.78696289062,13.26));
#12060 = PCURVE('',#10694,#12061);
#12061 = DEFINITIONAL_REPRESENTATION('',(#12062),#12073);
#12062 = B_SPLINE_CURVE_WITH_KNOTS('',5,(#12063,#12064,#12065,#12066,
    #12067,#12068,#12069,#12070,#12071,#12072),.UNSPECIFIED.,.F.,.F.,(6,
    4,6),(0.,0.491850256853,1.),.UNSPECIFIED.);
#12063 = CARTESIAN_POINT('',(7.786181690625,10.9228515625));
#12064 = CARTESIAN_POINT('',(7.844988631315,10.978886458848));
#12065 = CARTESIAN_POINT('',(7.907354157921,11.028930904325));
#12066 = CARTESIAN_POINT('',(7.97320653153,11.072399472455));
#12067 = CARTESIAN_POINT('',(8.042348844701,11.108857349357));
#12068 = CARTESIAN_POINT('',(8.188827111742,11.168414738301));
#12069 = CARTESIAN_POINT('',(8.266375763605,11.191038472176));
#12070 = CARTESIAN_POINT('',(8.346614969185,11.205844369389));
#12071 = CARTESIAN_POINT('',(8.429052798897,11.213037109375));
#12072 = CARTESIAN_POINT('',(8.51318364375,11.213037109375));
#12073 = ( GEOMETRIC_REPRESENTATION_CONTEXT(2) 
PARAMETRIC_REPRESENTATION_CONTEXT() REPRESENTATION_CONTEXT('2D SPACE',''
  ) );
#12074 = PCURVE('',#12075,#12082);
#12075 = SURFACE_OF_LINEAR_EXTRUSION('',#12076,#12080);
#12076 = B_SPLINE_CURVE_WITH_KNOTS('',2,(#12077,#12078,#12079),
  .UNSPECIFIED.,.F.,.F.,(3,3),(0.,1.),.PIECEWISE_BEZIER_KNOTS.);
#12077 = CARTESIAN_POINT('',(39.01318364375,-50.78696289062,13.0199999)
  );
#12078 = CARTESIAN_POINT('',(38.59072270625,-50.78696289062,13.0199999)
  );
#12079 = CARTESIAN_POINT('',(38.286181690625,-51.0771484375,13.0199999)
  );
#12080 = VECTOR('',#12081,1.);
#12081 = DIRECTION('',(-0.,-0.,-1.));
#12082 = DEFINITIONAL_REPRESENTATION('',(#12083),#12094);
#12083 = B_SPLINE_CURVE_WITH_KNOTS('',5,(#12084,#12085,#12086,#12087,
    #12088,#12089,#12090,#12091,#12092,#12093),.UNSPECIFIED.,.F.,.F.,(6,
    4,6),(0.,0.491850256853,1.),.UNSPECIFIED.);
#12084 = CARTESIAN_POINT('',(1.,-0.2400001));
#12085 = CARTESIAN_POINT('',(0.903449884132,-0.2400001));
#12086 = CARTESIAN_POINT('',(0.805569108244,-0.2400001));
#12087 = CARTESIAN_POINT('',(0.706724135877,-0.2400001));
#12088 = CARTESIAN_POINT('',(0.607357136428,-0.2400001));
#12089 = CARTESIAN_POINT('',(0.40535025518,-0.2400001));
#12090 = CARTESIAN_POINT('',(0.302687459341,-0.2400001));
#12091 = CARTESIAN_POINT('',(0.200600226424,-0.2400001));
#12092 = CARTESIAN_POINT('',(9.957233602593E-02,-0.2400001));
#12093 = CARTESIAN_POINT('',(0.,-0.2400001));
#12094 = ( GEOMETRIC_REPRESENTATION_CONTEXT(2) 
PARAMETRIC_REPRESENTATION_CONTEXT() REPRESENTATION_CONTEXT('2D SPACE',''
  ) );
#12095 = ORIENTED_EDGE('',*,*,#12096,.T.);
#12096 = EDGE_CURVE('',#12046,#12097,#12099,.T.);
#12097 = VERTEX_POINT('',#12098);
#12098 = CARTESIAN_POINT('',(39.549462940625,-50.9376953125,13.26));
#12099 = SURFACE_CURVE('',#12100,(#12111,#12125),.PCURVE_S1.);
#12100 = B_SPLINE_CURVE_WITH_KNOTS('',5,(#12101,#12102,#12103,#12104,
    #12105,#12106,#12107,#12108,#12109,#12110),.UNSPECIFIED.,.F.,.F.,(6,
    4,6),(0.,0.666962619446,1.),.UNSPECIFIED.);
#12101 = CARTESIAN_POINT('',(39.01318364375,-50.78696289062,13.26));
#12102 = CARTESIAN_POINT('',(39.091491585802,-50.78696289062,13.26));
#12103 = CARTESIAN_POINT('',(39.167931990596,-50.79349603817,13.26));
#12104 = CARTESIAN_POINT('',(39.242219935178,-50.80678460284,13.26));
#12105 = CARTESIAN_POINT('',(39.314096818382,-50.8269215607,13.26));
#12106 = CARTESIAN_POINT('',(39.41792584661,-50.86725305643,13.26));
#12107 = CARTESIAN_POINT('',(39.451850676115,-50.88237149154,13.26));
#12108 = CARTESIAN_POINT('',(39.485095372777,-50.89916614779,13.26));
#12109 = CARTESIAN_POINT('',(39.517638448255,-50.91761719928,13.26));
#12110 = CARTESIAN_POINT('',(39.549462940625,-50.9376953125,13.26));
#12111 = PCURVE('',#10694,#12112);
#12112 = DEFINITIONAL_REPRESENTATION('',(#12113),#12124);
#12113 = B_SPLINE_CURVE_WITH_KNOTS('',5,(#12114,#12115,#12116,#12117,
    #12118,#12119,#12120,#12121,#12122,#12123),.UNSPECIFIED.,.F.,.F.,(6,
    4,6),(0.,0.666962619446,1.),.UNSPECIFIED.);
#12114 = CARTESIAN_POINT('',(8.51318364375,11.213037109375));
#12115 = CARTESIAN_POINT('',(8.591491585802,11.213037109375));
#12116 = CARTESIAN_POINT('',(8.667931990596,11.206503961821));
#12117 = CARTESIAN_POINT('',(8.742219935178,11.193215397152));
#12118 = CARTESIAN_POINT('',(8.814096818382,11.173078439298));
#12119 = CARTESIAN_POINT('',(8.91792584661,11.132746943565));
#12120 = CARTESIAN_POINT('',(8.951850676115,11.117628508452));
#12121 = CARTESIAN_POINT('',(8.985095372777,11.100833852201));
#12122 = CARTESIAN_POINT('',(9.017638448255,11.082382800712));
#12123 = CARTESIAN_POINT('',(9.049462940625,11.0623046875));
#12124 = ( GEOMETRIC_REPRESENTATION_CONTEXT(2) 
PARAMETRIC_REPRESENTATION_CONTEXT() REPRESENTATION_CONTEXT('2D SPACE',''
  ) );
#12125 = PCURVE('',#12126,#12133);
#12126 = SURFACE_OF_LINEAR_EXTRUSION('',#12127,#12131);
#12127 = B_SPLINE_CURVE_WITH_KNOTS('',2,(#12128,#12129,#12130),
  .UNSPECIFIED.,.F.,.F.,(3,3),(0.,1.),.PIECEWISE_BEZIER_KNOTS.);
#12128 = CARTESIAN_POINT('',(39.549462940625,-50.9376953125,13.0199999)
  );
#12129 = CARTESIAN_POINT('',(39.310546925,-50.78696289062,13.0199999));
#12130 = CARTESIAN_POINT('',(39.01318364375,-50.78696289062,13.0199999)
  );
#12131 = VECTOR('',#12132,1.);
#12132 = DIRECTION('',(-0.,-0.,-1.));
#12133 = DEFINITIONAL_REPRESENTATION('',(#12134),#12145);
#12134 = B_SPLINE_CURVE_WITH_KNOTS('',5,(#12135,#12136,#12137,#12138,
    #12139,#12140,#12141,#12142,#12143,#12144),.UNSPECIFIED.,.F.,.F.,(6,
    4,6),(0.,0.666962619446,1.),.UNSPECIFIED.);
#12135 = CARTESIAN_POINT('',(1.,-0.2400001));
#12136 = CARTESIAN_POINT('',(0.868329503019,-0.2400001));
#12137 = CARTESIAN_POINT('',(0.735539627689,-0.2400001));
#12138 = CARTESIAN_POINT('',(0.601964538999,-0.2400001));
#12139 = CARTESIAN_POINT('',(0.467978441228,-0.2400001));
#12140 = CARTESIAN_POINT('',(0.267099955206,-0.2400001));
#12141 = CARTESIAN_POINT('',(0.200200169046,-0.2400001));
#12142 = CARTESIAN_POINT('',(0.133351111315,-0.2400001));
#12143 = CARTESIAN_POINT('',(6.660183974395E-02,-0.2400001));
#12144 = CARTESIAN_POINT('',(0.,-0.2400001));
#12145 = ( GEOMETRIC_REPRESENTATION_CONTEXT(2) 
PARAMETRIC_REPRESENTATION_CONTEXT() REPRESENTATION_CONTEXT('2D SPACE',''
  ) );
#12146 = ORIENTED_EDGE('',*,*,#12147,.T.);
#12147 = EDGE_CURVE('',#12097,#12148,#12150,.T.);
#12148 = VERTEX_POINT('',#12149);
#12149 = CARTESIAN_POINT('',(39.912451221875,-51.36220703125,13.26));
#12150 = SURFACE_CURVE('',#12151,(#12162,#12176),.PCURVE_S1.);
#12151 = B_SPLINE_CURVE_WITH_KNOTS('',5,(#12152,#12153,#12154,#12155,
    #12156,#12157,#12158,#12159,#12160,#12161),.UNSPECIFIED.,.F.,.F.,(6,
    4,6),(0.,0.311862953593,1.),.UNSPECIFIED.);
#12152 = CARTESIAN_POINT('',(39.549462940625,-50.9376953125,13.26));
#12153 = CARTESIAN_POINT('',(39.579290816316,-50.95651375767,13.26));
#12154 = CARTESIAN_POINT('',(39.608062781655,-50.97657050299,13.26));
#12155 = CARTESIAN_POINT('',(39.635748959176,-50.99786292113,13.26));
#12156 = CARTESIAN_POINT('',(39.662325231045,-51.02038124904,13.26));
#12157 = CARTESIAN_POINT('',(39.7439252022,-51.09646383137,13.26));
#12158 = CARTESIAN_POINT('',(39.794587346067,-51.15470848282,13.26));
#12159 = CARTESIAN_POINT('',(39.839554515978,-51.21865444159,13.26));
#12160 = CARTESIAN_POINT('',(39.878805933828,-51.28796494936,13.26));
#12161 = CARTESIAN_POINT('',(39.912451221875,-51.36220703125,13.26));
#12162 = PCURVE('',#10694,#12163);
#12163 = DEFINITIONAL_REPRESENTATION('',(#12164),#12175);
#12164 = B_SPLINE_CURVE_WITH_KNOTS('',5,(#12165,#12166,#12167,#12168,
    #12169,#12170,#12171,#12172,#12173,#12174),.UNSPECIFIED.,.F.,.F.,(6,
    4,6),(0.,0.311862953593,1.),.UNSPECIFIED.);
#12165 = CARTESIAN_POINT('',(9.049462940625,11.0623046875));
#12166 = CARTESIAN_POINT('',(9.079290816316,11.043486242321));
#12167 = CARTESIAN_POINT('',(9.108062781655,11.023429497009));
#12168 = CARTESIAN_POINT('',(9.135748959176,11.002137078863));
#12169 = CARTESIAN_POINT('',(9.162325231045,10.979618750951));
#12170 = CARTESIAN_POINT('',(9.2439252022,10.903536168623));
#12171 = CARTESIAN_POINT('',(9.294587346067,10.845291517174));
#12172 = CARTESIAN_POINT('',(9.339554515978,10.781345558401));
#12173 = CARTESIAN_POINT('',(9.378805933828,10.71203505064));
#12174 = CARTESIAN_POINT('',(9.412451221875,10.63779296875));
#12175 = ( GEOMETRIC_REPRESENTATION_CONTEXT(2) 
PARAMETRIC_REPRESENTATION_CONTEXT() REPRESENTATION_CONTEXT('2D SPACE',''
  ) );
#12176 = PCURVE('',#12177,#12184);
#12177 = SURFACE_OF_LINEAR_EXTRUSION('',#12178,#12182);
#12178 = B_SPLINE_CURVE_WITH_KNOTS('',2,(#12179,#12180,#12181),
  .UNSPECIFIED.,.F.,.F.,(3,3),(0.,1.),.PIECEWISE_BEZIER_KNOTS.);
#12179 = CARTESIAN_POINT('',(39.912451221875,-51.36220703125,13.0199999)
  );
#12180 = CARTESIAN_POINT('',(39.78837895625,-51.08842773437,13.0199999)
  );
#12181 = CARTESIAN_POINT('',(39.549462940625,-50.9376953125,13.0199999)
  );
#12182 = VECTOR('',#12183,1.);
#12183 = DIRECTION('',(-0.,-0.,-1.));
#12184 = DEFINITIONAL_REPRESENTATION('',(#12185),#12196);
#12185 = B_SPLINE_CURVE_WITH_KNOTS('',5,(#12186,#12187,#12188,#12189,
    #12190,#12191,#12192,#12193,#12194,#12195),.UNSPECIFIED.,.F.,.F.,(6,
    4,6),(0.,0.311862953593,1.),.UNSPECIFIED.);
#12186 = CARTESIAN_POINT('',(1.,-0.2400001));
#12187 = CARTESIAN_POINT('',(0.937576650914,-0.2400001));
#12188 = CARTESIAN_POINT('',(0.875021799533,-0.2400001));
#12189 = CARTESIAN_POINT('',(0.812378029691,-0.2400001));
#12190 = CARTESIAN_POINT('',(0.74968911123,-0.2400001));
#12191 = CARTESIAN_POINT('',(0.5486741766,-0.2400001));
#12192 = CARTESIAN_POINT('',(0.410339183677,-0.2400001));
#12193 = CARTESIAN_POINT('',(0.272496490771,-0.2400001));
#12194 = CARTESIAN_POINT('',(0.135587465409,-0.2400001));
#12195 = CARTESIAN_POINT('',(0.,-0.2400001));
#12196 = ( GEOMETRIC_REPRESENTATION_CONTEXT(2) 
PARAMETRIC_REPRESENTATION_CONTEXT() REPRESENTATION_CONTEXT('2D SPACE',''
  ) );
#12197 = ORIENTED_EDGE('',*,*,#12198,.T.);
#12198 = EDGE_CURVE('',#12148,#12199,#12201,.T.);
#12199 = VERTEX_POINT('',#12200);
#12200 = CARTESIAN_POINT('',(40.0365234875,-52.00307617187,13.26));
#12201 = SURFACE_CURVE('',#12202,(#12210,#12221),.PCURVE_S1.);
#12202 = B_SPLINE_CURVE_WITH_KNOTS('',6,(#12203,#12204,#12205,#12206,
    #12207,#12208,#12209),.UNSPECIFIED.,.F.,.F.,(7,7),(0.,1.),
  .PIECEWISE_BEZIER_KNOTS.);
#12203 = CARTESIAN_POINT('',(39.912451221875,-51.36220703125,13.26));
#12204 = CARTESIAN_POINT('',(39.95489205551,-51.4558574658,13.26));
#12205 = CARTESIAN_POINT('',(39.988364846215,-51.55549053303,13.26));
#12206 = CARTESIAN_POINT('',(40.012909792777,-51.66060865086,13.26));
#12207 = CARTESIAN_POINT('',(40.028818734836,-51.7706353018,13.26));
#12208 = CARTESIAN_POINT('',(40.0365234875,-51.88497922558,13.26));
#12209 = CARTESIAN_POINT('',(40.0365234875,-52.00307617187,13.26));
#12210 = PCURVE('',#10694,#12211);
#12211 = DEFINITIONAL_REPRESENTATION('',(#12212),#12220);
#12212 = B_SPLINE_CURVE_WITH_KNOTS('',6,(#12213,#12214,#12215,#12216,
    #12217,#12218,#12219),.UNSPECIFIED.,.F.,.F.,(7,7),(0.,1.),
  .PIECEWISE_BEZIER_KNOTS.);
#12213 = CARTESIAN_POINT('',(9.412451221875,10.63779296875));
#12214 = CARTESIAN_POINT('',(9.45489205551,10.5441425342));
#12215 = CARTESIAN_POINT('',(9.488364846215,10.44450946697));
#12216 = CARTESIAN_POINT('',(9.512909792777,10.339391349137));
#12217 = CARTESIAN_POINT('',(9.528818734836,10.229364698197));
#12218 = CARTESIAN_POINT('',(9.5365234875,10.115020774417));
#12219 = CARTESIAN_POINT('',(9.5365234875,9.996923828125));
#12220 = ( GEOMETRIC_REPRESENTATION_CONTEXT(2) 
PARAMETRIC_REPRESENTATION_CONTEXT() REPRESENTATION_CONTEXT('2D SPACE',''
  ) );
#12221 = PCURVE('',#12222,#12229);
#12222 = SURFACE_OF_LINEAR_EXTRUSION('',#12223,#12227);
#12223 = B_SPLINE_CURVE_WITH_KNOTS('',2,(#12224,#12225,#12226),
  .UNSPECIFIED.,.F.,.F.,(3,3),(0.,1.),.PIECEWISE_BEZIER_KNOTS.);
#12224 = CARTESIAN_POINT('',(40.0365234875,-52.00307617187,13.0199999));
#12225 = CARTESIAN_POINT('',(40.0365234875,-51.63598632812,13.0199999));
#12226 = CARTESIAN_POINT('',(39.912451221875,-51.36220703125,13.0199999)
  );
#12227 = VECTOR('',#12228,1.);
#12228 = DIRECTION('',(-0.,-0.,-1.));
#12229 = DEFINITIONAL_REPRESENTATION('',(#12230),#12238);
#12230 = B_SPLINE_CURVE_WITH_KNOTS('',6,(#12231,#12232,#12233,#12234,
    #12235,#12236,#12237),.UNSPECIFIED.,.F.,.F.,(7,7),(0.,1.),
  .PIECEWISE_BEZIER_KNOTS.);
#12231 = CARTESIAN_POINT('',(1.,-0.2400001));
#12232 = CARTESIAN_POINT('',(0.828967282006,-0.2400001));
#12233 = CARTESIAN_POINT('',(0.658972359725,-0.2400001));
#12234 = CARTESIAN_POINT('',(0.49065179385,-0.2400001));
#12235 = CARTESIAN_POINT('',(0.324491888753,-0.2400001));
#12236 = CARTESIAN_POINT('',(0.160855643793,-0.2400001));
#12237 = CARTESIAN_POINT('',(0.,-0.2400001));
#12238 = ( GEOMETRIC_REPRESENTATION_CONTEXT(2) 
PARAMETRIC_REPRESENTATION_CONTEXT() REPRESENTATION_CONTEXT('2D SPACE',''
  ) );
#12239 = ORIENTED_EDGE('',*,*,#12240,.T.);
#12240 = EDGE_CURVE('',#12199,#12241,#12243,.T.);
#12241 = VERTEX_POINT('',#12242);
#12242 = CARTESIAN_POINT('',(39.746337940625,-52.89926757812,13.26));
#12243 = SURFACE_CURVE('',#12244,(#12257,#12273),.PCURVE_S1.);
#12244 = B_SPLINE_CURVE_WITH_KNOTS('',6,(#12245,#12246,#12247,#12248,
    #12249,#12250,#12251,#12252,#12253,#12254,#12255,#12256),
  .UNSPECIFIED.,.F.,.F.,(7,5,7),(0.,0.517688949691,1.),.UNSPECIFIED.);
#12245 = CARTESIAN_POINT('',(40.0365234875,-52.00307617187,13.26));
#12246 = CARTESIAN_POINT('',(40.0365234875,-52.09399089247,13.26));
#12247 = CARTESIAN_POINT('',(40.032251021746,-52.18324616597,13.26));
#12248 = CARTESIAN_POINT('',(40.023311751504,-52.27049982958,13.26));
#12249 = CARTESIAN_POINT('',(40.00929137272,-52.35531203576,13.26));
#12250 = CARTESIAN_POINT('',(39.989795103586,-52.43716473418,13.26));
#12251 = CARTESIAN_POINT('',(39.941042290785,-52.58851313588,13.26));
#12252 = CARTESIAN_POINT('',(39.912539902827,-52.65848285771,13.26));
#12253 = CARTESIAN_POINT('',(39.87884283901,-52.72495023781,13.26));
#12254 = CARTESIAN_POINT('',(39.839844260496,-52.78746920377,13.26));
#12255 = CARTESIAN_POINT('',(39.795591029449,-52.84566350972,13.26));
#12256 = CARTESIAN_POINT('',(39.746337940625,-52.89926757812,13.26));
#12257 = PCURVE('',#10694,#12258);
#12258 = DEFINITIONAL_REPRESENTATION('',(#12259),#12272);
#12259 = B_SPLINE_CURVE_WITH_KNOTS('',6,(#12260,#12261,#12262,#12263,
    #12264,#12265,#12266,#12267,#12268,#12269,#12270,#12271),
  .UNSPECIFIED.,.F.,.F.,(7,5,7),(0.,0.517688949691,1.),.UNSPECIFIED.);
#12260 = CARTESIAN_POINT('',(9.5365234875,9.996923828125));
#12261 = CARTESIAN_POINT('',(9.5365234875,9.906009107526));
#12262 = CARTESIAN_POINT('',(9.532251021746,9.816753834023));
#12263 = CARTESIAN_POINT('',(9.523311751504,9.72950017042));
#12264 = CARTESIAN_POINT('',(9.50929137272,9.644687964237));
#12265 = CARTESIAN_POINT('',(9.489795103586,9.562835265818));
#12266 = CARTESIAN_POINT('',(9.441042290785,9.411486864116));
#12267 = CARTESIAN_POINT('',(9.412539902827,9.341517142285));
#12268 = CARTESIAN_POINT('',(9.37884283901,9.27504976219));
#12269 = CARTESIAN_POINT('',(9.339844260496,9.212530796221));
#12270 = CARTESIAN_POINT('',(9.295591029449,9.154336490277));
#12271 = CARTESIAN_POINT('',(9.246337940625,9.100732421875));
#12272 = ( GEOMETRIC_REPRESENTATION_CONTEXT(2) 
PARAMETRIC_REPRESENTATION_CONTEXT() REPRESENTATION_CONTEXT('2D SPACE',''
  ) );
#12273 = PCURVE('',#12274,#12281);
#12274 = SURFACE_OF_LINEAR_EXTRUSION('',#12275,#12279);
#12275 = B_SPLINE_CURVE_WITH_KNOTS('',2,(#12276,#12277,#12278),
  .UNSPECIFIED.,.F.,.F.,(3,3),(0.,1.),.PIECEWISE_BEZIER_KNOTS.);
#12276 = CARTESIAN_POINT('',(39.746337940625,-52.89926757812,13.0199999)
  );
#12277 = CARTESIAN_POINT('',(40.0365234875,-52.58344726562,13.0199999));
#12278 = CARTESIAN_POINT('',(40.0365234875,-52.00307617187,13.0199999));
#12279 = VECTOR('',#12280,1.);
#12280 = DIRECTION('',(-0.,-0.,-1.));
#12281 = DEFINITIONAL_REPRESENTATION('',(#12282),#12295);
#12282 = B_SPLINE_CURVE_WITH_KNOTS('',6,(#12283,#12284,#12285,#12286,
    #12287,#12288,#12289,#12290,#12291,#12292,#12293,#12294),
  .UNSPECIFIED.,.F.,.F.,(7,5,7),(0.,0.517688949691,1.),.UNSPECIFIED.);
#12283 = CARTESIAN_POINT('',(1.,-0.2400001));
#12284 = CARTESIAN_POINT('',(0.921675354288,-0.2400001));
#12285 = CARTESIAN_POINT('',(0.841424706076,-0.2400001));
#12286 = CARTESIAN_POINT('',(0.759233116343,-0.2400001));
#12287 = CARTESIAN_POINT('',(0.675154122183,-0.2400001));
#12288 = CARTESIAN_POINT('',(0.589323966816,-0.2400001));
#12289 = CARTESIAN_POINT('',(0.420643590563,-0.2400001));
#12290 = CARTESIAN_POINT('',(0.337977317184,-0.2400001));
#12291 = CARTESIAN_POINT('',(0.254248412923,-0.2400001));
#12292 = CARTESIAN_POINT('',(0.169757264561,-0.2400001));
#12293 = CARTESIAN_POINT('',(8.486482072363E-02,-0.2400001));
#12294 = CARTESIAN_POINT('',(0.,-0.2400001));
#12295 = ( GEOMETRIC_REPRESENTATION_CONTEXT(2) 
PARAMETRIC_REPRESENTATION_CONTEXT() REPRESENTATION_CONTEXT('2D SPACE',''
  ) );
#12296 = ORIENTED_EDGE('',*,*,#12297,.T.);
#12297 = EDGE_CURVE('',#12241,#12298,#12300,.T.);
#12298 = VERTEX_POINT('',#12299);
#12299 = CARTESIAN_POINT('',(39.0070313,-53.21508789062,13.26));
#12300 = SURFACE_CURVE('',#12301,(#12312,#12326),.PCURVE_S1.);
#12301 = B_SPLINE_CURVE_WITH_KNOTS('',5,(#12302,#12303,#12304,#12305,
    #12306,#12307,#12308,#12309,#12310,#12311),.UNSPECIFIED.,.F.,.F.,(6,
    4,6),(0.,0.426315581941,1.),.UNSPECIFIED.);
#12302 = CARTESIAN_POINT('',(39.746337940625,-52.89926757812,13.26));
#12303 = CARTESIAN_POINT('',(39.697545870433,-52.95236990186,13.26));
#12304 = CARTESIAN_POINT('',(39.645306186167,-53.00058756152,13.26));
#12305 = CARTESIAN_POINT('',(39.589649216094,-53.04343493995,13.26));
#12306 = CARTESIAN_POINT('',(39.530717702609,-53.08054319778,13.26));
#12307 = CARTESIAN_POINT('',(39.385536428572,-53.1537597093,13.26));
#12308 = CARTESIAN_POINT('',(39.296853609188,-53.1851036684,13.26));
#12309 = CARTESIAN_POINT('',(39.203558263964,-53.20538029302,13.26));
#12310 = CARTESIAN_POINT('',(39.106629344691,-53.21508789062,13.26));
#12311 = CARTESIAN_POINT('',(39.0070313,-53.21508789062,13.26));
#12312 = PCURVE('',#10694,#12313);
#12313 = DEFINITIONAL_REPRESENTATION('',(#12314),#12325);
#12314 = B_SPLINE_CURVE_WITH_KNOTS('',5,(#12315,#12316,#12317,#12318,
    #12319,#12320,#12321,#12322,#12323,#12324),.UNSPECIFIED.,.F.,.F.,(6,
    4,6),(0.,0.426315581941,1.),.UNSPECIFIED.);
#12315 = CARTESIAN_POINT('',(9.246337940625,9.100732421875));
#12316 = CARTESIAN_POINT('',(9.197545870433,9.047630098133));
#12317 = CARTESIAN_POINT('',(9.145306186167,8.999412438477));
#12318 = CARTESIAN_POINT('',(9.089649216094,8.95656506005));
#12319 = CARTESIAN_POINT('',(9.030717702609,8.919456802217));
#12320 = CARTESIAN_POINT('',(8.885536428572,8.846240290696));
#12321 = CARTESIAN_POINT('',(8.796853609188,8.814896331595));
#12322 = CARTESIAN_POINT('',(8.703558263964,8.794619706975));
#12323 = CARTESIAN_POINT('',(8.606629344691,8.784912109375));
#12324 = CARTESIAN_POINT('',(8.5070313,8.784912109375));
#12325 = ( GEOMETRIC_REPRESENTATION_CONTEXT(2) 
PARAMETRIC_REPRESENTATION_CONTEXT() REPRESENTATION_CONTEXT('2D SPACE',''
  ) );
#12326 = PCURVE('',#12327,#12334);
#12327 = SURFACE_OF_LINEAR_EXTRUSION('',#12328,#12332);
#12328 = B_SPLINE_CURVE_WITH_KNOTS('',2,(#12329,#12330,#12331),
  .UNSPECIFIED.,.F.,.F.,(3,3),(0.,1.),.PIECEWISE_BEZIER_KNOTS.);
#12329 = CARTESIAN_POINT('',(39.0070313,-53.21508789062,13.0199999));
#12330 = CARTESIAN_POINT('',(39.45615239375,-53.21508789062,13.0199999)
  );
#12331 = CARTESIAN_POINT('',(39.746337940625,-52.89926757812,13.0199999)
  );
#12332 = VECTOR('',#12333,1.);
#12333 = DIRECTION('',(-0.,-0.,-1.));
#12334 = DEFINITIONAL_REPRESENTATION('',(#12335),#12346);
#12335 = B_SPLINE_CURVE_WITH_KNOTS('',5,(#12336,#12337,#12338,#12339,
    #12340,#12341,#12342,#12343,#12344,#12345),.UNSPECIFIED.,.F.,.F.,(6,
    4,6),(0.,0.426315581941,1.),.UNSPECIFIED.);
#12336 = CARTESIAN_POINT('',(1.,-0.2400001));
#12337 = CARTESIAN_POINT('',(0.915929530748,-0.2400001));
#12338 = CARTESIAN_POINT('',(0.830757551518,-0.2400001));
#12339 = CARTESIAN_POINT('',(0.744789896885,-0.2400001));
#12340 = CARTESIAN_POINT('',(0.658392124839,-0.2400001));
#12341 = CARTESIAN_POINT('',(0.455743832122,-0.2400001));
#12342 = CARTESIAN_POINT('',(0.339453853217,-0.2400001));
#12343 = CARTESIAN_POINT('',(0.224229371255,-0.2400001));
#12344 = CARTESIAN_POINT('',(0.110881058668,-0.2400001));
#12345 = CARTESIAN_POINT('',(0.,-0.2400001));
#12346 = ( GEOMETRIC_REPRESENTATION_CONTEXT(2) 
PARAMETRIC_REPRESENTATION_CONTEXT() REPRESENTATION_CONTEXT('2D SPACE',''
  ) );
#12347 = ORIENTED_EDGE('',*,*,#12348,.T.);
#12348 = EDGE_CURVE('',#12298,#11924,#12349,.T.);
#12349 = SURFACE_CURVE('',#12350,(#12361,#12375),.PCURVE_S1.);
#12350 = B_SPLINE_CURVE_WITH_KNOTS('',5,(#12351,#12352,#12353,#12354,
    #12355,#12356,#12357,#12358,#12359,#12360),.UNSPECIFIED.,.F.,.F.,(6,
    4,6),(0.,0.547099346812,1.),.UNSPECIFIED.);
#12351 = CARTESIAN_POINT('',(39.0070313,-53.21508789062,13.26));
#12352 = CARTESIAN_POINT('',(38.913371674425,-53.21508789062,13.26));
#12353 = CARTESIAN_POINT('',(38.822045208283,-53.20626789289,13.26));
#12354 = CARTESIAN_POINT('',(38.7338471668,-53.18792869643,13.26));
#12355 = CARTESIAN_POINT('',(38.649572607401,-53.15968509661,13.26));
#12356 = CARTESIAN_POINT('',(38.503896408437,-53.09053634248,13.26));
#12357 = CARTESIAN_POINT('',(38.441036340603,-53.05263983526,13.26));
#12358 = CARTESIAN_POINT('',(38.381658204538,-53.0083331978,13.26));
#12359 = CARTESIAN_POINT('',(38.325926603238,-52.95804595362,13.26));
#12360 = CARTESIAN_POINT('',(38.273877003125,-52.90234375,13.26));
#12361 = PCURVE('',#10694,#12362);
#12362 = DEFINITIONAL_REPRESENTATION('',(#12363),#12374);
#12363 = B_SPLINE_CURVE_WITH_KNOTS('',5,(#12364,#12365,#12366,#12367,
    #12368,#12369,#12370,#12371,#12372,#12373),.UNSPECIFIED.,.F.,.F.,(6,
    4,6),(0.,0.547099346812,1.),.UNSPECIFIED.);
#12364 = CARTESIAN_POINT('',(8.5070313,8.784912109375));
#12365 = CARTESIAN_POINT('',(8.413371674425,8.784912109375));
#12366 = CARTESIAN_POINT('',(8.322045208283,8.793732107101));
#12367 = CARTESIAN_POINT('',(8.2338471668,8.812071303566));
#12368 = CARTESIAN_POINT('',(8.149572607401,8.840314903381));
#12369 = CARTESIAN_POINT('',(8.003896408437,8.909463657517));
#12370 = CARTESIAN_POINT('',(7.941036340603,8.947360164739));
#12371 = CARTESIAN_POINT('',(7.881658204538,8.991666802191));
#12372 = CARTESIAN_POINT('',(7.825926603238,9.041954046371));
#12373 = CARTESIAN_POINT('',(7.773877003125,9.09765625));
#12374 = ( GEOMETRIC_REPRESENTATION_CONTEXT(2) 
PARAMETRIC_REPRESENTATION_CONTEXT() REPRESENTATION_CONTEXT('2D SPACE',''
  ) );
#12375 = PCURVE('',#12376,#12383);
#12376 = SURFACE_OF_LINEAR_EXTRUSION('',#12377,#12381);
#12377 = B_SPLINE_CURVE_WITH_KNOTS('',2,(#12378,#12379,#12380),
  .UNSPECIFIED.,.F.,.F.,(3,3),(0.,1.),.PIECEWISE_BEZIER_KNOTS.);
#12378 = CARTESIAN_POINT('',(38.273877003125,-52.90234375,13.0199999));
#12379 = CARTESIAN_POINT('',(38.56611333125,-53.21508789062,13.0199999)
  );
#12380 = CARTESIAN_POINT('',(39.0070313,-53.21508789062,13.0199999));
#12381 = VECTOR('',#12382,1.);
#12382 = DIRECTION('',(-0.,-0.,-1.));
#12383 = DEFINITIONAL_REPRESENTATION('',(#12384),#12395);
#12384 = B_SPLINE_CURVE_WITH_KNOTS('',5,(#12385,#12386,#12387,#12388,
    #12389,#12390,#12391,#12392,#12393,#12394),.UNSPECIFIED.,.F.,.F.,(6,
    4,6),(0.,0.547099346812,1.),.UNSPECIFIED.);
#12385 = CARTESIAN_POINT('',(1.,-0.2400001));
#12386 = CARTESIAN_POINT('',(0.893790192039,-0.2400001));
#12387 = CARTESIAN_POINT('',(0.785471200089,-0.2400001));
#12388 = CARTESIAN_POINT('',(0.675567904309,-0.2400001));
#12389 = CARTESIAN_POINT('',(0.564774228976,-0.2400001));
#12390 = CARTESIAN_POINT('',(0.362298701228,-0.2400001));
#12391 = CARTESIAN_POINT('',(0.27058499726,-0.2400001));
#12392 = CARTESIAN_POINT('',(0.179364007174,-0.2400001));
#12393 = CARTESIAN_POINT('',(8.905395240673E-02,-0.2400001));
#12394 = CARTESIAN_POINT('',(0.,-0.2400001));
#12395 = ( GEOMETRIC_REPRESENTATION_CONTEXT(2) 
PARAMETRIC_REPRESENTATION_CONTEXT() REPRESENTATION_CONTEXT('2D SPACE',''
  ) );
#12396 = ADVANCED_FACE('',(#12397),#11452,.T.);
#12397 = FACE_BOUND('',#12398,.T.);
#12398 = EDGE_LOOP('',(#12399,#12400,#12401,#12402,#12403,#12404,#12405,
    #12406,#12407));
#12399 = ORIENTED_EDGE('',*,*,#11435,.F.);
#12400 = ORIENTED_EDGE('',*,*,#11530,.T.);
#12401 = ORIENTED_EDGE('',*,*,#11554,.T.);
#12402 = ORIENTED_EDGE('',*,*,#11599,.T.);
#12403 = ORIENTED_EDGE('',*,*,#11647,.F.);
#12404 = ORIENTED_EDGE('',*,*,#11693,.F.);
#12405 = ORIENTED_EDGE('',*,*,#11738,.F.);
#12406 = ORIENTED_EDGE('',*,*,#11808,.T.);
#12407 = ORIENTED_EDGE('',*,*,#11832,.T.);
#12408 = ADVANCED_FACE('',(#12409),#11963,.F.);
#12409 = FACE_BOUND('',#12410,.F.);
#12410 = EDGE_LOOP('',(#12411,#12434,#12435,#12458));
#12411 = ORIENTED_EDGE('',*,*,#12412,.F.);
#12412 = EDGE_CURVE('',#11924,#12413,#12415,.T.);
#12413 = VERTEX_POINT('',#12414);
#12414 = CARTESIAN_POINT('',(38.273877003125,-52.90234375,13.51));
#12415 = SURFACE_CURVE('',#12416,(#12420,#12427),.PCURVE_S1.);
#12416 = LINE('',#12417,#12418);
#12417 = CARTESIAN_POINT('',(38.273877003125,-52.90234375,13.0199999));
#12418 = VECTOR('',#12419,1.);
#12419 = DIRECTION('',(0.,0.,1.));
#12420 = PCURVE('',#11963,#12421);
#12421 = DEFINITIONAL_REPRESENTATION('',(#12422),#12426);
#12422 = LINE('',#12423,#12424);
#12423 = CARTESIAN_POINT('',(1.,0.));
#12424 = VECTOR('',#12425,1.);
#12425 = DIRECTION('',(0.,-1.));
#12426 = ( GEOMETRIC_REPRESENTATION_CONTEXT(2) 
PARAMETRIC_REPRESENTATION_CONTEXT() REPRESENTATION_CONTEXT('2D SPACE',''
  ) );
#12427 = PCURVE('',#12376,#12428);
#12428 = DEFINITIONAL_REPRESENTATION('',(#12429),#12433);
#12429 = LINE('',#12430,#12431);
#12430 = CARTESIAN_POINT('',(0.,0.));
#12431 = VECTOR('',#12432,1.);
#12432 = DIRECTION('',(0.,-1.));
#12433 = ( GEOMETRIC_REPRESENTATION_CONTEXT(2) 
PARAMETRIC_REPRESENTATION_CONTEXT() REPRESENTATION_CONTEXT('2D SPACE',''
  ) );
#12434 = ORIENTED_EDGE('',*,*,#11923,.T.);
#12435 = ORIENTED_EDGE('',*,*,#12436,.T.);
#12436 = EDGE_CURVE('',#11926,#12437,#12439,.T.);
#12437 = VERTEX_POINT('',#12438);
#12438 = CARTESIAN_POINT('',(37.981640675,-52.04614257812,13.51));
#12439 = SURFACE_CURVE('',#12440,(#12444,#12451),.PCURVE_S1.);
#12440 = LINE('',#12441,#12442);
#12441 = CARTESIAN_POINT('',(37.981640675,-52.04614257812,13.0199999));
#12442 = VECTOR('',#12443,1.);
#12443 = DIRECTION('',(0.,0.,1.));
#12444 = PCURVE('',#11963,#12445);
#12445 = DEFINITIONAL_REPRESENTATION('',(#12446),#12450);
#12446 = LINE('',#12447,#12448);
#12447 = CARTESIAN_POINT('',(0.,0.));
#12448 = VECTOR('',#12449,1.);
#12449 = DIRECTION('',(0.,-1.));
#12450 = ( GEOMETRIC_REPRESENTATION_CONTEXT(2) 
PARAMETRIC_REPRESENTATION_CONTEXT() REPRESENTATION_CONTEXT('2D SPACE',''
  ) );
#12451 = PCURVE('',#12022,#12452);
#12452 = DEFINITIONAL_REPRESENTATION('',(#12453),#12457);
#12453 = LINE('',#12454,#12455);
#12454 = CARTESIAN_POINT('',(1.,0.));
#12455 = VECTOR('',#12456,1.);
#12456 = DIRECTION('',(0.,-1.));
#12457 = ( GEOMETRIC_REPRESENTATION_CONTEXT(2) 
PARAMETRIC_REPRESENTATION_CONTEXT() REPRESENTATION_CONTEXT('2D SPACE',''
  ) );
#12458 = ORIENTED_EDGE('',*,*,#12459,.F.);
#12459 = EDGE_CURVE('',#12413,#12437,#12460,.T.);
#12460 = SURFACE_CURVE('',#12461,(#12476,#12494),.PCURVE_S1.);
#12461 = B_SPLINE_CURVE_WITH_KNOTS('',5,(#12462,#12463,#12464,#12465,
    #12466,#12467,#12468,#12469,#12470,#12471,#12472,#12473,#12474,
    #12475),.UNSPECIFIED.,.F.,.F.,(6,4,4,6),(0.,9.251310504006E-02,
    0.532599337675,1.),.UNSPECIFIED.);
#12462 = CARTESIAN_POINT('',(38.273877003125,-52.90234375,13.51));
#12463 = CARTESIAN_POINT('',(38.262666091941,-52.8903461082,13.51));
#12464 = CARTESIAN_POINT('',(38.251715754906,-52.87812745602,13.51));
#12465 = CARTESIAN_POINT('',(38.241029512884,-52.86569008906,13.51));
#12466 = CARTESIAN_POINT('',(38.230610382898,-52.85303674927,13.51));
#12467 = CARTESIAN_POINT('',(38.172179531208,-52.77896627822,13.51));
#12468 = CARTESIAN_POINT('',(38.129993309141,-52.71293886329,13.51));
#12469 = CARTESIAN_POINT('',(38.094194999355,-52.64245386964,13.51));
#12470 = CARTESIAN_POINT('',(38.064730080792,-52.5680403379,13.51));
#12471 = CARTESIAN_POINT('',(38.016509995396,-52.40771847347,13.51));
#12472 = CARTESIAN_POINT('',(37.998530079319,-52.32137103754,13.51));
#12473 = CARTESIAN_POINT('',(37.987091282129,-52.23192424606,13.51));
#12474 = CARTESIAN_POINT('',(37.981640675,-52.14001863356,13.51));
#12475 = CARTESIAN_POINT('',(37.981640675,-52.04614257812,13.51));
#12476 = PCURVE('',#11963,#12477);
#12477 = DEFINITIONAL_REPRESENTATION('',(#12478),#12493);
#12478 = B_SPLINE_CURVE_WITH_KNOTS('',5,(#12479,#12480,#12481,#12482,
    #12483,#12484,#12485,#12486,#12487,#12488,#12489,#12490,#12491,
    #12492),.UNSPECIFIED.,.F.,.F.,(6,4,4,6),(0.,9.251310504006E-02,
    0.532599337675,1.),.UNSPECIFIED.);
#12479 = CARTESIAN_POINT('',(1.,-0.4900001));
#12480 = CARTESIAN_POINT('',(0.980818758476,-0.4900001));
#12481 = CARTESIAN_POINT('',(0.961623445965,-0.4900001));
#12482 = CARTESIAN_POINT('',(0.942418731863,-0.4900001));
#12483 = CARTESIAN_POINT('',(0.923209330272,-0.4900001));
#12484 = CARTESIAN_POINT('',(0.812620926869,-0.4900001));
#12485 = CARTESIAN_POINT('',(0.721231616053,-0.4900001));
#12486 = CARTESIAN_POINT('',(0.630380995408,-0.4900001));
#12487 = CARTESIAN_POINT('',(0.540516200276,-0.4900001));
#12488 = CARTESIAN_POINT('',(0.35798994568,-0.4900001));
#12489 = CARTESIAN_POINT('',(0.265487594311,-0.4900001));
#12490 = CARTESIAN_POINT('',(0.174884827961,-0.4900001));
#12491 = CARTESIAN_POINT('',(8.636934481039E-02,-0.4900001));
#12492 = CARTESIAN_POINT('',(0.,-0.4900001));
#12493 = ( GEOMETRIC_REPRESENTATION_CONTEXT(2) 
PARAMETRIC_REPRESENTATION_CONTEXT() REPRESENTATION_CONTEXT('2D SPACE',''
  ) );
#12494 = PCURVE('',#12495,#12500);
#12495 = PLANE('',#12496);
#12496 = AXIS2_PLACEMENT_3D('',#12497,#12498,#12499);
#12497 = CARTESIAN_POINT('',(40.5,-52.,13.51));
#12498 = DIRECTION('',(0.,0.,1.));
#12499 = DIRECTION('',(1.,0.,-0.));
#12500 = DEFINITIONAL_REPRESENTATION('',(#12501),#12516);
#12501 = B_SPLINE_CURVE_WITH_KNOTS('',5,(#12502,#12503,#12504,#12505,
    #12506,#12507,#12508,#12509,#12510,#12511,#12512,#12513,#12514,
    #12515),.UNSPECIFIED.,.F.,.F.,(6,4,4,6),(0.,9.251310504006E-02,
    0.532599337675,1.),.UNSPECIFIED.);
#12502 = CARTESIAN_POINT('',(-2.226122996875,-0.90234375));
#12503 = CARTESIAN_POINT('',(-2.237333908059,-0.890346108207));
#12504 = CARTESIAN_POINT('',(-2.248284245094,-0.878127456027));
#12505 = CARTESIAN_POINT('',(-2.258970487116,-0.865690089063));
#12506 = CARTESIAN_POINT('',(-2.269389617102,-0.853036749278));
#12507 = CARTESIAN_POINT('',(-2.327820468792,-0.778966278225));
#12508 = CARTESIAN_POINT('',(-2.370006690859,-0.712938863295));
#12509 = CARTESIAN_POINT('',(-2.405805000645,-0.642453869644));
#12510 = CARTESIAN_POINT('',(-2.435269919208,-0.568040337905));
#12511 = CARTESIAN_POINT('',(-2.483490004604,-0.407718473479));
#12512 = CARTESIAN_POINT('',(-2.501469920681,-0.321371037549));
#12513 = CARTESIAN_POINT('',(-2.512908717871,-0.231924246062));
#12514 = CARTESIAN_POINT('',(-2.518359325,-0.140018633568));
#12515 = CARTESIAN_POINT('',(-2.518359325,-4.6142578125E-02));
#12516 = ( GEOMETRIC_REPRESENTATION_CONTEXT(2) 
PARAMETRIC_REPRESENTATION_CONTEXT() REPRESENTATION_CONTEXT('2D SPACE',''
  ) );
#12517 = ADVANCED_FACE('',(#12518),#12376,.F.);
#12518 = FACE_BOUND('',#12519,.F.);
#12519 = EDGE_LOOP('',(#12520,#12543,#12544,#12545));
#12520 = ORIENTED_EDGE('',*,*,#12521,.F.);
#12521 = EDGE_CURVE('',#12298,#12522,#12524,.T.);
#12522 = VERTEX_POINT('',#12523);
#12523 = CARTESIAN_POINT('',(39.0070313,-53.21508789062,13.51));
#12524 = SURFACE_CURVE('',#12525,(#12529,#12536),.PCURVE_S1.);
#12525 = LINE('',#12526,#12527);
#12526 = CARTESIAN_POINT('',(39.0070313,-53.21508789062,13.0199999));
#12527 = VECTOR('',#12528,1.);
#12528 = DIRECTION('',(0.,0.,1.));
#12529 = PCURVE('',#12376,#12530);
#12530 = DEFINITIONAL_REPRESENTATION('',(#12531),#12535);
#12531 = LINE('',#12532,#12533);
#12532 = CARTESIAN_POINT('',(1.,0.));
#12533 = VECTOR('',#12534,1.);
#12534 = DIRECTION('',(0.,-1.));
#12535 = ( GEOMETRIC_REPRESENTATION_CONTEXT(2) 
PARAMETRIC_REPRESENTATION_CONTEXT() REPRESENTATION_CONTEXT('2D SPACE',''
  ) );
#12536 = PCURVE('',#12327,#12537);
#12537 = DEFINITIONAL_REPRESENTATION('',(#12538),#12542);
#12538 = LINE('',#12539,#12540);
#12539 = CARTESIAN_POINT('',(0.,0.));
#12540 = VECTOR('',#12541,1.);
#12541 = DIRECTION('',(0.,-1.));
#12542 = ( GEOMETRIC_REPRESENTATION_CONTEXT(2) 
PARAMETRIC_REPRESENTATION_CONTEXT() REPRESENTATION_CONTEXT('2D SPACE',''
  ) );
#12543 = ORIENTED_EDGE('',*,*,#12348,.T.);
#12544 = ORIENTED_EDGE('',*,*,#12412,.T.);
#12545 = ORIENTED_EDGE('',*,*,#12546,.F.);
#12546 = EDGE_CURVE('',#12522,#12413,#12547,.T.);
#12547 = SURFACE_CURVE('',#12548,(#12559,#12573),.PCURVE_S1.);
#12548 = B_SPLINE_CURVE_WITH_KNOTS('',5,(#12549,#12550,#12551,#12552,
    #12553,#12554,#12555,#12556,#12557,#12558),.UNSPECIFIED.,.F.,.F.,(6,
    4,6),(0.,0.547099346812,1.),.UNSPECIFIED.);
#12549 = CARTESIAN_POINT('',(39.0070313,-53.21508789062,13.51));
#12550 = CARTESIAN_POINT('',(38.913371674425,-53.21508789062,13.51));
#12551 = CARTESIAN_POINT('',(38.822045208283,-53.20626789289,13.51));
#12552 = CARTESIAN_POINT('',(38.7338471668,-53.18792869643,13.51));
#12553 = CARTESIAN_POINT('',(38.649572607401,-53.15968509661,13.51));
#12554 = CARTESIAN_POINT('',(38.503896408437,-53.09053634248,13.51));
#12555 = CARTESIAN_POINT('',(38.441036340603,-53.05263983526,13.51));
#12556 = CARTESIAN_POINT('',(38.381658204538,-53.0083331978,13.51));
#12557 = CARTESIAN_POINT('',(38.325926603238,-52.95804595362,13.51));
#12558 = CARTESIAN_POINT('',(38.273877003125,-52.90234375,13.51));
#12559 = PCURVE('',#12376,#12560);
#12560 = DEFINITIONAL_REPRESENTATION('',(#12561),#12572);
#12561 = B_SPLINE_CURVE_WITH_KNOTS('',5,(#12562,#12563,#12564,#12565,
    #12566,#12567,#12568,#12569,#12570,#12571),.UNSPECIFIED.,.F.,.F.,(6,
    4,6),(0.,0.547099346812,1.),.UNSPECIFIED.);
#12562 = CARTESIAN_POINT('',(1.,-0.4900001));
#12563 = CARTESIAN_POINT('',(0.893790192039,-0.4900001));
#12564 = CARTESIAN_POINT('',(0.785471200089,-0.4900001));
#12565 = CARTESIAN_POINT('',(0.675567904309,-0.4900001));
#12566 = CARTESIAN_POINT('',(0.564774228976,-0.4900001));
#12567 = CARTESIAN_POINT('',(0.362298701228,-0.4900001));
#12568 = CARTESIAN_POINT('',(0.27058499726,-0.4900001));
#12569 = CARTESIAN_POINT('',(0.179364007174,-0.4900001));
#12570 = CARTESIAN_POINT('',(8.905395240673E-02,-0.4900001));
#12571 = CARTESIAN_POINT('',(0.,-0.4900001));
#12572 = ( GEOMETRIC_REPRESENTATION_CONTEXT(2) 
PARAMETRIC_REPRESENTATION_CONTEXT() REPRESENTATION_CONTEXT('2D SPACE',''
  ) );
#12573 = PCURVE('',#12495,#12574);
#12574 = DEFINITIONAL_REPRESENTATION('',(#12575),#12586);
#12575 = B_SPLINE_CURVE_WITH_KNOTS('',5,(#12576,#12577,#12578,#12579,
    #12580,#12581,#12582,#12583,#12584,#12585),.UNSPECIFIED.,.F.,.F.,(6,
    4,6),(0.,0.547099346812,1.),.UNSPECIFIED.);
#12576 = CARTESIAN_POINT('',(-1.4929687,-1.215087890625));
#12577 = CARTESIAN_POINT('',(-1.586628325575,-1.215087890625));
#12578 = CARTESIAN_POINT('',(-1.677954791717,-1.206267892899));
#12579 = CARTESIAN_POINT('',(-1.7661528332,-1.187928696434));
#12580 = CARTESIAN_POINT('',(-1.850427392599,-1.159685096619));
#12581 = CARTESIAN_POINT('',(-1.996103591563,-1.090536342483));
#12582 = CARTESIAN_POINT('',(-2.058963659397,-1.052639835261));
#12583 = CARTESIAN_POINT('',(-2.118341795462,-1.008333197809));
#12584 = CARTESIAN_POINT('',(-2.174073396762,-0.958045953629));
#12585 = CARTESIAN_POINT('',(-2.226122996875,-0.90234375));
#12586 = ( GEOMETRIC_REPRESENTATION_CONTEXT(2) 
PARAMETRIC_REPRESENTATION_CONTEXT() REPRESENTATION_CONTEXT('2D SPACE',''
  ) );
#12587 = ADVANCED_FACE('',(#12588),#12327,.F.);
#12588 = FACE_BOUND('',#12589,.F.);
#12589 = EDGE_LOOP('',(#12590,#12613,#12614,#12615));
#12590 = ORIENTED_EDGE('',*,*,#12591,.F.);
#12591 = EDGE_CURVE('',#12241,#12592,#12594,.T.);
#12592 = VERTEX_POINT('',#12593);
#12593 = CARTESIAN_POINT('',(39.746337940625,-52.89926757812,13.51));
#12594 = SURFACE_CURVE('',#12595,(#12599,#12606),.PCURVE_S1.);
#12595 = LINE('',#12596,#12597);
#12596 = CARTESIAN_POINT('',(39.746337940625,-52.89926757812,13.0199999)
  );
#12597 = VECTOR('',#12598,1.);
#12598 = DIRECTION('',(0.,0.,1.));
#12599 = PCURVE('',#12327,#12600);
#12600 = DEFINITIONAL_REPRESENTATION('',(#12601),#12605);
#12601 = LINE('',#12602,#12603);
#12602 = CARTESIAN_POINT('',(1.,0.));
#12603 = VECTOR('',#12604,1.);
#12604 = DIRECTION('',(0.,-1.));
#12605 = ( GEOMETRIC_REPRESENTATION_CONTEXT(2) 
PARAMETRIC_REPRESENTATION_CONTEXT() REPRESENTATION_CONTEXT('2D SPACE',''
  ) );
#12606 = PCURVE('',#12274,#12607);
#12607 = DEFINITIONAL_REPRESENTATION('',(#12608),#12612);
#12608 = LINE('',#12609,#12610);
#12609 = CARTESIAN_POINT('',(0.,0.));
#12610 = VECTOR('',#12611,1.);
#12611 = DIRECTION('',(0.,-1.));
#12612 = ( GEOMETRIC_REPRESENTATION_CONTEXT(2) 
PARAMETRIC_REPRESENTATION_CONTEXT() REPRESENTATION_CONTEXT('2D SPACE',''
  ) );
#12613 = ORIENTED_EDGE('',*,*,#12297,.T.);
#12614 = ORIENTED_EDGE('',*,*,#12521,.T.);
#12615 = ORIENTED_EDGE('',*,*,#12616,.F.);
#12616 = EDGE_CURVE('',#12592,#12522,#12617,.T.);
#12617 = SURFACE_CURVE('',#12618,(#12629,#12643),.PCURVE_S1.);
#12618 = B_SPLINE_CURVE_WITH_KNOTS('',5,(#12619,#12620,#12621,#12622,
    #12623,#12624,#12625,#12626,#12627,#12628),.UNSPECIFIED.,.F.,.F.,(6,
    4,6),(0.,0.426315581941,1.),.UNSPECIFIED.);
#12619 = CARTESIAN_POINT('',(39.746337940625,-52.89926757812,13.51));
#12620 = CARTESIAN_POINT('',(39.697545870433,-52.95236990186,13.51));
#12621 = CARTESIAN_POINT('',(39.645306186167,-53.00058756152,13.51));
#12622 = CARTESIAN_POINT('',(39.589649216094,-53.04343493995,13.51));
#12623 = CARTESIAN_POINT('',(39.530717702609,-53.08054319778,13.51));
#12624 = CARTESIAN_POINT('',(39.385536428572,-53.1537597093,13.51));
#12625 = CARTESIAN_POINT('',(39.296853609188,-53.1851036684,13.51));
#12626 = CARTESIAN_POINT('',(39.203558263964,-53.20538029302,13.51));
#12627 = CARTESIAN_POINT('',(39.106629344691,-53.21508789062,13.51));
#12628 = CARTESIAN_POINT('',(39.0070313,-53.21508789062,13.51));
#12629 = PCURVE('',#12327,#12630);
#12630 = DEFINITIONAL_REPRESENTATION('',(#12631),#12642);
#12631 = B_SPLINE_CURVE_WITH_KNOTS('',5,(#12632,#12633,#12634,#12635,
    #12636,#12637,#12638,#12639,#12640,#12641),.UNSPECIFIED.,.F.,.F.,(6,
    4,6),(0.,0.426315581941,1.),.UNSPECIFIED.);
#12632 = CARTESIAN_POINT('',(1.,-0.4900001));
#12633 = CARTESIAN_POINT('',(0.915929530748,-0.4900001));
#12634 = CARTESIAN_POINT('',(0.830757551518,-0.4900001));
#12635 = CARTESIAN_POINT('',(0.744789896885,-0.4900001));
#12636 = CARTESIAN_POINT('',(0.658392124839,-0.4900001));
#12637 = CARTESIAN_POINT('',(0.455743832122,-0.4900001));
#12638 = CARTESIAN_POINT('',(0.339453853217,-0.4900001));
#12639 = CARTESIAN_POINT('',(0.224229371255,-0.4900001));
#12640 = CARTESIAN_POINT('',(0.110881058668,-0.4900001));
#12641 = CARTESIAN_POINT('',(0.,-0.4900001));
#12642 = ( GEOMETRIC_REPRESENTATION_CONTEXT(2) 
PARAMETRIC_REPRESENTATION_CONTEXT() REPRESENTATION_CONTEXT('2D SPACE',''
  ) );
#12643 = PCURVE('',#12495,#12644);
#12644 = DEFINITIONAL_REPRESENTATION('',(#12645),#12656);
#12645 = B_SPLINE_CURVE_WITH_KNOTS('',5,(#12646,#12647,#12648,#12649,
    #12650,#12651,#12652,#12653,#12654,#12655),.UNSPECIFIED.,.F.,.F.,(6,
    4,6),(0.,0.426315581941,1.),.UNSPECIFIED.);
#12646 = CARTESIAN_POINT('',(-0.753662059375,-0.899267578125));
#12647 = CARTESIAN_POINT('',(-0.802454129567,-0.952369901867));
#12648 = CARTESIAN_POINT('',(-0.854693813833,-1.000587561523));
#12649 = CARTESIAN_POINT('',(-0.910350783906,-1.04343493995));
#12650 = CARTESIAN_POINT('',(-0.969282297391,-1.080543197783));
#12651 = CARTESIAN_POINT('',(-1.114463571428,-1.153759709304));
#12652 = CARTESIAN_POINT('',(-1.203146390812,-1.185103668405));
#12653 = CARTESIAN_POINT('',(-1.296441736036,-1.205380293025));
#12654 = CARTESIAN_POINT('',(-1.393370655309,-1.215087890625));
#12655 = CARTESIAN_POINT('',(-1.4929687,-1.215087890625));
#12656 = ( GEOMETRIC_REPRESENTATION_CONTEXT(2) 
PARAMETRIC_REPRESENTATION_CONTEXT() REPRESENTATION_CONTEXT('2D SPACE',''
  ) );
#12657 = ADVANCED_FACE('',(#12658),#12274,.F.);
#12658 = FACE_BOUND('',#12659,.F.);
#12659 = EDGE_LOOP('',(#12660,#12683,#12684,#12685));
#12660 = ORIENTED_EDGE('',*,*,#12661,.F.);
#12661 = EDGE_CURVE('',#12199,#12662,#12664,.T.);
#12662 = VERTEX_POINT('',#12663);
#12663 = CARTESIAN_POINT('',(40.0365234875,-52.00307617187,13.51));
#12664 = SURFACE_CURVE('',#12665,(#12669,#12676),.PCURVE_S1.);
#12665 = LINE('',#12666,#12667);
#12666 = CARTESIAN_POINT('',(40.0365234875,-52.00307617187,13.0199999));
#12667 = VECTOR('',#12668,1.);
#12668 = DIRECTION('',(0.,0.,1.));
#12669 = PCURVE('',#12274,#12670);
#12670 = DEFINITIONAL_REPRESENTATION('',(#12671),#12675);
#12671 = LINE('',#12672,#12673);
#12672 = CARTESIAN_POINT('',(1.,0.));
#12673 = VECTOR('',#12674,1.);
#12674 = DIRECTION('',(0.,-1.));
#12675 = ( GEOMETRIC_REPRESENTATION_CONTEXT(2) 
PARAMETRIC_REPRESENTATION_CONTEXT() REPRESENTATION_CONTEXT('2D SPACE',''
  ) );
#12676 = PCURVE('',#12222,#12677);
#12677 = DEFINITIONAL_REPRESENTATION('',(#12678),#12682);
#12678 = LINE('',#12679,#12680);
#12679 = CARTESIAN_POINT('',(0.,0.));
#12680 = VECTOR('',#12681,1.);
#12681 = DIRECTION('',(0.,-1.));
#12682 = ( GEOMETRIC_REPRESENTATION_CONTEXT(2) 
PARAMETRIC_REPRESENTATION_CONTEXT() REPRESENTATION_CONTEXT('2D SPACE',''
  ) );
#12683 = ORIENTED_EDGE('',*,*,#12240,.T.);
#12684 = ORIENTED_EDGE('',*,*,#12591,.T.);
#12685 = ORIENTED_EDGE('',*,*,#12686,.F.);
#12686 = EDGE_CURVE('',#12662,#12592,#12687,.T.);
#12687 = SURFACE_CURVE('',#12688,(#12701,#12717),.PCURVE_S1.);
#12688 = B_SPLINE_CURVE_WITH_KNOTS('',6,(#12689,#12690,#12691,#12692,
    #12693,#12694,#12695,#12696,#12697,#12698,#12699,#12700),
  .UNSPECIFIED.,.F.,.F.,(7,5,7),(0.,0.517688949691,1.),.UNSPECIFIED.);
#12689 = CARTESIAN_POINT('',(40.0365234875,-52.00307617187,13.51));
#12690 = CARTESIAN_POINT('',(40.0365234875,-52.09399089247,13.51));
#12691 = CARTESIAN_POINT('',(40.032251021746,-52.18324616597,13.51));
#12692 = CARTESIAN_POINT('',(40.023311751504,-52.27049982958,13.51));
#12693 = CARTESIAN_POINT('',(40.00929137272,-52.35531203576,13.51));
#12694 = CARTESIAN_POINT('',(39.989795103586,-52.43716473418,13.51));
#12695 = CARTESIAN_POINT('',(39.941042290785,-52.58851313588,13.51));
#12696 = CARTESIAN_POINT('',(39.912539902827,-52.65848285771,13.51));
#12697 = CARTESIAN_POINT('',(39.87884283901,-52.72495023781,13.51));
#12698 = CARTESIAN_POINT('',(39.839844260496,-52.78746920377,13.51));
#12699 = CARTESIAN_POINT('',(39.795591029449,-52.84566350972,13.51));
#12700 = CARTESIAN_POINT('',(39.746337940625,-52.89926757812,13.51));
#12701 = PCURVE('',#12274,#12702);
#12702 = DEFINITIONAL_REPRESENTATION('',(#12703),#12716);
#12703 = B_SPLINE_CURVE_WITH_KNOTS('',6,(#12704,#12705,#12706,#12707,
    #12708,#12709,#12710,#12711,#12712,#12713,#12714,#12715),
  .UNSPECIFIED.,.F.,.F.,(7,5,7),(0.,0.517688949691,1.),.UNSPECIFIED.);
#12704 = CARTESIAN_POINT('',(1.,-0.4900001));
#12705 = CARTESIAN_POINT('',(0.921675354288,-0.4900001));
#12706 = CARTESIAN_POINT('',(0.841424706076,-0.4900001));
#12707 = CARTESIAN_POINT('',(0.759233116343,-0.4900001));
#12708 = CARTESIAN_POINT('',(0.675154122183,-0.4900001));
#12709 = CARTESIAN_POINT('',(0.589323966816,-0.4900001));
#12710 = CARTESIAN_POINT('',(0.420643590563,-0.4900001));
#12711 = CARTESIAN_POINT('',(0.337977317184,-0.4900001));
#12712 = CARTESIAN_POINT('',(0.254248412923,-0.4900001));
#12713 = CARTESIAN_POINT('',(0.169757264561,-0.4900001));
#12714 = CARTESIAN_POINT('',(8.486482072363E-02,-0.4900001));
#12715 = CARTESIAN_POINT('',(0.,-0.4900001));
#12716 = ( GEOMETRIC_REPRESENTATION_CONTEXT(2) 
PARAMETRIC_REPRESENTATION_CONTEXT() REPRESENTATION_CONTEXT('2D SPACE',''
  ) );
#12717 = PCURVE('',#12495,#12718);
#12718 = DEFINITIONAL_REPRESENTATION('',(#12719),#12732);
#12719 = B_SPLINE_CURVE_WITH_KNOTS('',6,(#12720,#12721,#12722,#12723,
    #12724,#12725,#12726,#12727,#12728,#12729,#12730,#12731),
  .UNSPECIFIED.,.F.,.F.,(7,5,7),(0.,0.517688949691,1.),.UNSPECIFIED.);
#12720 = CARTESIAN_POINT('',(-0.4634765125,-3.076171874994E-03));
#12721 = CARTESIAN_POINT('',(-0.4634765125,-9.399089247421E-02));
#12722 = CARTESIAN_POINT('',(-0.467748978254,-0.183246165977));
#12723 = CARTESIAN_POINT('',(-0.476688248496,-0.27049982958));
#12724 = CARTESIAN_POINT('',(-0.49070862728,-0.355312035763));
#12725 = CARTESIAN_POINT('',(-0.510204896414,-0.437164734182));
#12726 = CARTESIAN_POINT('',(-0.558957709215,-0.588513135884));
#12727 = CARTESIAN_POINT('',(-0.587460097173,-0.658482857715));
#12728 = CARTESIAN_POINT('',(-0.62115716099,-0.72495023781));
#12729 = CARTESIAN_POINT('',(-0.660155739504,-0.787469203779));
#12730 = CARTESIAN_POINT('',(-0.704408970551,-0.845663509723));
#12731 = CARTESIAN_POINT('',(-0.753662059375,-0.899267578125));
#12732 = ( GEOMETRIC_REPRESENTATION_CONTEXT(2) 
PARAMETRIC_REPRESENTATION_CONTEXT() REPRESENTATION_CONTEXT('2D SPACE',''
  ) );
#12733 = ADVANCED_FACE('',(#12734),#12222,.F.);
#12734 = FACE_BOUND('',#12735,.F.);
#12735 = EDGE_LOOP('',(#12736,#12759,#12760,#12761));
#12736 = ORIENTED_EDGE('',*,*,#12737,.F.);
#12737 = EDGE_CURVE('',#12148,#12738,#12740,.T.);
#12738 = VERTEX_POINT('',#12739);
#12739 = CARTESIAN_POINT('',(39.912451221875,-51.36220703125,13.51));
#12740 = SURFACE_CURVE('',#12741,(#12745,#12752),.PCURVE_S1.);
#12741 = LINE('',#12742,#12743);
#12742 = CARTESIAN_POINT('',(39.912451221875,-51.36220703125,13.0199999)
  );
#12743 = VECTOR('',#12744,1.);
#12744 = DIRECTION('',(0.,0.,1.));
#12745 = PCURVE('',#12222,#12746);
#12746 = DEFINITIONAL_REPRESENTATION('',(#12747),#12751);
#12747 = LINE('',#12748,#12749);
#12748 = CARTESIAN_POINT('',(1.,0.));
#12749 = VECTOR('',#12750,1.);
#12750 = DIRECTION('',(0.,-1.));
#12751 = ( GEOMETRIC_REPRESENTATION_CONTEXT(2) 
PARAMETRIC_REPRESENTATION_CONTEXT() REPRESENTATION_CONTEXT('2D SPACE',''
  ) );
#12752 = PCURVE('',#12177,#12753);
#12753 = DEFINITIONAL_REPRESENTATION('',(#12754),#12758);
#12754 = LINE('',#12755,#12756);
#12755 = CARTESIAN_POINT('',(0.,0.));
#12756 = VECTOR('',#12757,1.);
#12757 = DIRECTION('',(0.,-1.));
#12758 = ( GEOMETRIC_REPRESENTATION_CONTEXT(2) 
PARAMETRIC_REPRESENTATION_CONTEXT() REPRESENTATION_CONTEXT('2D SPACE',''
  ) );
#12759 = ORIENTED_EDGE('',*,*,#12198,.T.);
#12760 = ORIENTED_EDGE('',*,*,#12661,.T.);
#12761 = ORIENTED_EDGE('',*,*,#12762,.F.);
#12762 = EDGE_CURVE('',#12738,#12662,#12763,.T.);
#12763 = SURFACE_CURVE('',#12764,(#12772,#12783),.PCURVE_S1.);
#12764 = B_SPLINE_CURVE_WITH_KNOTS('',6,(#12765,#12766,#12767,#12768,
    #12769,#12770,#12771),.UNSPECIFIED.,.F.,.F.,(7,7),(0.,1.),
  .PIECEWISE_BEZIER_KNOTS.);
#12765 = CARTESIAN_POINT('',(39.912451221875,-51.36220703125,13.51));
#12766 = CARTESIAN_POINT('',(39.95489205551,-51.4558574658,13.51));
#12767 = CARTESIAN_POINT('',(39.988364846215,-51.55549053303,13.51));
#12768 = CARTESIAN_POINT('',(40.012909792777,-51.66060865086,13.51));
#12769 = CARTESIAN_POINT('',(40.028818734836,-51.7706353018,13.51));
#12770 = CARTESIAN_POINT('',(40.0365234875,-51.88497922558,13.51));
#12771 = CARTESIAN_POINT('',(40.0365234875,-52.00307617187,13.51));
#12772 = PCURVE('',#12222,#12773);
#12773 = DEFINITIONAL_REPRESENTATION('',(#12774),#12782);
#12774 = B_SPLINE_CURVE_WITH_KNOTS('',6,(#12775,#12776,#12777,#12778,
    #12779,#12780,#12781),.UNSPECIFIED.,.F.,.F.,(7,7),(0.,1.),
  .PIECEWISE_BEZIER_KNOTS.);
#12775 = CARTESIAN_POINT('',(1.,-0.4900001));
#12776 = CARTESIAN_POINT('',(0.828967282006,-0.4900001));
#12777 = CARTESIAN_POINT('',(0.658972359725,-0.4900001));
#12778 = CARTESIAN_POINT('',(0.49065179385,-0.4900001));
#12779 = CARTESIAN_POINT('',(0.324491888753,-0.4900001));
#12780 = CARTESIAN_POINT('',(0.160855643793,-0.4900001));
#12781 = CARTESIAN_POINT('',(0.,-0.4900001));
#12782 = ( GEOMETRIC_REPRESENTATION_CONTEXT(2) 
PARAMETRIC_REPRESENTATION_CONTEXT() REPRESENTATION_CONTEXT('2D SPACE',''
  ) );
#12783 = PCURVE('',#12495,#12784);
#12784 = DEFINITIONAL_REPRESENTATION('',(#12785),#12793);
#12785 = B_SPLINE_CURVE_WITH_KNOTS('',6,(#12786,#12787,#12788,#12789,
    #12790,#12791,#12792),.UNSPECIFIED.,.F.,.F.,(7,7),(0.,1.),
  .PIECEWISE_BEZIER_KNOTS.);
#12786 = CARTESIAN_POINT('',(-0.587548778125,0.63779296875));
#12787 = CARTESIAN_POINT('',(-0.54510794449,0.5441425342));
#12788 = CARTESIAN_POINT('',(-0.511635153785,0.44450946697));
#12789 = CARTESIAN_POINT('',(-0.487090207223,0.339391349137));
#12790 = CARTESIAN_POINT('',(-0.471181265164,0.229364698197));
#12791 = CARTESIAN_POINT('',(-0.4634765125,0.115020774417));
#12792 = CARTESIAN_POINT('',(-0.4634765125,-3.076171874994E-03));
#12793 = ( GEOMETRIC_REPRESENTATION_CONTEXT(2) 
PARAMETRIC_REPRESENTATION_CONTEXT() REPRESENTATION_CONTEXT('2D SPACE',''
  ) );
#12794 = ADVANCED_FACE('',(#12795),#12177,.F.);
#12795 = FACE_BOUND('',#12796,.F.);
#12796 = EDGE_LOOP('',(#12797,#12820,#12821,#12822));
#12797 = ORIENTED_EDGE('',*,*,#12798,.F.);
#12798 = EDGE_CURVE('',#12097,#12799,#12801,.T.);
#12799 = VERTEX_POINT('',#12800);
#12800 = CARTESIAN_POINT('',(39.549462940625,-50.9376953125,13.51));
#12801 = SURFACE_CURVE('',#12802,(#12806,#12813),.PCURVE_S1.);
#12802 = LINE('',#12803,#12804);
#12803 = CARTESIAN_POINT('',(39.549462940625,-50.9376953125,13.0199999)
  );
#12804 = VECTOR('',#12805,1.);
#12805 = DIRECTION('',(0.,0.,1.));
#12806 = PCURVE('',#12177,#12807);
#12807 = DEFINITIONAL_REPRESENTATION('',(#12808),#12812);
#12808 = LINE('',#12809,#12810);
#12809 = CARTESIAN_POINT('',(1.,0.));
#12810 = VECTOR('',#12811,1.);
#12811 = DIRECTION('',(0.,-1.));
#12812 = ( GEOMETRIC_REPRESENTATION_CONTEXT(2) 
PARAMETRIC_REPRESENTATION_CONTEXT() REPRESENTATION_CONTEXT('2D SPACE',''
  ) );
#12813 = PCURVE('',#12126,#12814);
#12814 = DEFINITIONAL_REPRESENTATION('',(#12815),#12819);
#12815 = LINE('',#12816,#12817);
#12816 = CARTESIAN_POINT('',(0.,0.));
#12817 = VECTOR('',#12818,1.);
#12818 = DIRECTION('',(0.,-1.));
#12819 = ( GEOMETRIC_REPRESENTATION_CONTEXT(2) 
PARAMETRIC_REPRESENTATION_CONTEXT() REPRESENTATION_CONTEXT('2D SPACE',''
  ) );
#12820 = ORIENTED_EDGE('',*,*,#12147,.T.);
#12821 = ORIENTED_EDGE('',*,*,#12737,.T.);
#12822 = ORIENTED_EDGE('',*,*,#12823,.F.);
#12823 = EDGE_CURVE('',#12799,#12738,#12824,.T.);
#12824 = SURFACE_CURVE('',#12825,(#12836,#12850),.PCURVE_S1.);
#12825 = B_SPLINE_CURVE_WITH_KNOTS('',5,(#12826,#12827,#12828,#12829,
    #12830,#12831,#12832,#12833,#12834,#12835),.UNSPECIFIED.,.F.,.F.,(6,
    4,6),(0.,0.311862953593,1.),.UNSPECIFIED.);
#12826 = CARTESIAN_POINT('',(39.549462940625,-50.9376953125,13.51));
#12827 = CARTESIAN_POINT('',(39.579290816316,-50.95651375767,13.51));
#12828 = CARTESIAN_POINT('',(39.608062781655,-50.97657050299,13.51));
#12829 = CARTESIAN_POINT('',(39.635748959176,-50.99786292113,13.51));
#12830 = CARTESIAN_POINT('',(39.662325231045,-51.02038124904,13.51));
#12831 = CARTESIAN_POINT('',(39.7439252022,-51.09646383137,13.51));
#12832 = CARTESIAN_POINT('',(39.794587346067,-51.15470848282,13.51));
#12833 = CARTESIAN_POINT('',(39.839554515978,-51.21865444159,13.51));
#12834 = CARTESIAN_POINT('',(39.878805933828,-51.28796494936,13.51));
#12835 = CARTESIAN_POINT('',(39.912451221875,-51.36220703125,13.51));
#12836 = PCURVE('',#12177,#12837);
#12837 = DEFINITIONAL_REPRESENTATION('',(#12838),#12849);
#12838 = B_SPLINE_CURVE_WITH_KNOTS('',5,(#12839,#12840,#12841,#12842,
    #12843,#12844,#12845,#12846,#12847,#12848),.UNSPECIFIED.,.F.,.F.,(6,
    4,6),(0.,0.311862953593,1.),.UNSPECIFIED.);
#12839 = CARTESIAN_POINT('',(1.,-0.4900001));
#12840 = CARTESIAN_POINT('',(0.937576650914,-0.4900001));
#12841 = CARTESIAN_POINT('',(0.875021799533,-0.4900001));
#12842 = CARTESIAN_POINT('',(0.812378029691,-0.4900001));
#12843 = CARTESIAN_POINT('',(0.74968911123,-0.4900001));
#12844 = CARTESIAN_POINT('',(0.5486741766,-0.4900001));
#12845 = CARTESIAN_POINT('',(0.410339183677,-0.4900001));
#12846 = CARTESIAN_POINT('',(0.272496490771,-0.4900001));
#12847 = CARTESIAN_POINT('',(0.135587465409,-0.4900001));
#12848 = CARTESIAN_POINT('',(0.,-0.4900001));
#12849 = ( GEOMETRIC_REPRESENTATION_CONTEXT(2) 
PARAMETRIC_REPRESENTATION_CONTEXT() REPRESENTATION_CONTEXT('2D SPACE',''
  ) );
#12850 = PCURVE('',#12495,#12851);
#12851 = DEFINITIONAL_REPRESENTATION('',(#12852),#12863);
#12852 = B_SPLINE_CURVE_WITH_KNOTS('',5,(#12853,#12854,#12855,#12856,
    #12857,#12858,#12859,#12860,#12861,#12862),.UNSPECIFIED.,.F.,.F.,(6,
    4,6),(0.,0.311862953593,1.),.UNSPECIFIED.);
#12853 = CARTESIAN_POINT('',(-0.950537059375,1.0623046875));
#12854 = CARTESIAN_POINT('',(-0.920709183684,1.043486242321));
#12855 = CARTESIAN_POINT('',(-0.891937218345,1.023429497009));
#12856 = CARTESIAN_POINT('',(-0.864251040824,1.002137078863));
#12857 = CARTESIAN_POINT('',(-0.837674768955,0.979618750951));
#12858 = CARTESIAN_POINT('',(-0.7560747978,0.903536168623));
#12859 = CARTESIAN_POINT('',(-0.705412653933,0.845291517174));
#12860 = CARTESIAN_POINT('',(-0.660445484022,0.781345558401));
#12861 = CARTESIAN_POINT('',(-0.621194066172,0.71203505064));
#12862 = CARTESIAN_POINT('',(-0.587548778125,0.63779296875));
#12863 = ( GEOMETRIC_REPRESENTATION_CONTEXT(2) 
PARAMETRIC_REPRESENTATION_CONTEXT() REPRESENTATION_CONTEXT('2D SPACE',''
  ) );
#12864 = ADVANCED_FACE('',(#12865),#12126,.F.);
#12865 = FACE_BOUND('',#12866,.F.);
#12866 = EDGE_LOOP('',(#12867,#12890,#12891,#12892));
#12867 = ORIENTED_EDGE('',*,*,#12868,.F.);
#12868 = EDGE_CURVE('',#12046,#12869,#12871,.T.);
#12869 = VERTEX_POINT('',#12870);
#12870 = CARTESIAN_POINT('',(39.01318364375,-50.78696289062,13.51));
#12871 = SURFACE_CURVE('',#12872,(#12876,#12883),.PCURVE_S1.);
#12872 = LINE('',#12873,#12874);
#12873 = CARTESIAN_POINT('',(39.01318364375,-50.78696289062,13.0199999)
  );
#12874 = VECTOR('',#12875,1.);
#12875 = DIRECTION('',(0.,0.,1.));
#12876 = PCURVE('',#12126,#12877);
#12877 = DEFINITIONAL_REPRESENTATION('',(#12878),#12882);
#12878 = LINE('',#12879,#12880);
#12879 = CARTESIAN_POINT('',(1.,0.));
#12880 = VECTOR('',#12881,1.);
#12881 = DIRECTION('',(0.,-1.));
#12882 = ( GEOMETRIC_REPRESENTATION_CONTEXT(2) 
PARAMETRIC_REPRESENTATION_CONTEXT() REPRESENTATION_CONTEXT('2D SPACE',''
  ) );
#12883 = PCURVE('',#12075,#12884);
#12884 = DEFINITIONAL_REPRESENTATION('',(#12885),#12889);
#12885 = LINE('',#12886,#12887);
#12886 = CARTESIAN_POINT('',(0.,0.));
#12887 = VECTOR('',#12888,1.);
#12888 = DIRECTION('',(0.,-1.));
#12889 = ( GEOMETRIC_REPRESENTATION_CONTEXT(2) 
PARAMETRIC_REPRESENTATION_CONTEXT() REPRESENTATION_CONTEXT('2D SPACE',''
  ) );
#12890 = ORIENTED_EDGE('',*,*,#12096,.T.);
#12891 = ORIENTED_EDGE('',*,*,#12798,.T.);
#12892 = ORIENTED_EDGE('',*,*,#12893,.F.);
#12893 = EDGE_CURVE('',#12869,#12799,#12894,.T.);
#12894 = SURFACE_CURVE('',#12895,(#12906,#12920),.PCURVE_S1.);
#12895 = B_SPLINE_CURVE_WITH_KNOTS('',5,(#12896,#12897,#12898,#12899,
    #12900,#12901,#12902,#12903,#12904,#12905),.UNSPECIFIED.,.F.,.F.,(6,
    4,6),(0.,0.666962619446,1.),.UNSPECIFIED.);
#12896 = CARTESIAN_POINT('',(39.01318364375,-50.78696289062,13.51));
#12897 = CARTESIAN_POINT('',(39.091491585802,-50.78696289062,13.51));
#12898 = CARTESIAN_POINT('',(39.167931990596,-50.79349603817,13.51));
#12899 = CARTESIAN_POINT('',(39.242219935178,-50.80678460284,13.51));
#12900 = CARTESIAN_POINT('',(39.314096818382,-50.8269215607,13.51));
#12901 = CARTESIAN_POINT('',(39.41792584661,-50.86725305643,13.51));
#12902 = CARTESIAN_POINT('',(39.451850676115,-50.88237149154,13.51));
#12903 = CARTESIAN_POINT('',(39.485095372777,-50.89916614779,13.51));
#12904 = CARTESIAN_POINT('',(39.517638448255,-50.91761719928,13.51));
#12905 = CARTESIAN_POINT('',(39.549462940625,-50.9376953125,13.51));
#12906 = PCURVE('',#12126,#12907);
#12907 = DEFINITIONAL_REPRESENTATION('',(#12908),#12919);
#12908 = B_SPLINE_CURVE_WITH_KNOTS('',5,(#12909,#12910,#12911,#12912,
    #12913,#12914,#12915,#12916,#12917,#12918),.UNSPECIFIED.,.F.,.F.,(6,
    4,6),(0.,0.666962619446,1.),.UNSPECIFIED.);
#12909 = CARTESIAN_POINT('',(1.,-0.4900001));
#12910 = CARTESIAN_POINT('',(0.868329503019,-0.4900001));
#12911 = CARTESIAN_POINT('',(0.735539627689,-0.4900001));
#12912 = CARTESIAN_POINT('',(0.601964538999,-0.4900001));
#12913 = CARTESIAN_POINT('',(0.467978441228,-0.4900001));
#12914 = CARTESIAN_POINT('',(0.267099955206,-0.4900001));
#12915 = CARTESIAN_POINT('',(0.200200169046,-0.4900001));
#12916 = CARTESIAN_POINT('',(0.133351111315,-0.4900001));
#12917 = CARTESIAN_POINT('',(6.660183974395E-02,-0.4900001));
#12918 = CARTESIAN_POINT('',(0.,-0.4900001));
#12919 = ( GEOMETRIC_REPRESENTATION_CONTEXT(2) 
PARAMETRIC_REPRESENTATION_CONTEXT() REPRESENTATION_CONTEXT('2D SPACE',''
  ) );
#12920 = PCURVE('',#12495,#12921);
#12921 = DEFINITIONAL_REPRESENTATION('',(#12922),#12933);
#12922 = B_SPLINE_CURVE_WITH_KNOTS('',5,(#12923,#12924,#12925,#12926,
    #12927,#12928,#12929,#12930,#12931,#12932),.UNSPECIFIED.,.F.,.F.,(6,
    4,6),(0.,0.666962619446,1.),.UNSPECIFIED.);
#12923 = CARTESIAN_POINT('',(-1.48681635625,1.213037109375));
#12924 = CARTESIAN_POINT('',(-1.408508414198,1.213037109375));
#12925 = CARTESIAN_POINT('',(-1.332068009404,1.206503961821));
#12926 = CARTESIAN_POINT('',(-1.257780064822,1.193215397152));
#12927 = CARTESIAN_POINT('',(-1.185903181618,1.173078439298));
#12928 = CARTESIAN_POINT('',(-1.08207415339,1.132746943565));
#12929 = CARTESIAN_POINT('',(-1.048149323885,1.117628508452));
#12930 = CARTESIAN_POINT('',(-1.014904627223,1.100833852201));
#12931 = CARTESIAN_POINT('',(-0.982361551745,1.082382800712));
#12932 = CARTESIAN_POINT('',(-0.950537059375,1.0623046875));
#12933 = ( GEOMETRIC_REPRESENTATION_CONTEXT(2) 
PARAMETRIC_REPRESENTATION_CONTEXT() REPRESENTATION_CONTEXT('2D SPACE',''
  ) );
#12934 = ADVANCED_FACE('',(#12935),#12075,.F.);
#12935 = FACE_BOUND('',#12936,.F.);
#12936 = EDGE_LOOP('',(#12937,#12960,#12961,#12962));
#12937 = ORIENTED_EDGE('',*,*,#12938,.F.);
#12938 = EDGE_CURVE('',#11989,#12939,#12941,.T.);
#12939 = VERTEX_POINT('',#12940);
#12940 = CARTESIAN_POINT('',(38.286181690625,-51.0771484375,13.51));
#12941 = SURFACE_CURVE('',#12942,(#12946,#12953),.PCURVE_S1.);
#12942 = LINE('',#12943,#12944);
#12943 = CARTESIAN_POINT('',(38.286181690625,-51.0771484375,13.0199999)
  );
#12944 = VECTOR('',#12945,1.);
#12945 = DIRECTION('',(0.,0.,1.));
#12946 = PCURVE('',#12075,#12947);
#12947 = DEFINITIONAL_REPRESENTATION('',(#12948),#12952);
#12948 = LINE('',#12949,#12950);
#12949 = CARTESIAN_POINT('',(1.,0.));
#12950 = VECTOR('',#12951,1.);
#12951 = DIRECTION('',(0.,-1.));
#12952 = ( GEOMETRIC_REPRESENTATION_CONTEXT(2) 
PARAMETRIC_REPRESENTATION_CONTEXT() REPRESENTATION_CONTEXT('2D SPACE',''
  ) );
#12953 = PCURVE('',#12022,#12954);
#12954 = DEFINITIONAL_REPRESENTATION('',(#12955),#12959);
#12955 = LINE('',#12956,#12957);
#12956 = CARTESIAN_POINT('',(0.,0.));
#12957 = VECTOR('',#12958,1.);
#12958 = DIRECTION('',(0.,-1.));
#12959 = ( GEOMETRIC_REPRESENTATION_CONTEXT(2) 
PARAMETRIC_REPRESENTATION_CONTEXT() REPRESENTATION_CONTEXT('2D SPACE',''
  ) );
#12960 = ORIENTED_EDGE('',*,*,#12045,.T.);
#12961 = ORIENTED_EDGE('',*,*,#12868,.T.);
#12962 = ORIENTED_EDGE('',*,*,#12963,.F.);
#12963 = EDGE_CURVE('',#12939,#12869,#12964,.T.);
#12964 = SURFACE_CURVE('',#12965,(#12976,#12990),.PCURVE_S1.);
#12965 = B_SPLINE_CURVE_WITH_KNOTS('',5,(#12966,#12967,#12968,#12969,
    #12970,#12971,#12972,#12973,#12974,#12975),.UNSPECIFIED.,.F.,.F.,(6,
    4,6),(0.,0.491850256853,1.),.UNSPECIFIED.);
#12966 = CARTESIAN_POINT('',(38.286181690625,-51.0771484375,13.51));
#12967 = CARTESIAN_POINT('',(38.344988631315,-51.02111354115,13.51));
#12968 = CARTESIAN_POINT('',(38.407354157921,-50.97106909567,13.51));
#12969 = CARTESIAN_POINT('',(38.47320653153,-50.92760052754,13.51));
#12970 = CARTESIAN_POINT('',(38.542348844701,-50.89114265064,13.51));
#12971 = CARTESIAN_POINT('',(38.688827111742,-50.83158526169,13.51));
#12972 = CARTESIAN_POINT('',(38.766375763605,-50.80896152782,13.51));
#12973 = CARTESIAN_POINT('',(38.846614969185,-50.79415563061,13.51));
#12974 = CARTESIAN_POINT('',(38.929052798897,-50.78696289062,13.51));
#12975 = CARTESIAN_POINT('',(39.01318364375,-50.78696289062,13.51));
#12976 = PCURVE('',#12075,#12977);
#12977 = DEFINITIONAL_REPRESENTATION('',(#12978),#12989);
#12978 = B_SPLINE_CURVE_WITH_KNOTS('',5,(#12979,#12980,#12981,#12982,
    #12983,#12984,#12985,#12986,#12987,#12988),.UNSPECIFIED.,.F.,.F.,(6,
    4,6),(0.,0.491850256853,1.),.UNSPECIFIED.);
#12979 = CARTESIAN_POINT('',(1.,-0.4900001));
#12980 = CARTESIAN_POINT('',(0.903449884132,-0.4900001));
#12981 = CARTESIAN_POINT('',(0.805569108244,-0.4900001));
#12982 = CARTESIAN_POINT('',(0.706724135877,-0.4900001));
#12983 = CARTESIAN_POINT('',(0.607357136428,-0.4900001));
#12984 = CARTESIAN_POINT('',(0.40535025518,-0.4900001));
#12985 = CARTESIAN_POINT('',(0.302687459341,-0.4900001));
#12986 = CARTESIAN_POINT('',(0.200600226424,-0.4900001));
#12987 = CARTESIAN_POINT('',(9.957233602593E-02,-0.4900001));
#12988 = CARTESIAN_POINT('',(0.,-0.4900001));
#12989 = ( GEOMETRIC_REPRESENTATION_CONTEXT(2) 
PARAMETRIC_REPRESENTATION_CONTEXT() REPRESENTATION_CONTEXT('2D SPACE',''
  ) );
#12990 = PCURVE('',#12495,#12991);
#12991 = DEFINITIONAL_REPRESENTATION('',(#12992),#13003);
#12992 = B_SPLINE_CURVE_WITH_KNOTS('',5,(#12993,#12994,#12995,#12996,
    #12997,#12998,#12999,#13000,#13001,#13002),.UNSPECIFIED.,.F.,.F.,(6,
    4,6),(0.,0.491850256853,1.),.UNSPECIFIED.);
#12993 = CARTESIAN_POINT('',(-2.213818309375,0.9228515625));
#12994 = CARTESIAN_POINT('',(-2.155011368685,0.978886458848));
#12995 = CARTESIAN_POINT('',(-2.092645842079,1.028930904325));
#12996 = CARTESIAN_POINT('',(-2.02679346847,1.072399472455));
#12997 = CARTESIAN_POINT('',(-1.957651155299,1.108857349357));
#12998 = CARTESIAN_POINT('',(-1.811172888258,1.168414738301));
#12999 = CARTESIAN_POINT('',(-1.733624236395,1.191038472176));
#13000 = CARTESIAN_POINT('',(-1.653385030815,1.205844369389));
#13001 = CARTESIAN_POINT('',(-1.570947201103,1.213037109375));
#13002 = CARTESIAN_POINT('',(-1.48681635625,1.213037109375));
#13003 = ( GEOMETRIC_REPRESENTATION_CONTEXT(2) 
PARAMETRIC_REPRESENTATION_CONTEXT() REPRESENTATION_CONTEXT('2D SPACE',''
  ) );
#13004 = ADVANCED_FACE('',(#13005),#12022,.F.);
#13005 = FACE_BOUND('',#13006,.F.);
#13006 = EDGE_LOOP('',(#13007,#13008,#13009,#13010));
#13007 = ORIENTED_EDGE('',*,*,#12436,.F.);
#13008 = ORIENTED_EDGE('',*,*,#11988,.T.);
#13009 = ORIENTED_EDGE('',*,*,#12938,.T.);
#13010 = ORIENTED_EDGE('',*,*,#13011,.F.);
#13011 = EDGE_CURVE('',#12437,#12939,#13012,.T.);
#13012 = SURFACE_CURVE('',#13013,(#13026,#13042),.PCURVE_S1.);
#13013 = B_SPLINE_CURVE_WITH_KNOTS('',6,(#13014,#13015,#13016,#13017,
    #13018,#13019,#13020,#13021,#13022,#13023,#13024,#13025),
  .UNSPECIFIED.,.F.,.F.,(7,5,7),(0.,0.476073461693,1.),.UNSPECIFIED.);
#13014 = CARTESIAN_POINT('',(37.981640675,-52.04614257812,13.51));
#13015 = CARTESIAN_POINT('',(37.981640675,-51.95357448873,13.51));
#13016 = CARTESIAN_POINT('',(37.985038609915,-51.8625448421,13.51));
#13017 = CARTESIAN_POINT('',(37.992220119722,-51.77335454826,13.51));
#13018 = CARTESIAN_POINT('',(38.003634699987,-51.68645450871,13.51));
#13019 = CARTESIAN_POINT('',(38.019782103817,-51.60243830804,13.51));
#13020 = CARTESIAN_POINT('',(38.064638462925,-51.43347368317,13.51));
#13021 = CARTESIAN_POINT('',(38.094455454758,-51.34924760103,13.51));
#13022 = CARTESIAN_POINT('',(38.131198083946,-51.27036580466,13.51));
#13023 = CARTESIAN_POINT('',(38.17537187378,-51.19801531643,13.51));
#13024 = CARTESIAN_POINT('',(38.227193613385,-51.13335593197,13.51));
#13025 = CARTESIAN_POINT('',(38.286181690625,-51.0771484375,13.51));
#13026 = PCURVE('',#12022,#13027);
#13027 = DEFINITIONAL_REPRESENTATION('',(#13028),#13041);
#13028 = B_SPLINE_CURVE_WITH_KNOTS('',6,(#13029,#13030,#13031,#13032,
    #13033,#13034,#13035,#13036,#13037,#13038,#13039,#13040),
  .UNSPECIFIED.,.F.,.F.,(7,5,7),(0.,0.476073461693,1.),.UNSPECIFIED.);
#13029 = CARTESIAN_POINT('',(1.,-0.4900001));
#13030 = CARTESIAN_POINT('',(0.931815764969,-0.4900001));
#13031 = CARTESIAN_POINT('',(0.861570829357,-0.4900001));
#13032 = CARTESIAN_POINT('',(0.789124356003,-0.4900001));
#13033 = CARTESIAN_POINT('',(0.714385968022,-0.4900001));
#13034 = CARTESIAN_POINT('',(0.637323147046,-0.4900001));
#13035 = CARTESIAN_POINT('',(0.470703594753,-0.4900001));
#13036 = CARTESIAN_POINT('',(0.380637428915,-0.4900001));
#13037 = CARTESIAN_POINT('',(0.28799801898,-0.4900001));
#13038 = CARTESIAN_POINT('',(0.19318454006,-0.4900001));
#13039 = CARTESIAN_POINT('',(9.684750856745E-02,-0.4900001));
#13040 = CARTESIAN_POINT('',(0.,-0.4900001));
#13041 = ( GEOMETRIC_REPRESENTATION_CONTEXT(2) 
PARAMETRIC_REPRESENTATION_CONTEXT() REPRESENTATION_CONTEXT('2D SPACE',''
  ) );
#13042 = PCURVE('',#12495,#13043);
#13043 = DEFINITIONAL_REPRESENTATION('',(#13044),#13057);
#13044 = B_SPLINE_CURVE_WITH_KNOTS('',6,(#13045,#13046,#13047,#13048,
    #13049,#13050,#13051,#13052,#13053,#13054,#13055,#13056),
  .UNSPECIFIED.,.F.,.F.,(7,5,7),(0.,0.476073461693,1.),.UNSPECIFIED.);
#13045 = CARTESIAN_POINT('',(-2.518359325,-4.6142578125E-02));
#13046 = CARTESIAN_POINT('',(-2.518359325,4.64255112698E-02));
#13047 = CARTESIAN_POINT('',(-2.514961390085,0.137455157895));
#13048 = CARTESIAN_POINT('',(-2.507779880278,0.226645451737));
#13049 = CARTESIAN_POINT('',(-2.496365300013,0.313545491286));
#13050 = CARTESIAN_POINT('',(-2.480217896183,0.397561691958));
#13051 = CARTESIAN_POINT('',(-2.435361537075,0.566526316821));
#13052 = CARTESIAN_POINT('',(-2.405544545242,0.650752398966));
#13053 = CARTESIAN_POINT('',(-2.368801916054,0.729634195337));
#13054 = CARTESIAN_POINT('',(-2.32462812622,0.801984683566));
#13055 = CARTESIAN_POINT('',(-2.272806386615,0.866644068026));
#13056 = CARTESIAN_POINT('',(-2.213818309375,0.9228515625));
#13057 = ( GEOMETRIC_REPRESENTATION_CONTEXT(2) 
PARAMETRIC_REPRESENTATION_CONTEXT() REPRESENTATION_CONTEXT('2D SPACE',''
  ) );
#13058 = ADVANCED_FACE('',(#13059),#12495,.T.);
#13059 = FACE_BOUND('',#13060,.T.);
#13060 = EDGE_LOOP('',(#13061,#13062,#13063,#13064,#13065,#13066,#13067,
    #13068,#13069));
#13061 = ORIENTED_EDGE('',*,*,#12459,.F.);
#13062 = ORIENTED_EDGE('',*,*,#12546,.F.);
#13063 = ORIENTED_EDGE('',*,*,#12616,.F.);
#13064 = ORIENTED_EDGE('',*,*,#12686,.F.);
#13065 = ORIENTED_EDGE('',*,*,#12762,.F.);
#13066 = ORIENTED_EDGE('',*,*,#12823,.F.);
#13067 = ORIENTED_EDGE('',*,*,#12893,.F.);
#13068 = ORIENTED_EDGE('',*,*,#12963,.F.);
#13069 = ORIENTED_EDGE('',*,*,#13011,.F.);
#13070 = ( GEOMETRIC_REPRESENTATION_CONTEXT(3) 
GLOBAL_UNCERTAINTY_ASSIGNED_CONTEXT((#13074)) 
GLOBAL_UNIT_ASSIGNED_CONTEXT((#13071,#13072,#13073)) 
REPRESENTATION_CONTEXT('Context #1',
  '3D Context with UNIT and UNCERTAINTY') );
#13071 = ( LENGTH_UNIT() NAMED_UNIT(*) SI_UNIT(.MILLI.,.METRE.) );
#13072 = ( NAMED_UNIT(*) PLANE_ANGLE_UNIT() SI_UNIT($,.RADIAN.) );
#13073 = ( NAMED_UNIT(*) SI_UNIT($,.STERADIAN.) SOLID_ANGLE_UNIT() );
#13074 = UNCERTAINTY_MEASURE_WITH_UNIT(LENGTH_MEASURE(1.E-06),#13071,
  'distance_accuracy_value','confusion accuracy');
#13075 = PRODUCT_RELATED_PRODUCT_CATEGORY('part',$,(#7));
ENDSEC;
END-ISO-10303-21;
