// SPDX-License-Identifier: MIT
// SPDX-FileCopyrightText: 2026 Miro Eilola / Mironet
// Generated by tools/fontgen.py from Inter-Regular.ttf (sha256 40d692fce188e447…) at 36 px — do not edit.
#include "font.h"

static const uint8_t k_bitmap_36[] = {
    0x09, 0xFF, 0xF0, 0x09, 0xFF, 0xF0, 0x09, 0xFF, 0xE0, 0x09, 0xFF, 0xE0, 0x09, 0xFF, 0xE0, 0x08,
    0xFF, 0xE0, 0x08, 0xFF, 0xE0, 0x08, 0xFF, 0xD0, 0x08, 0xFF, 0xD0, 0x08, 0xFF, 0xD0, 0x07, 0xFF,
    0xD0, 0x07, 0xFF, 0xD0, 0x07, 0xFF, 0xC0, 0x07, 0xFF, 0xC0, 0x07, 0xFF, 0xC0, 0x07, 0xFF, 0xC0,
    0x06, 0xFF, 0xC0, 0x06, 0xFF, 0xB0, 0x00, 0x00, 0x00, 0x00, 0x00, 0x00, 0x00, 0x00, 0x00, 0x03,
    0xDE, 0x80, 0x0E, 0xFF, 0xF4, 0x2F, 0xFF, 0xF8, 0x0E, 0xFF, 0xF4, 0x03, 0xDE, 0x80, 0x4F, 0xFF,
    0x10, 0x5F, 0xFF, 0x10, 0x4F, 0xFF, 0x00, 0x4F, 0xFF, 0x00, 0x3F, 0xFF, 0x00, 0x3F, 0xFF, 0x00,
    0x2F, 0xFF, 0x00, 0x3F, 0xFF, 0x00, 0x2F, 0xFE, 0x00, 0x2F, 0xFE, 0x00, 0x1F, 0xFE, 0x00, 0x1F,
    0xFE, 0x00, 0x1F, 0xFD, 0x00, 0x1F, 0xFD, 0x00, 0x0F, 0xFD, 0x00, 0x0F, 0xFC, 0x00, 0x0F, 0xFC,
    0x00, 0x0F, 0xFC, 0x00, 0x0F, 0xFB, 0x00, 0x0F, 0xFB, 0x00, 0x00, 0x00, 0x00, 0x07, 0xFF, 0x20,
    0x00, 0x00, 0x4F, 0xF6, 0x00, 0x00, 0x00, 0x00, 0x00, 0x0A, 0xFF, 0x00, 0x00, 0x00, 0x6F, 0xF3,
    0x00, 0x00, 0x00, 0x00, 0x00, 0x0C, 0xFD, 0x00, 0x00, 0x00, 0x9F, 0xF0, 0x00, 0x00, 0x00, 0x00,
    0x00, 0x0F, 0xFA, 0x00, 0x00, 0x00, 0xCF, 0xE0, 0x00, 0x00, 0x00, 0x00, 0x00, 0x2F, 0xF8, 0x00,
    0x00, 0x00, 0xFF, 0xB0, 0x00, 0x00, 0x00, 0x00, 0x00, 0x5F, 0xF5, 0x00, 0x00, 0x01, 0xFF, 0x80,
    0x00, 0x00, 0x00, 0x00, 0x00, 0x7F, 0xF2, 0x00, 0x00, 0x04, 0xFF, 0x60, 0x00, 0x00, 0x00, 0x8F,
    0xFF, 0xFF, 0xFF, 0xFF, 0xFF, 0xFF, 0xFF, 0xFF, 0xFF, 0x10, 0x00, 0xAF, 0xFF, 0xFF, 0xFF, 0xFF,
    0xFF, 0xFF, 0xFF, 0xFF, 0xFF, 0x00, 0x00, 0xAD, 0xDD, 0xFF, 0xFD, 0xDD, 0xDD, 0xDF, 0xFF, 0xDD,
    0xDA, 0x00, 0x00, 0x00, 0x01, 0xFF, 0x80, 0x00, 0x00, 0x0E, 0xFB, 0x00, 0x00, 0x00, 0x00, 0x00,
    0x04, 0xFF, 0x50, 0x00, 0x00, 0x1F, 0xF9, 0x00, 0x00, 0x00, 0x00, 0x00, 0x07, 0xFF, 0x30, 0x00,
    0x00, 0x4F, 0xF6, 0x00, 0x00, 0x00, 0x00, 0x00, 0x0A, 0xFF, 0x00, 0x00, 0x00, 0x7F, 0xF3, 0x00,
    0x00, 0x00, 0x00, 0x00, 0x0C, 0xFD, 0x00, 0x00, 0x00, 0x9F, 0xF1, 0x00, 0x00, 0x00, 0x00, 0x00,
    0x0F, 0xFA, 0x00, 0x00, 0x00, 0xCF, 0xE0, 0x00, 0x00, 0x00, 0x0F, 0xFF, 0xFF, 0xFF, 0xFF, 0xFF,
    0xFF, 0xFF, 0xFF, 0xFF, 0x90, 0x00, 0x3F, 0xFF, 0xFF, 0xFF, 0xFF, 0xFF, 0xFF, 0xFF, 0xFF, 0xFF,
    0x60, 0x00, 0x4D, 0xDD, 0xEF, 0xFD, 0xDD, 0xDD, 0xDE, 0xFF, 0xED, 0xDD, 0x30, 0x00, 0x00, 0x00,
    0x9F, 0xF0, 0x00, 0x00, 0x06, 0xFF, 0x30, 0x00, 0x00, 0x00, 0x00, 0x00, 0xCF, 0xE0, 0x00, 0x00,
    0x09, 0xFF, 0x10, 0x00, 0x00, 0x00, 0x00, 0x00, 0xEF, 0xB0, 0x00, 0x00, 0x0C, 0xFE, 0x00, 0x00,
    0x00, 0x00, 0x00, 0x01, 0xFF, 0x80, 0x00, 0x00, 0x0E, 0xFC, 0x00, 0x00, 0x00, 0x00, 0x00, 0x04,
    0xFF, 0x60, 0x00, 0x00, 0x1F, 0xF9, 0x00, 0x00, 0x00, 0x00, 0x00, 0x06, 0xFF, 0x30, 0x00, 0x00,
    0x4F, 0xF6, 0x00, 0x00, 0x00, 0x00, 0x00, 0x09, 0xFF, 0x10, 0x00, 0x00, 0x6F, 0xF4, 0x00, 0x00,
    0x00, 0x00, 0x00, 0x00, 0x00, 0x00, 0x48, 0x40, 0x00, 0x00, 0x00, 0x00, 0x00, 0x00, 0x00, 0x00,
    0x8F, 0x90, 0x00, 0x00, 0x00, 0x00, 0x00, 0x00, 0x00, 0x00, 0x8F, 0x90, 0x00, 0x00, 0x00, 0x00,
    0x00, 0x00, 0x00, 0x00, 0x8F, 0x90, 0x00, 0x00, 0x00, 0x00, 0x00, 0x00, 0x00, 0x00, 0x8F, 0x90,
    0x00, 0x00, 0x00, 0x00, 0x00, 0x00, 0x04, 0x9D, 0xFF, 0xFE, 0xC8, 0x20, 0x00, 0x00, 0x00, 0x02,
    0xCF, 0xFF, 0xFF, 0xFF, 0xFF, 0xF9, 0x00, 0x00, 0x00, 0x4F, 0xFF, 0xFF, 0xFF, 0xFF, 0xFF, 0xFF,
    0xC0, 0x00, 0x02, 0xFF, 0xFF, 0x72, 0x8F, 0x91, 0x5D, 0xFF, 0xFA, 0x00, 0x0A, 0xFF, 0xE2, 0x00,
    0x8F, 0x90, 0x00, 0x9F, 0xFF, 0x20, 0x0F, 0xFF, 0x50, 0x00, 0x8F, 0x90, 0x00, 0x0E, 0xFF, 0x70,
    0x2F, 0xFF, 0x10, 0x00, 0x8F, 0x90, 0x00, 0x06, 0xAA, 0x60, 0x2F, 0xFF, 0x10, 0x00, 0x8F, 0x90,
    0x00, 0x00, 0x00, 0x00, 0x0F, 0xFF, 0x70, 0x00, 0x8F, 0x90, 0x00, 0x00, 0x00, 0x00, 0x0B, 0xFF,
    0xF7, 0x00, 0x8F, 0x90, 0x00, 0x00, 0x00, 0x00, 0x02, 0xEF, 0xFF, 0xD7, 0x9F, 0x90, 0x00, 0x00,
    0x00, 0x00, 0x00, 0x3E, 0xFF, 0xFF, 0xFF, 0xC4, 0x00, 0x00, 0x00, 0x00, 0x00, 0x01, 0x8F, 0xFF,
    0xFF, 0xFF, 0xFA, 0x40, 0x00, 0x00, 0x00, 0x00, 0x01, 0x6B, 0xFF, 0xFF, 0xFF, 0xFC, 0x20, 0x00,
    0x00, 0x00, 0x00, 0x00, 0x8F, 0xDE, 0xFF, 0xFF, 0xF4, 0x00, 0x00, 0x00, 0x00, 0x00, 0x8F, 0x90,
    0x3A, 0xFF, 0xFF, 0x20, 0x00, 0x00, 0x00, 0x00, 0x8F, 0x90, 0x00, 0x4F, 0xFF, 0x90, 0x00, 0x00,
    0x00, 0x00, 0x8F, 0x90, 0x00, 0x07, 0xFF, 0xE0, 0x00, 0x00, 0x00, 0x00, 0x8F, 0x90, 0x00, 0x03,
    0xFF, 0xF0, 0xDF, 0xF8, 0x00, 0x00, 0x8F, 0x90, 0x00, 0x04, 0xFF, 0xF0, 0xBF, 0xFD, 0x00, 0x00,
    0x8F, 0x90, 0x00, 0x0A, 0xFF, 0xD0, 0x5F, 0xFF, 0x80, 0x00, 0x8F, 0x90, 0x00, 0x6F, 0xFF, 0x70,
    0x0D, 0xFF, 0xFC, 0x40, 0x8F, 0x90, 0x3B, 0xFF, 0xFE, 0x00, 0x02, 0xEF, 0xFF, 0xFF, 0xEF, 0xEF,
    0xFF, 0xFF, 0xF2, 0x00, 0x00, 0x2C, 0xFF, 0xFF, 0xFF, 0xFF, 0xFF, 0xFC, 0x20, 0x00, 0x00, 0x00,
    0x49, 0xDE, 0xFF, 0xFE, 0xD9, 0x40, 0x00, 0x00, 0x00, 0x00, 0x00, 0x00, 0x8F, 0x90, 0x00, 0x00,
    0x00, 0x00, 0x00, 0x00, 0x00, 0x00, 0x8F, 0x90, 0x00, 0x00, 0x00, 0x00, 0x00, 0x00, 0x00, 0x00,
    0x8F, 0x90, 0x00, 0x00, 0x00, 0x00, 0x00, 0x00, 0x00, 0x00, 0x37, 0x40, 0x00, 0x00, 0x00, 0x00,
    0x00, 0x5B, 0xEF, 0xD8, 0x10, 0x00, 0x00, 0x00, 0x00, 0x00, 0x3F, 0xFB, 0x00, 0x00, 0x09, 0xFF,
    0xFF, 0xFF, 0xD1, 0x00, 0x00, 0x00, 0x00, 0x00, 0xDF, 0xE1, 0x00, 0x00, 0x5F, 0xFF, 0xEE, 0xFF,
    0xFB, 0x00, 0x00, 0x00, 0x00, 0x09, 0xFF, 0x50, 0x00, 0x00, 0xBF, 0xF6, 0x00, 0x2E, 0xFF, 0x10,
    0x00, 0x00, 0x00, 0x5F, 0xFA, 0x00, 0x00, 0x00, 0xEF, 0xD0, 0x00, 0x07, 0xFF, 0x40, 0x00, 0x00,
    0x01, 0xEF, 0xE1, 0x00, 0x00, 0x00, 0xFF, 0xB0, 0x00, 0x06, 0xFF, 0x50, 0x00, 0x00, 0x0B, 0xFF,
    0x40, 0x00, 0x00, 0x00, 0xEF, 0xD0, 0x00, 0x07, 0xFF, 0x40, 0x00, 0x00, 0x6F, 0xF9, 0x00, 0x00,
    0x00, 0x00, 0xBF, 0xF6, 0x00, 0x2E, 0xFF, 0x10, 0x00, 0x02, 0xFF, 0xD0, 0x00, 0x00, 0x00, 0x00,
    0x5F, 0xFF, 0xEE, 0xFF, 0xFB, 0x00, 0x00, 0x0C, 0xFF, 0x30, 0x00, 0x00, 0x00, 0x00, 0x09, 0xFF,
    0xFF, 0xFF, 0xD1, 0x00, 0x00, 0x7F, 0xF7, 0x00, 0x00, 0x00, 0x00, 0x00, 0x00, 0x5C, 0xEF, 0xD8,
    0x10, 0x00, 0x02, 0xFF, 0xC0, 0x00, 0x00, 0x00, 0x00, 0x00, 0x00, 0x00, 0x00, 0x00, 0x00, 0x00,
    0x0D, 0xFF, 0x20, 0x00, 0x00, 0x00, 0x00, 0x00, 0x00, 0x00, 0x00, 0x00, 0x00, 0x00, 0x8F, 0xF6,
    0x00, 0x00, 0x00, 0x00, 0x00, 0x00, 0x00, 0x00, 0x00, 0x00, 0x00, 0x03, 0xFF, 0xB0, 0x00, 0x00,
    0x00, 0x00, 0x00, 0x00, 0x00, 0x00, 0x00, 0x00, 0x00, 0x0D, 0xFE, 0x10, 0x00, 0x04, 0xBE, 0xFD,
    0x70, 0x00, 0x00, 0x00, 0x00, 0x00, 0x00, 0x9F, 0xF5, 0x00, 0x00, 0x7F, 0xFF, 0xFF, 0xFD, 0x10,
    0x00, 0x00, 0x00, 0x00, 0x05, 0xFF, 0xA0, 0x00, 0x03, 0xFF, 0xFF, 0xEF, 0xFF, 0x90, 0x00, 0x00,
    0x00, 0x00, 0x1E, 0xFE, 0x10, 0x00, 0x0A, 0xFF, 0x80, 0x03, 0xEF, 0xF0, 0x00, 0x00, 0x00, 0x00,
    0xBF, 0xF4, 0x00, 0x00, 0x0D, 0xFE, 0x00, 0x00, 0x8F, 0xF3, 0x00, 0x00, 0x00, 0x06, 0xFF, 0x90,
    0x00, 0x00, 0x0F, 0xFB, 0x00, 0x00, 0x6F, 0xF4, 0x00, 0x00, 0x00, 0x2F, 0xFD, 0x00, 0x00, 0x00,
    0x0F, 0xFB, 0x00, 0x00, 0x6F, 0xF4, 0x00, 0x00, 0x00, 0xCF, 0xF3, 0x00, 0x00, 0x00, 0x0D, 0xFE,
    0x00, 0x00, 0x8F, 0xF3, 0x00, 0x00, 0x07, 0xFF, 0x70, 0x00, 0x00, 0x00, 0x0A, 0xFF, 0x70, 0x03,
    0xEF, 0xF0, 0x00, 0x00, 0x2F, 0xFC, 0x00, 0x00, 0x00, 0x00, 0x03, 0xFF, 0xFF, 0xEF, 0xFF, 0x90,
    0x00, 0x00, 0xDF, 0xF2, 0x00, 0x00, 0x00, 0x00, 0x00, 0x8F, 0xFF, 0xFF, 0xFC, 0x00, 0x00, 0x08,
    0xFF, 0x60, 0x00, 0x00, 0x00, 0x00, 0x00, 0x05, 0xBE, 0xFD, 0x70, 0x00, 0x00, 0x00, 0x01, 0x7C,
    0xEF, 0xEB, 0x50, 0x00, 0x00, 0x00, 0x00, 0x00, 0x00, 0x3E, 0xFF, 0xFF, 0xFF, 0xFC, 0x10, 0x00,
    0x00, 0x00, 0x00, 0x02, 0xFF, 0xFF, 0xFD, 0xFF, 0xFF, 0xC0, 0x00, 0x00, 0x00, 0x00, 0x0A, 0xFF,
    0xF6, 0x00, 0x08, 0xFF, 0xF5, 0x00, 0x00, 0x00, 0x00, 0x0E, 0xFF, 0x80, 0x00, 0x00, 0xBF, 0xF9,
    0x00, 0x00, 0x00, 0x00, 0x0F, 0xFF, 0x30, 0x00, 0x00, 0x8F, 0xFB, 0x00, 0x00, 0x00, 0x00, 0x0E,
    0xFF, 0x30, 0x00, 0x00, 0x9F, 0xF8, 0x00, 0x00, 0x00, 0x00, 0x0B, 0xFF, 0x70, 0x00, 0x01, 0xEF,
    0xF3, 0x00, 0x00, 0x00, 0x00, 0x04, 0xFF, 0xE0, 0x00, 0x1C, 0xFF, 0x90, 0x00, 0x00, 0x00, 0x00,
    0x00, 0xAF, 0xFA, 0x03, 0xEF, 0xFB, 0x00, 0x00, 0x00, 0x00, 0x00, 0x00, 0x1D, 0xFF, 0xAF, 0xFF,
    0x80, 0x00, 0x00, 0x00, 0x00, 0x00, 0x00, 0x04, 0xFF, 0xFF, 0xE4, 0x00, 0x00, 0x00, 0x00, 0x00,
    0x00, 0x00, 0x3E, 0xFF, 0xFF, 0xB0, 0x00, 0x00, 0x00, 0x00, 0x00, 0x00, 0x05, 0xFF, 0xFE, 0xFF,
    0xF8, 0x00, 0x00, 0x00, 0x00, 0x00, 0x00, 0x5F, 0xFF, 0xC1, 0x7F, 0xFF, 0x60, 0x00, 0x0F, 0xFF,
    0x00, 0x02, 0xFF, 0xFB, 0x00, 0x09, 0xFF, 0xF4, 0x00, 0x1F, 0xFF, 0x00, 0x0A, 0xFF, 0xD0, 0x00,
    0x00, 0xCF, 0xFE, 0x20, 0x4F, 0xFE, 0x00, 0x0F, 0xFF, 0x50, 0x00, 0x00, 0x1D, 0xFF, 0xD1, 0x9F,
    0xFB, 0x00, 0x2F, 0xFF, 0x20, 0x00, 0x00, 0x02, 0xFF, 0xFC, 0xEF, 0xF5, 0x00, 0x1F, 0xFF, 0x20,
    0x00, 0x00, 0x00, 0x4F, 0xFF, 0xFF, 0xE0, 0x00, 0x0F, 0xFF, 0x60, 0x00, 0x00, 0x00, 0x07, 0xFF,
    0xFF, 0x60, 0x00, 0x09, 0xFF, 0xE1, 0x00, 0x00, 0x00, 0x06, 0xFF, 0xFF, 0x30, 0x00, 0x02, 0xFF,
    0xFE, 0x50, 0x00, 0x04, 0xBF, 0xFF, 0xFF, 0xE1, 0x00, 0x00, 0x5F, 0xFF, 0xFF, 0xDD, 0xFF, 0xFF,
    0xFC, 0xEF, 0xFB, 0x00, 0x00, 0x04, 0xDF, 0xFF, 0xFF, 0xFF, 0xFF, 0x90, 0x4F, 0xFF, 0x70, 0x00,
    0x00, 0x05, 0xAD, 0xEF, 0xEB, 0x71, 0x00, 0x08, 0xFF, 0xF4, 0x4F, 0xFF, 0x10, 0x4F, 0xFF, 0x00,
    0x3F, 0xFF, 0x00, 0x2F, 0xFF, 0x00, 0x2F, 0xFE, 0x00, 0x1F, 0xFE, 0x00, 0x1F, 0xFD, 0x00, 0x0F,
    0xFD, 0x00, 0x0F, 0xFC, 0x00, 0x0F, 0xFB, 0x00, 0x00, 0x00, 0x0D, 0xFF, 0x30, 0x00, 0x00, 0x6F,
    0xFC, 0x00, 0x00, 0x00, 0xEF, 0xF5, 0x00, 0x00, 0x05, 0xFF, 0xE0, 0x00, 0x00, 0x0B, 0xFF, 0x90,
    0x00, 0x00, 0x1F, 0xFF, 0x30, 0x00, 0x00, 0x6F, 0xFE, 0x00, 0x00, 0x00, 0xBF, 0xF9, 0x00, 0x00,
    0x00, 0xFF, 0xF4, 0x00, 0x00, 0x03, 0xFF, 0xF1, 0x00, 0x00, 0x06, 0xFF, 0xD0, 0x00, 0x00, 0x09,
    0xFF, 0xA0, 0x00, 0x00, 0x0C, 0xFF, 0x70, 0x00, 0x00, 0x0E, 0xFF, 0x50, 0x00, 0x00, 0x0F, 0xFF,
    0x30, 0x00, 0x00, 0x1F, 0xFF, 0x20, 0x00, 0x00, 0x2F, 0xFF, 0x10, 0x00, 0x00, 0x2F, 0xFF, 0x00,
    0x00, 0x00, 0x2F, 0xFF, 0x10, 0x00, 0x00, 0x1F, 0xFF, 0x20, 0x00, 0x00, 0x0F, 0xFF, 0x40, 0x00,
    0x00, 0x0D, 0xFF, 0x60, 0x00, 0x00, 0x0A, 0xFF, 0x90, 0x00, 0x00, 0x07, 0xFF, 0xD0, 0x00, 0x00,
    0x03, 0xFF, 0xF1, 0x00, 0x00, 0x00, 0xEF, 0xF6, 0x00, 0x00, 0x00, 0x9F, 0xFB, 0x00, 0x00, 0x00,
    0x3F, 0xFF, 0x10, 0x00, 0x00, 0x0D, 0xFF, 0x70, 0x00, 0x00, 0x06, 0xFF, 0xD0, 0x00, 0x00, 0x00,
    0xEF, 0xF4, 0x00, 0x00, 0x00, 0x7F, 0xFB, 0x00, 0x00, 0x00, 0x0D, 0xFF, 0x30, 0x1F, 0xFF, 0x10,
    0x00, 0x00, 0x0A, 0xFF, 0x80, 0x00, 0x00, 0x03, 0xFF, 0xF1, 0x00, 0x00, 0x00, 0xCF, 0xF7, 0x00,
    0x00, 0x00, 0x6F, 0xFD, 0x00, 0x00, 0x00, 0x1F, 0xFF, 0x30, 0x00, 0x00, 0x0C, 0xFF, 0x80, 0x00,
    0x00, 0x07, 0xFF, 0xD0, 0x00, 0x00, 0x02, 0xFF, 0xF1, 0x00, 0x00, 0x00, 0xEF, 0xF5, 0x00, 0x00,
    0x00, 0xBF, 0xF8, 0x00, 0x00, 0x00, 0x8F, 0xFC, 0x00, 0x00, 0x00, 0x5F, 0xFE, 0x00, 0x00, 0x00,
    0x3F, 0xFF, 0x00, 0x00, 0x00, 0x1F, 0xFF, 0x20, 0x00, 0x00, 0x0F, 0xFF, 0x30, 0x00, 0x00, 0x0F,
    0xFF, 0x40, 0x00, 0x00, 0x0E, 0xFF, 0x40, 0x00, 0x00, 0x0F, 0xFF, 0x40, 0x00, 0x00, 0x0F, 0xFF,
    0x30, 0x00, 0x00, 0x2F, 0xFF, 0x10, 0x00, 0x00, 0x5F, 0xFF, 0x00, 0x00, 0x00, 0x7F, 0xFC, 0x00,
    0x00, 0x00, 0xBF, 0xF9, 0x00, 0x00, 0x00, 0xFF, 0xF5, 0x00, 0x00, 0x04, 0xFF, 0xF0, 0x00, 0x00,
    0x09, 0xFF, 0xB0, 0x00, 0x00, 0x0E, 0xFF, 0x50, 0x00, 0x00, 0x5F, 0xFE, 0x00, 0x00, 0x00, 0xCF,
    0xF8, 0x00, 0x00, 0x02, 0xFF, 0xF1, 0x00, 0x00, 0x09, 0xFF, 0x90, 0x00, 0x00, 0x1F, 0xFF, 0x10,
    0x00, 0x00, 0x00, 0x00, 0x03, 0xFF, 0x40, 0x00, 0x00, 0x00, 0x00, 0x03, 0xFF, 0x30, 0x00, 0x00,
    0x00, 0x00, 0x02, 0xFF, 0x30, 0x00, 0x00, 0x2E, 0x60, 0x01, 0xFF, 0x20, 0x06, 0xE2, 0xBF, 0xFC,
    0x21, 0xFF, 0x12, 0xCF, 0xFB, 0x4D, 0xFF, 0xF8, 0xFF, 0x8F, 0xFF, 0xD5, 0x00, 0x5D, 0xFF, 0xFF,
    0xFF, 0xD5, 0x00, 0x00, 0x00, 0x8F, 0xFF, 0xF9, 0x00, 0x00, 0x00, 0x19, 0xFF, 0xFF, 0xFF, 0xA2,
    0x00, 0x19, 0xFF, 0xFB, 0xFF, 0xBF, 0xFF, 0x91, 0xCF, 0xFE, 0x51, 0xFF, 0x15, 0xEF, 0xFC, 0x4F,
    0xA1, 0x01, 0xFF, 0x20, 0x19, 0xF4, 0x03, 0x00, 0x02, 0xFF, 0x30, 0x00, 0x30, 0x00, 0x00, 0x03,
    0xFF, 0x30, 0x00, 0x00, 0x00, 0x00, 0x03, 0xFF, 0x40, 0x00, 0x00, 0x00, 0x00, 0x00, 0x09, 0xFF,
    0x60, 0x00, 0x00, 0x00, 0x00, 0x00, 0x00, 0x09, 0xFF, 0x60, 0x00, 0x00, 0x00, 0x00, 0x00, 0x00,
    0x09, 0xFF, 0x60, 0x00, 0x00, 0x00, 0x00, 0x00, 0x00, 0x09, 0xFF, 0x60, 0x00, 0x00, 0x00, 0x00,
    0x00, 0x00, 0x09, 0xFF, 0x60, 0x00, 0x00, 0x00, 0x00, 0x00, 0x00, 0x09, 0xFF, 0x60, 0x00, 0x00,
    0x00, 0x00, 0x00, 0x00, 0x09, 0xFF, 0x60, 0x00, 0x00, 0x00, 0x9F, 0xFF, 0xFF, 0xFF, 0xFF, 0xFF,
    0xFF, 0xFF, 0xF6, 0x9F, 0xFF, 0xFF, 0xFF, 0xFF, 0xFF, 0xFF, 0xFF, 0xF6, 0x7D, 0xDD, 0xDD, 0xDE,
    0xFF, 0xED, 0xDD, 0xDD, 0xD5, 0x00, 0x00, 0x00, 0x09, 0xFF, 0x60, 0x00, 0x00, 0x00, 0x00, 0x00,
    0x00, 0x09, 0xFF, 0x60, 0x00, 0x00, 0x00, 0x00, 0x00, 0x00, 0x09, 0xFF, 0x60, 0x00, 0x00, 0x00,
    0x00, 0x00, 0x00, 0x09, 0xFF, 0x60, 0x00, 0x00, 0x00, 0x00, 0x00, 0x00, 0x09, 0xFF, 0x60, 0x00,
    0x00, 0x00, 0x00, 0x00, 0x00, 0x09, 0xFF, 0x60, 0x00, 0x00, 0x00, 0x00, 0x00, 0x00, 0x09, 0xFF,
    0x60, 0x00, 0x00, 0x00, 0x04, 0xFF, 0xF4, 0x07, 0xFF, 0xF0, 0x09, 0xFF, 0xB0, 0x0B, 0xFF, 0x70,
    0x0E, 0xFF, 0x20, 0x0F, 0xFE, 0x00, 0x3F, 0xFA, 0x00, 0x5F, 0xF5, 0x00, 0x8F, 0xF1, 0x00, 0xAF,
    0xC0, 0x00, 0x6D, 0xDD, 0xDD, 0xDD, 0xDD, 0xDD, 0x00, 0x7F, 0xFF, 0xFF, 0xFF, 0xFF, 0xFF, 0x00,
    0x7F, 0xFF, 0xFF, 0xFF, 0xFF, 0xFF, 0x00, 0x03, 0xDE, 0x80, 0x0E, 0xFF, 0xF4, 0x2F, 0xFF, 0xF8,
    0x0E, 0xFF, 0xF4, 0x03, 0xDE, 0x80, 0x00, 0x00, 0x00, 0x00, 0x06, 0x88, 0x00, 0x00, 0x00, 0x00,
    0x00, 0x0F, 0xFE, 0x00, 0x00, 0x00, 0x00, 0x00, 0x4F, 0xFA, 0x00, 0x00, 0x00, 0x00, 0x00, 0x8F,
    0xF5, 0x00, 0x00, 0x00, 0x00, 0x00, 0xDF, 0xF1, 0x00, 0x00, 0x00, 0x00, 0x01, 0xFF, 0xD0, 0x00,
    0x00, 0x00, 0x00, 0x05, 0xFF, 0x90, 0x00, 0x00, 0x00, 0x00, 0x0A, 0xFF, 0x40, 0x00, 0x00, 0x00,
    0x00, 0x0E, 0xFF, 0x00, 0x00, 0x00, 0x00, 0x00, 0x2F, 0xFC, 0x00, 0x00, 0x00, 0x00, 0x00, 0x6F,
    0xF7, 0x00, 0x00, 0x00, 0x00, 0x00, 0xBF, 0xF3, 0x00, 0x00, 0x00, 0x00, 0x00, 0xFF, 0xF0, 0x00,
    0x00, 0x00, 0x00, 0x03, 0xFF, 0xB0, 0x00, 0x00, 0x00, 0x00, 0x08, 0xFF, 0x60, 0x00, 0x00, 0x00,
    0x00, 0x0C, 0xFF, 0x20, 0x00, 0x00, 0x00, 0x00, 0x0F, 0xFE, 0x00, 0x00, 0x00, 0x00, 0x00, 0x4F,
    0xF9, 0x00, 0x00, 0x00, 0x00, 0x00, 0x9F, 0xF5, 0x00, 0x00, 0x00, 0x00, 0x00, 0xDF, 0xF1, 0x00,
    0x00, 0x00, 0x00, 0x01, 0xFF, 0xD0, 0x00, 0x00, 0x00, 0x00, 0x06, 0xFF, 0x80, 0x00, 0x00, 0x00,
    0x00, 0x0A, 0xFF, 0x40, 0x00, 0x00, 0x00, 0x00, 0x0E, 0xFF, 0x00, 0x00, 0x00, 0x00, 0x00, 0x2F,
    0xFB, 0x00, 0x00, 0x00, 0x00, 0x00, 0x7F, 0xF7, 0x00, 0x00, 0x00, 0x00, 0x00, 0xBF, 0xF3, 0x00,
    0x00, 0x00, 0x00, 0x00, 0xFF, 0xE0, 0x00, 0x00, 0x00, 0x00, 0x04, 0xFF, 0xA0, 0x00, 0x00, 0x00,
    0x00, 0x08, 0xFF, 0x60, 0x00, 0x00, 0x00, 0x00, 0x0C, 0xFF, 0x20, 0x00, 0x00, 0x00, 0x00, 0x1F,
    0xFD, 0x00, 0x00, 0x00, 0x00, 0x00, 0x00, 0x00, 0x02, 0x7C, 0xEF, 0xEB, 0x60, 0x00, 0x00, 0x00,
    0x00, 0x00, 0x7F, 0xFF, 0xFF, 0xFF, 0xFE, 0x40, 0x00, 0x00, 0x00, 0x09, 0xFF, 0xFF, 0xED, 0xFF,
    0xFF, 0xF5, 0x00, 0x00, 0x00, 0x6F, 0xFF, 0xB3, 0x00, 0x05, 0xEF, 0xFF, 0x20, 0x00, 0x01, 0xFF,
    0xFA, 0x00, 0x00, 0x00, 0x1E, 0xFF, 0xB0, 0x00, 0x08, 0xFF, 0xE0, 0x00, 0x00, 0x00, 0x04, 0xFF,
    0xF3, 0x00, 0x0E, 0xFF, 0x70, 0x00, 0x00, 0x00, 0x00, 0xCF, 0xF9, 0x00, 0x3F, 0xFF, 0x10, 0x00,
    0x00, 0x00, 0x00, 0x6F, 0xFE, 0x00, 0x6F, 0xFD, 0x00, 0x00, 0x00, 0x00, 0x00, 0x1F, 0xFF, 0x10,
    0x9F, 0xFA, 0x00, 0x00, 0x00, 0x00, 0x00, 0x0E, 0xFF, 0x40, 0xBF, 0xF7, 0x00, 0x00, 0x00, 0x00,
    0x00, 0x0C, 0xFF, 0x60, 0xCF, 0xF6, 0x00, 0x00, 0x00, 0x00, 0x00, 0x0B, 0xFF, 0x70, 0xDF, 0xF6,
    0x00, 0x00, 0x00, 0x00, 0x00, 0x0A, 0xFF, 0x80, 0xDF, 0xF6, 0x00, 0x00, 0x00, 0x00, 0x00, 0x0A,
    0xFF, 0x80, 0xCF, 0xF6, 0x00, 0x00, 0x00, 0x00, 0x00, 0x0B, 0xFF, 0x70, 0xBF, 0xF7, 0x00, 0x00,
    0x00, 0x00, 0x00, 0x0C, 0xFF, 0x60, 0x9F, 0xFA, 0x00, 0x00, 0x00, 0x00, 0x00, 0x0E, 0xFF, 0x40,
    0x6F, 0xFC, 0x00, 0x00, 0x00, 0x00, 0x00, 0x1F, 0xFF, 0x20, 0x3F, 0xFF, 0x10, 0x00, 0x00, 0x00,
    0x00, 0x6F, 0xFE, 0x00, 0x0E, 0xFF, 0x70, 0x00, 0x00, 0x00, 0x00, 0xCF, 0xF9, 0x00, 0x09, 0xFF,
    0xE0, 0x00, 0x00, 0x00, 0x04, 0xFF, 0xF4, 0x00, 0x01, 0xFF, 0xFA, 0x00, 0x00, 0x00, 0x1E, 0xFF,
    0xC0, 0x00, 0x00, 0x7F, 0xFF, 0xB3, 0x00, 0x05, 0xEF, 0xFF, 0x30, 0x00, 0x00, 0x0A, 0xFF, 0xFF,
    0xED, 0xFF, 0xFF, 0xF5, 0x00, 0x00, 0x00, 0x00, 0x8F, 0xFF, 0xFF, 0xFF, 0xFE, 0x50, 0x00, 0x00,
    0x00, 0x00, 0x02, 0x8C, 0xEF, 0xEB, 0x61, 0x00, 0x00, 0x00, 0x00, 0x00, 0x05, 0xFF, 0xFF, 0x70,
    0x00, 0x00, 0x9F, 0xFF, 0xFF, 0x70, 0x00, 0x2C, 0xFF, 0xFF, 0xFF, 0x70, 0x05, 0xFF, 0xFF, 0x8D,
    0xFF, 0x70, 0x4F, 0xFF, 0xE4, 0x0D, 0xFF, 0x70, 0x5F, 0xFB, 0x10, 0x0D, 0xFF, 0x70, 0x5F, 0x70,
    0x00, 0x0D, 0xFF, 0x70, 0x33, 0x00, 0x00, 0x0D, 0xFF, 0x70, 0x00, 0x00, 0x00, 0x0D, 0xFF, 0x70,
    0x00, 0x00, 0x00, 0x0D, 0xFF, 0x70, 0x00, 0x00, 0x00, 0x0D, 0xFF, 0x70, 0x00, 0x00, 0x00, 0x0D,
    0xFF, 0x70, 0x00, 0x00, 0x00, 0x0D, 0xFF, 0x70, 0x00, 0x00, 0x00, 0x0D, 0xFF, 0x70, 0x00, 0x00,
    0x00, 0x0D, 0xFF, 0x70, 0x00, 0x00, 0x00, 0x0D, 0xFF, 0x70, 0x00, 0x00, 0x00, 0x0D, 0xFF, 0x70,
    0x00, 0x00, 0x00, 0x0D, 0xFF, 0x70, 0x00, 0x00, 0x00, 0x0D, 0xFF, 0x70, 0x00, 0x00, 0x00, 0x0D,
    0xFF, 0x70, 0x00, 0x00, 0x00, 0x0D, 0xFF, 0x70, 0x00, 0x00, 0x00, 0x0D, 0xFF, 0x70, 0x00, 0x00,
    0x00, 0x0D, 0xFF, 0x70, 0x00, 0x00, 0x00, 0x0D, 0xFF, 0x70, 0x00, 0x00, 0x00, 0x0D, 0xFF, 0x70,
    0x00, 0x00, 0x00, 0x0D, 0xFF, 0x70, 0x00, 0x00, 0x04, 0xAD, 0xFF, 0xDA, 0x40, 0x00, 0x00, 0x00,
    0x02, 0xDF, 0xFF, 0xFF, 0xFF, 0xFB, 0x10, 0x00, 0x00, 0x3F, 0xFF, 0xFF, 0xDE, 0xFF, 0xFF, 0xE1,
    0x00, 0x01, 0xEF, 0xFE, 0x50, 0x00, 0x17, 0xFF, 0xFC, 0x00, 0x09, 0xFF, 0xE1, 0x00, 0x00, 0x00,
    0x3F, 0xFF, 0x60, 0x0E, 0xFF, 0x60, 0x00, 0x00, 0x00, 0x09, 0xFF, 0xB0, 0x2F, 0xFF, 0x10, 0x00,
    0x00, 0x00, 0x04, 0xFF, 0xE0, 0x2A, 0xAA, 0x00, 0x00, 0x00, 0x00, 0x04, 0xFF, 0xE0, 0x00, 0x00,
    0x00, 0x00, 0x00, 0x00, 0x06, 0xFF, 0xD0, 0x00, 0x00, 0x00, 0x00, 0x00, 0x00, 0x0C, 0xFF, 0x90,
    0x00, 0x00, 0x00, 0x00, 0x00, 0x00, 0x4F, 0xFF, 0x30, 0x00, 0x00, 0x00, 0x00, 0x00, 0x01, 0xEF,
    0xFA, 0x00, 0x00, 0x00, 0x00, 0x00, 0x00, 0x0C, 0xFF, 0xE1, 0x00, 0x00, 0x00, 0x00, 0x00, 0x00,
    0xBF, 0xFF, 0x40, 0x00, 0x00, 0x00, 0x00, 0x00, 0x09, 0xFF, 0xF6, 0x00, 0x00, 0x00, 0x00, 0x00,
    0x00, 0x8F, 0xFF, 0x80, 0x00, 0x00, 0x00, 0x00, 0x00, 0x07, 0xFF, 0xF9, 0x00, 0x00, 0x00, 0x00,
    0x00, 0x00, 0x6F, 0xFF, 0xA0, 0x00, 0x00, 0x00, 0x00, 0x00, 0x05, 0xFF, 0xFB, 0x00, 0x00, 0x00,
    0x00, 0x00, 0x00, 0x5F, 0xFF, 0xC0, 0x00, 0x00, 0x00, 0x00, 0x00, 0x04, 0xFF, 0xFC, 0x00, 0x00,
    0x00, 0x00, 0x00, 0x00, 0x3F, 0xFF, 0xD1, 0x00, 0x00, 0x00, 0x00, 0x00, 0x02, 0xEF, 0xFD, 0x10,
    0x00, 0x00, 0x00, 0x00, 0x00, 0x1E, 0xFF, 0xFE, 0xDD, 0xDD, 0xDD, 0xDD, 0xDD, 0xD5, 0x4F, 0xFF,
    0xFF, 0xFF, 0xFF, 0xFF, 0xFF, 0xFF, 0xF6, 0x4F, 0xFF, 0xFF, 0xFF, 0xFF, 0xFF, 0xFF, 0xFF, 0xF6,
    0x00, 0x00, 0x04, 0x9D, 0xEF, 0xDB, 0x61, 0x00, 0x00, 0x00, 0x00, 0x03, 0xDF, 0xFF, 0xFF, 0xFF,
    0xFF, 0x50, 0x00, 0x00, 0x00, 0x5F, 0xFF, 0xFF, 0xED, 0xFF, 0xFF, 0xF7, 0x00, 0x00, 0x03, 0xFF,
    0xFE, 0x61, 0x00, 0x04, 0xDF, 0xFF, 0x30, 0x00, 0x0C, 0xFF, 0xD1, 0x00, 0x00, 0x00, 0x0D, 0xFF,
    0xB0, 0x00, 0x1F, 0xFF, 0x40, 0x00, 0x00, 0x00, 0x05, 0xFF, 0xF0, 0x00, 0x19, 0x99, 0x00, 0x00,
    0x00, 0x00, 0x02, 0xFF, 0xF1, 0x00, 0x00, 0x00, 0x00, 0x00, 0x00, 0x00, 0x03, 0xFF, 0xF1, 0x00,
    0x00, 0x00, 0x00, 0x00, 0x00, 0x00, 0x08, 0xFF, 0xD0, 0x00, 0x00, 0x00, 0x00, 0x00, 0x00, 0x00,
    0x3F, 0xFF, 0x60, 0x00, 0x00, 0x00, 0x00, 0x00, 0x00, 0x39, 0xFF, 0xFA, 0x00, 0x00, 0x00, 0x00,
    0x00, 0x6F, 0xFF, 0xFF, 0xFE, 0x70, 0x00, 0x00, 0x00, 0x00, 0x00, 0x6F, 0xFF, 0xFF, 0xF6, 0x10,
    0x00, 0x00, 0x00, 0x00, 0x00, 0x5D, 0xDE, 0xFF, 0xFF, 0xF8, 0x00, 0x00, 0x00, 0x00, 0x00, 0x00,
    0x00, 0x04, 0xBF, 0xFF, 0xA0, 0x00, 0x00, 0x00, 0x00, 0x00, 0x00, 0x00, 0x07, 0xFF, 0xF5, 0x00,
    0x00, 0x00, 0x00, 0x00, 0x00, 0x00, 0x00, 0xBF, 0xFC, 0x00, 0x00, 0x00, 0x00, 0x00, 0x00, 0x00,
    0x00, 0x5F, 0xFF, 0x00, 0x00, 0x00, 0x00, 0x00, 0x00, 0x00, 0x00, 0x3F, 0xFF, 0x10, 0xAD, 0xD8,
    0x00, 0x00, 0x00, 0x00, 0x00, 0x5F, 0xFF, 0x00, 0x9F, 0xFE, 0x00, 0x00, 0x00, 0x00, 0x00, 0xAF,
    0xFD, 0x00, 0x4F, 0xFF, 0xA0, 0x00, 0x00, 0x00, 0x06, 0xFF, 0xF7, 0x00, 0x0B, 0xFF, 0xFC, 0x40,
    0x00, 0x03, 0xAF, 0xFF, 0xC0, 0x00, 0x00, 0xBF, 0xFF, 0xFF, 0xDD, 0xFF, 0xFF, 0xFD, 0x10, 0x00,
    0x00, 0x07, 0xFF, 0xFF, 0xFF, 0xFF, 0xFF, 0x90, 0x00, 0x00, 0x00, 0x00, 0x16, 0xBD, 0xFF, 0xDC,
    0x72, 0x00, 0x00, 0x00, 0x00, 0x00, 0x00, 0x00, 0x00, 0x0B, 0xFF, 0xFA, 0x00, 0x00, 0x00, 0x00,
    0x00, 0x00, 0x00, 0x5F, 0xFF, 0xFA, 0x00, 0x00, 0x00, 0x00, 0x00, 0x00, 0x01, 0xEF, 0xFF, 0xFA,
    0x00, 0x00, 0x00, 0x00, 0x00, 0x00, 0x0A, 0xFF, 0xFF, 0xFA, 0x00, 0x00, 0x00, 0x00, 0x00, 0x00,
    0x4F, 0xFF, 0xAF, 0xFA, 0x00, 0x00, 0x00, 0x00, 0x00, 0x00, 0xDF, 0xF6, 0x8F, 0xFA, 0x00, 0x00,
    0x00, 0x00, 0x00, 0x08, 0xFF, 0xC0, 0x8F, 0xFA, 0x00, 0x00, 0x00, 0x00, 0x00, 0x2F, 0xFF, 0x30,
    0x8F, 0xFA, 0x00, 0x00, 0x00, 0x00, 0x00, 0xCF, 0xF8, 0x00, 0x8F, 0xFA, 0x00, 0x00, 0x00, 0x00,
    0x06, 0xFF, 0xE0, 0x00, 0x8F, 0xFA, 0x00, 0x00, 0x00, 0x00, 0x1E, 0xFF, 0x50, 0x00, 0x8F, 0xFA,
    0x00, 0x00, 0x00, 0x00, 0xAF, 0xFB, 0x00, 0x00, 0x8F, 0xFA, 0x00, 0x00, 0x00, 0x04, 0xFF, 0xF1,
    0x00, 0x00, 0x8F, 0xFA, 0x00, 0x00, 0x00, 0x0E, 0xFF, 0x70, 0x00, 0x00, 0x8F, 0xFA, 0x00, 0x00,
    0x00, 0x8F, 0xFD, 0x00, 0x00, 0x00, 0x8F, 0xFA, 0x00, 0x00, 0x03, 0xFF, 0xF3, 0x00, 0x00, 0x00,
    0x8F, 0xFA, 0x00, 0x00, 0x0C, 0xFF, 0x90, 0x00, 0x00, 0x00, 0x8F, 0xFA, 0x00, 0x00, 0x7F, 0xFE,
    0x10, 0x00, 0x00, 0x00, 0x8F, 0xFA, 0x00, 0x00, 0xEF, 0xFF, 0xFF, 0xFF, 0xFF, 0xFF, 0xFF, 0xFF,
    0xFF, 0xF3, 0xEF, 0xFF, 0xFF, 0xFF, 0xFF, 0xFF, 0xFF, 0xFF, 0xFF, 0xF3, 0xDF, 0xFF, 0xFF, 0xFF,
    0xFF, 0xFF, 0xFF, 0xFF, 0xFF, 0xF2, 0x00, 0x00, 0x00, 0x00, 0x00, 0x00, 0x9F, 0xFA, 0x00, 0x00,
    0x00, 0x00, 0x00, 0x00, 0x00, 0x00, 0x9F, 0xFA, 0x00, 0x00, 0x00, 0x00, 0x00, 0x00, 0x00, 0x00,
    0x9F, 0xFA, 0x00, 0x00, 0x00, 0x00, 0x00, 0x00, 0x00, 0x00, 0x9F, 0xFA, 0x00, 0x00, 0x00, 0x00,
    0x00, 0x00, 0x00, 0x00, 0x9F, 0xFA, 0x00, 0x00, 0x00, 0xDF, 0xFF, 0xFF, 0xFF, 0xFF, 0xFF, 0xFF,
    0x00, 0x00, 0xFF, 0xFF, 0xFF, 0xFF, 0xFF, 0xFF, 0xFF, 0x00, 0x01, 0xFF, 0xFD, 0xDD, 0xDD, 0xDD,
    0xDD, 0xDD, 0x00, 0x03, 0xFF, 0xE0, 0x00, 0x00, 0x00, 0x00, 0x00, 0x00, 0x05, 0xFF, 0xC0, 0x00,
    0x00, 0x00, 0x00, 0x00, 0x00, 0x08, 0xFF, 0xA0, 0x00, 0x00, 0x00, 0x00, 0x00, 0x00, 0x0A, 0xFF,
    0x80, 0x00, 0x00, 0x00, 0x00, 0x00, 0x00, 0x0C, 0xFF, 0x60, 0x00, 0x00, 0x00, 0x00, 0x00, 0x00,
    0x0E, 0xFF, 0x41, 0x7B, 0xCC, 0xA6, 0x10, 0x00, 0x00, 0x0F, 0xFF, 0xAF, 0xFF, 0xFF, 0xFF, 0xF6,
    0x00, 0x00, 0x2F, 0xFF, 0xFF, 0xFF, 0xFF, 0xFF, 0xFF, 0x90, 0x00, 0x4F, 0xFF, 0xF9, 0x41, 0x02,
    0x8E, 0xFF, 0xF6, 0x00, 0x03, 0x57, 0x10, 0x00, 0x00, 0x02, 0xDF, 0xFF, 0x10, 0x00, 0x00, 0x00,
    0x00, 0x00, 0x00, 0x2F, 0xFF, 0x80, 0x00, 0x00, 0x00, 0x00, 0x00, 0x00, 0x09, 0xFF, 0xE0, 0x00,
    0x00, 0x00, 0x00, 0x00, 0x00, 0x04, 0xFF, 0xF1, 0x00, 0x00, 0x00, 0x00, 0x00, 0x00, 0x02, 0xFF,
    0xF2, 0x00, 0x00, 0x00, 0x00, 0x00, 0x00, 0x01, 0xFF, 0xF3, 0x00, 0x00, 0x00, 0x00, 0x00, 0x00,
    0x03, 0xFF, 0xF1, 0xAF, 0xF9, 0x00, 0x00, 0x00, 0x00, 0x07, 0xFF, 0xE0, 0x7F, 0xFE, 0x00, 0x00,
    0x00, 0x00, 0x0E, 0xFF, 0x90, 0x2F, 0xFF, 0x90, 0x00, 0x00, 0x00, 0xAF, 0xFF, 0x20, 0x09, 0xFF,
    0xFB, 0x30, 0x00, 0x3C, 0xFF, 0xF7, 0x00, 0x00, 0xBF, 0xFF, 0xFE, 0xDF, 0xFF, 0xFF, 0xA0, 0x00,
    0x00, 0x08, 0xFF, 0xFF, 0xFF, 0xFF, 0xF7, 0x00, 0x00, 0x00, 0x00, 0x27, 0xCE, 0xFF, 0xC8, 0x10,
    0x00, 0x00, 0x00, 0x00, 0x00, 0x5B, 0xDF, 0xED, 0x94, 0x00, 0x00, 0x00, 0x00, 0x00, 0x3D, 0xFF,
    0xFF, 0xFF, 0xFF, 0xB2, 0x00, 0x00, 0x00, 0x04, 0xFF, 0xFF, 0xFD, 0xEF, 0xFF, 0xFE, 0x20, 0x00,
    0x00, 0x2F, 0xFF, 0xC4, 0x00, 0x01, 0x8F, 0xFF, 0xD0, 0x00, 0x00, 0xCF, 0xF9, 0x00, 0x00, 0x00,
    0x04, 0xFF, 0xF7, 0x00, 0x04, 0xFF, 0xC0, 0x00, 0x00, 0x00, 0x00, 0x9F, 0xFC, 0x00, 0x0B, 0xFF,
    0x40, 0x00, 0x00, 0x00, 0x00, 0x02, 0x22, 0x00, 0x0F, 0xFE, 0x00, 0x00, 0x00, 0x00, 0x00, 0x00,
    0x00, 0x00, 0x4F, 0xFA, 0x00, 0x06, 0xAC, 0xCA, 0x60, 0x00, 0x00, 0x00, 0x7F, 0xF7, 0x05, 0xEF,
    0xFF, 0xFF, 0xFE, 0x50, 0x00, 0x00, 0xAF, 0xF6, 0x7F, 0xFF, 0xFF, 0xFF, 0xFF, 0xF8, 0x00, 0x00,
    0xBF, 0xFA, 0xFF, 0xE6, 0x20, 0x27, 0xEF, 0xFF, 0x60, 0x00, 0xCF, 0xFF, 0xFB, 0x10, 0x00, 0x00,
    0x1D, 0xFF, 0xF1, 0x00, 0xDF, 0xFF, 0xE1, 0x00, 0x00, 0x00, 0x02, 0xFF, 0xF8, 0x00, 0xDF, 0xFF,
    0x50, 0x00, 0x00, 0x00, 0x00, 0x9F, 0xFD, 0x00, 0xCF, 0xFF, 0x00, 0x00, 0x00, 0x00, 0x00, 0x3F,
    0xFF, 0x10, 0xBF, 0xFD, 0x00, 0x00, 0x00, 0x00, 0x00, 0x1F, 0xFF, 0x20, 0x9F, 0xFD, 0x00, 0x00,
    0x00, 0x00, 0x00, 0x1F, 0xFF, 0x20, 0x6F, 0xFF, 0x00, 0x00, 0x00, 0x00, 0x00, 0x3F, 0xFF, 0x10,
    0x2F, 0xFF, 0x40, 0x00, 0x00, 0x00, 0x00, 0x8F, 0xFD, 0x00, 0x0B, 0xFF, 0xC0, 0x00, 0x00, 0x00,
    0x01, 0xFF, 0xF8, 0x00, 0x04, 0xFF, 0xF8, 0x00, 0x00, 0x00, 0x1C, 0xFF, 0xF1, 0x00, 0x00, 0xAF,
    0xFF, 0xB3, 0x00, 0x05, 0xDF, 0xFF, 0x60, 0x00, 0x00, 0x0C, 0xFF, 0xFF, 0xFD, 0xFF, 0xFF, 0xF9,
    0x00, 0x00, 0x00, 0x00, 0x9F, 0xFF, 0xFF, 0xFF, 0xFF, 0x60, 0x00, 0x00, 0x00, 0x00, 0x02, 0x8C,
    0xEF, 0xEC, 0x71, 0x00, 0x00, 0x00, 0x4F, 0xFF, 0xFF, 0xFF, 0xFF, 0xFF, 0xFF, 0xFF, 0xFA, 0x4F,
    0xFF, 0xFF, 0xFF, 0xFF, 0xFF, 0xFF, 0xFF, 0xFA, 0x3D, 0xDD, 0xDD, 0xDD, 0xDD, 0xDD, 0xDD, 0xFF,
    0xFA, 0x00, 0x00, 0x00, 0x00, 0x00, 0x00, 0x02, 0xFF, 0xF7, 0x00, 0x00, 0x00, 0x00, 0x00, 0x00,
    0x0A, 0xFF, 0xE0, 0x00, 0x00, 0x00, 0x00, 0x00, 0x00, 0x3F, 0xFF, 0x70, 0x00, 0x00, 0x00, 0x00,
    0x00, 0x00, 0xBF, 0xFE, 0x00, 0x00, 0x00, 0x00, 0x00, 0x00, 0x03, 0xFF, 0xF7, 0x00, 0x00, 0x00,
    0x00, 0x00, 0x00, 0x0B, 0xFF, 0xE0, 0x00, 0x00, 0x00, 0x00, 0x00, 0x00, 0x3F, 0xFF, 0x70, 0x00,
    0x00, 0x00, 0x00, 0x00, 0x00, 0xBF, 0xFE, 0x00, 0x00, 0x00, 0x00, 0x00, 0x00, 0x03, 0xFF, 0xF6,
    0x00, 0x00, 0x00, 0x00, 0x00, 0x00, 0x0B, 0xFF, 0xE0, 0x00, 0x00, 0x00, 0x00, 0x00, 0x00, 0x3F,
    0xFF, 0x60, 0x00, 0x00, 0x00, 0x00, 0x00, 0x00, 0xBF, 0xFD, 0x00, 0x00, 0x00, 0x00, 0x00, 0x00,
    0x03, 0xFF, 0xF6, 0x00, 0x00, 0x00, 0x00, 0x00, 0x00, 0x0B, 0xFF, 0xD0, 0x00, 0x00, 0x00, 0x00,
    0x00, 0x00, 0x3F, 0xFF, 0x50, 0x00, 0x00, 0x00, 0x00, 0x00, 0x00, 0xBF, 0xFD, 0x00, 0x00, 0x00,
    0x00, 0x00, 0x00, 0x03, 0xFF, 0xF5, 0x00, 0x00, 0x00, 0x00, 0x00, 0x00, 0x0B, 0xFF, 0xD0, 0x00,
    0x00, 0x00, 0x00, 0x00, 0x00, 0x3F, 0xFF, 0x50, 0x00, 0x00, 0x00, 0x00, 0x00, 0x00, 0xBF, 0xFC,
    0x00, 0x00, 0x00, 0x00, 0x00, 0x00, 0x03, 0xFF, 0xF4, 0x00, 0x00, 0x00, 0x00, 0x00, 0x00, 0x0B,
    0xFF, 0xC0, 0x00, 0x00, 0x00, 0x00, 0x00, 0x00, 0x3F, 0xFF, 0x40, 0x00, 0x00, 0x00, 0x00, 0x00,
    0x00, 0x00, 0x04, 0xAD, 0xEF, 0xDB, 0x60, 0x00, 0x00, 0x00, 0x00, 0x03, 0xDF, 0xFF, 0xFF, 0xFF,
    0xFE, 0x50, 0x00, 0x00, 0x00, 0x3F, 0xFF, 0xFF, 0xDD, 0xFF, 0xFF, 0xF6, 0x00, 0x00, 0x01, 0xEF,
    0xFE, 0x60, 0x00, 0x04, 0xDF, 0xFF, 0x40, 0x00, 0x08, 0xFF, 0xF2, 0x00, 0x00, 0x00, 0x1D, 0xFF,
    0xB0, 0x00, 0x0C, 0xFF, 0x90, 0x00, 0x00, 0x00, 0x05, 0xFF, 0xF0, 0x00, 0x0E, 0xFF, 0x50, 0x00,
    0x00, 0x00, 0x02, 0xFF, 0xF1, 0x00, 0x0D, 0xFF, 0x60, 0x00, 0x00, 0x00, 0x02, 0xFF, 0xF0, 0x00,
    0x09, 0xFF, 0xA0, 0x00, 0x00, 0x00, 0x07, 0xFF, 0xD0, 0x00, 0x02, 0xFF, 0xF5, 0x00, 0x00, 0x00,
    0x2E, 0xFF, 0x60, 0x00, 0x00, 0x7F, 0xFF, 0x93, 0x00, 0x27, 0xFF, 0xFB, 0x00, 0x00, 0x00, 0x05,
    0xEF, 0xFF, 0xFF, 0xFF, 0xFF, 0x80, 0x00, 0x00, 0x00, 0x01, 0x7F, 0xFF, 0xFF, 0xFF, 0xF9, 0x20,
    0x00, 0x00, 0x00, 0x5E, 0xFF, 0xFF, 0xED, 0xFF, 0xFF, 0xF8, 0x00, 0x00, 0x05, 0xFF, 0xFD, 0x50,
    0x00, 0x04, 0xCF, 0xFF, 0x80, 0x00, 0x1E, 0xFF, 0xB0, 0x00, 0x00, 0x00, 0x08, 0xFF, 0xF3, 0x00,
    0x6F, 0xFE, 0x10, 0x00, 0x00, 0x00, 0x00, 0xCF, 0xFA, 0x00, 0xBF, 0xF9, 0x00, 0x00, 0x00, 0x00,
    0x00, 0x6F, 0xFF, 0x00, 0xDF, 0xF7, 0x00, 0x00, 0x00, 0x00, 0x00, 0x4F, 0xFF, 0x10, 0xCF, 0xF8,
    0x00, 0x00, 0x00, 0x00, 0x00, 0x5F, 0xFF, 0x10, 0xAF, 0xFD, 0x00, 0x00, 0x00, 0x00, 0x00, 0xAF,
    0xFE, 0x00, 0x4F, 0xFF, 0x80, 0x00, 0x00, 0x00, 0x05, 0xFF, 0xF8, 0x00, 0x0B, 0xFF, 0xFB, 0x30,
    0x00, 0x02, 0x9F, 0xFF, 0xE1, 0x00, 0x00, 0xCF, 0xFF, 0xFF, 0xDD, 0xFF, 0xFF, 0xFE, 0x20, 0x00,
    0x00, 0x08, 0xFF, 0xFF, 0xFF, 0xFF, 0xFF, 0xA1, 0x00, 0x00, 0x00, 0x00, 0x16, 0xBD, 0xFF, 0xEC,
    0x72, 0x00, 0x00, 0x00, 0x00, 0x00, 0x06, 0xBE, 0xFF, 0xD9, 0x40, 0x00, 0x00, 0x00, 0x00, 0x03,
    0xEF, 0xFF, 0xFF, 0xFF, 0xFC, 0x20, 0x00, 0x00, 0x00, 0x6F, 0xFF, 0xFF, 0xEE, 0xFF, 0xFF, 0xE3,
    0x00, 0x00, 0x03, 0xFF, 0xFF, 0x60, 0x00, 0x17, 0xFF, 0xFE, 0x10, 0x00, 0x0D, 0xFF, 0xE2, 0x00,
    0x00, 0x00, 0x2E, 0xFF, 0x90, 0x00, 0x5F, 0xFF, 0x40, 0x00, 0x00, 0x00, 0x04, 0xFF, 0xF1, 0x00,
    0xAF, 0xFC, 0x00, 0x00, 0x00, 0x00, 0x00, 0xCF, 0xF7, 0x00, 0xCF, 0xF8, 0x00, 0x00, 0x00, 0x00,
    0x00, 0x8F, 0xFB, 0x00, 0xDF, 0xF7, 0x00, 0x00, 0x00, 0x00, 0x00, 0x7F, 0xFE, 0x00, 0xCF, 0xF8,
    0x00, 0x00, 0x00, 0x00, 0x00, 0x9F, 0xFF, 0x00, 0xAF, 0xFD, 0x00, 0x00, 0x00, 0x00, 0x00, 0xEF,
    0xFF, 0x20, 0x5F, 0xFF, 0x50, 0x00, 0x00, 0x00, 0x07, 0xFF, 0xFF, 0x20, 0x0E, 0xFF, 0xE3, 0x00,
    0x00, 0x00, 0x5F, 0xFF, 0xFF, 0x20, 0x03, 0xFF, 0xFF, 0x83, 0x01, 0x4A, 0xFF, 0xCF, 0xFF, 0x10,
    0x00, 0x6F, 0xFF, 0xFF, 0xFF, 0xFF, 0xFD, 0x1F, 0xFF, 0x00, 0x00, 0x03, 0xDF, 0xFF, 0xFF, 0xFF,
    0xA0, 0x1F, 0xFF, 0x00, 0x00, 0x00, 0x05, 0x9C, 0xCB, 0x82, 0x00, 0x3F, 0xFC, 0x00, 0x00, 0x00,
    0x00, 0x00, 0x00, 0x00, 0x00, 0x6F, 0xF9, 0x00, 0x00, 0x00, 0x00, 0x00, 0x00, 0x00, 0x00, 0xBF,
    0xF5, 0x00, 0x6D, 0xDA, 0x00, 0x00, 0x00, 0x00, 0x01, 0xFF, 0xF0, 0x00, 0x4F, 0xFF, 0x20, 0x00,
    0x00, 0x00, 0x0A, 0xFF, 0xA0, 0x00, 0x0E, 0xFF, 0xD0, 0x00, 0x00, 0x00, 0x7F, 0xFF, 0x10, 0x00,
    0x05, 0xFF, 0xFC, 0x30, 0x00, 0x2A, 0xFF, 0xF7, 0x00, 0x00, 0x00, 0x8F, 0xFF, 0xFE, 0xDE, 0xFF,
    0xFF, 0x90, 0x00, 0x00, 0x00, 0x06, 0xFF, 0xFF, 0xFF, 0xFF, 0xF7, 0x00, 0x00, 0x00, 0x00, 0x00,
    0x17, 0xCE, 0xFE, 0xC7, 0x10, 0x00, 0x00, 0x00, 0x03, 0xDE, 0x80, 0x0E, 0xFF, 0xF4, 0x2F, 0xFF,
    0xF8, 0x0E, 0xFF, 0xF4, 0x03, 0xDE, 0x80, 0x00, 0x00, 0x00, 0x00, 0x00, 0x00, 0x00, 0x00, 0x00,
    0x00, 0x00, 0x00, 0x00, 0x00, 0x00, 0x00, 0x00, 0x00, 0x00, 0x00, 0x00, 0x00, 0x00, 0x00, 0x00,
    0x00, 0x00, 0x03, 0xDE, 0x80, 0x0E, 0xFF, 0xF4, 0x2F, 0xFF, 0xF8, 0x0E, 0xFF, 0xF4, 0x03, 0xDE,
    0x80, 0x00, 0x9F, 0xC2, 0x00, 0x07, 0xFF, 0xFC, 0x00, 0x0A, 0xFF, 0xFF, 0x00, 0x07, 0xFF, 0xFC,
    0x00, 0x00, 0x9F, 0xC2, 0x00, 0x00, 0x00, 0x00, 0x00, 0x00, 0x00, 0x00, 0x00, 0x00, 0x00, 0x00,
    0x00, 0x00, 0x00, 0x00, 0x00, 0x00, 0x00, 0x00, 0x00, 0x00, 0x00, 0x00, 0x00, 0x00, 0x00, 0x00,
    0x00, 0x00, 0x00, 0x00, 0x00, 0x00, 0x00, 0x00, 0x00, 0x00, 0x00, 0x00, 0x00, 0x00, 0x00, 0x00,
    0x00, 0x04, 0xFF, 0xF4, 0x00, 0x07, 0xFF, 0xF0, 0x00, 0x09, 0xFF, 0xB0, 0x00, 0x0B, 0xFF, 0x70,
    0x00, 0x0E, 0xFF, 0x20, 0x00, 0x0F, 0xFE, 0x00, 0x00, 0x3F, 0xFA, 0x00, 0x00, 0x5F, 0xF5, 0x00,
    0x00, 0x8F, 0xF1, 0x00, 0x00, 0xAF, 0xC0, 0x00, 0x00, 0x00, 0x00, 0x00, 0x00, 0x00, 0x00, 0x00,
    0x02, 0x50, 0x00, 0x00, 0x00, 0x00, 0x00, 0x00, 0x02, 0xAF, 0xA0, 0x00, 0x00, 0x00, 0x00, 0x00,
    0x02, 0x9F, 0xFF, 0xA0, 0x00, 0x00, 0x00, 0x00, 0x02, 0x9F, 0xFF, 0xFF, 0x90, 0x00, 0x00, 0x00,
    0x02, 0x9F, 0xFF, 0xFF, 0xB4, 0x00, 0x00, 0x00, 0x01, 0x9F, 0xFF, 0xFF, 0xB3, 0x00, 0x00, 0x00,
    0x01, 0x9F, 0xFF, 0xFF, 0xA2, 0x00, 0x00, 0x00, 0x01, 0x9F, 0xFF, 0xFF, 0x92, 0x00, 0x00, 0x00,
    0x00, 0x8F, 0xFF, 0xFF, 0x81, 0x00, 0x00, 0x00, 0x00, 0x00, 0xFF, 0xFF, 0x81, 0x00, 0x00, 0x00,
    0x00, 0x00, 0x00, 0xEF, 0xFF, 0xE7, 0x00, 0x00, 0x00, 0x00, 0x00, 0x00, 0x19, 0xFF, 0xFF, 0xF8,
    0x10, 0x00, 0x00, 0x00, 0x00, 0x00, 0x19, 0xFF, 0xFF, 0xF9, 0x10, 0x00, 0x00, 0x00, 0x00, 0x00,
    0x19, 0xFF, 0xFF, 0xFA, 0x20, 0x00, 0x00, 0x00, 0x00, 0x00, 0x29, 0xFF, 0xFF, 0xFA, 0x30, 0x00,
    0x00, 0x00, 0x00, 0x00, 0x29, 0xFF, 0xFF, 0xFB, 0x30, 0x00, 0x00, 0x00, 0x00, 0x00, 0x29, 0xFF,
    0xFF, 0xA0, 0x00, 0x00, 0x00, 0x00, 0x00, 0x00, 0x2A, 0xFF, 0xA0, 0x00, 0x00, 0x00, 0x00, 0x00,
    0x00, 0x00, 0x2A, 0xA0, 0x00, 0x00, 0x00, 0x00, 0x00, 0x00, 0x00, 0x00, 0x00, 0x0D, 0xDD, 0xDD,
    0xDD, 0xDD, 0xDD, 0xDD, 0xDD, 0xB0, 0x0F, 0xFF, 0xFF, 0xFF, 0xFF, 0xFF, 0xFF, 0xFF, 0xD0, 0x0F,
    0xFF, 0xFF, 0xFF, 0xFF, 0xFF, 0xFF, 0xFF, 0xD0, 0x00, 0x00, 0x00, 0x00, 0x00, 0x00, 0x00, 0x00,
    0x00, 0x00, 0x00, 0x00, 0x00, 0x00, 0x00, 0x00, 0x00, 0x00, 0x00, 0x00, 0x00, 0x00, 0x00, 0x00,
    0x00, 0x00, 0x00, 0x00, 0x00, 0x00, 0x00, 0x00, 0x00, 0x00, 0x00, 0x00, 0x00, 0x00, 0x00, 0x00,
    0x00, 0x00, 0x00, 0x00, 0x00, 0x0D, 0xDD, 0xDD, 0xDD, 0xDD, 0xDD, 0xDD, 0xDD, 0xB0, 0x0F, 0xFF,
    0xFF, 0xFF, 0xFF, 0xFF, 0xFF, 0xFF, 0xD0, 0x0F, 0xFF, 0xFF, 0xFF, 0xFF, 0xFF, 0xFF, 0xFF, 0xD0,
    0x61, 0x00, 0x00, 0x00, 0x00, 0x00, 0x00, 0x00, 0x00, 0xDF, 0x81, 0x00, 0x00, 0x00, 0x00, 0x00,
    0x00, 0x00, 0xDF, 0xFF, 0x81, 0x00, 0x00, 0x00, 0x00, 0x00, 0x00, 0xBF, 0xFF, 0xFF, 0x81, 0x00,
    0x00, 0x00, 0x00, 0x00, 0x05, 0xDF, 0xFF, 0xFF, 0x81, 0x00, 0x00, 0x00, 0x00, 0x00, 0x04, 0xCF,
    0xFF, 0xFF, 0x81, 0x00, 0x00, 0x00, 0x00, 0x00, 0x03, 0xBF, 0xFF, 0xFF, 0x81, 0x00, 0x00, 0x00,
    0x00, 0x00, 0x03, 0xAF, 0xFF, 0xFF, 0x70, 0x00, 0x00, 0x00, 0x00, 0x00, 0x02, 0x9F, 0xFF, 0xFE,
    0x60, 0x00, 0x00, 0x00, 0x00, 0x00, 0x01, 0xAF, 0xFF, 0xC0, 0x00, 0x00, 0x00, 0x00, 0x00, 0x18,
    0xFF, 0xFF, 0xB0, 0x00, 0x00, 0x00, 0x00, 0x29, 0xFF, 0xFF, 0xF7, 0x00, 0x00, 0x00, 0x00, 0x3A,
    0xFF, 0xFF, 0xF8, 0x10, 0x00, 0x00, 0x00, 0x3B, 0xFF, 0xFF, 0xF8, 0x10, 0x00, 0x00, 0x00, 0x4C,
    0xFF, 0xFF, 0xF8, 0x10, 0x00, 0x00, 0x00, 0x5D, 0xFF, 0xFF, 0xF8, 0x10, 0x00, 0x00, 0x00, 0x00,
    0xDF, 0xFF, 0xF8, 0x10, 0x00, 0x00, 0x00, 0x00, 0x00, 0xDF, 0xF8, 0x10, 0x00, 0x00, 0x00, 0x00,
    0x00, 0x00, 0xC8, 0x10, 0x00, 0x00, 0x00, 0x00, 0x00, 0x00, 0x00, 0x00, 0x00, 0x00, 0x00, 0x00,
    0x00, 0x00, 0x00, 0x00, 0x00, 0x00, 0x39, 0xDF, 0xFD, 0xA5, 0x00, 0x00, 0x00, 0x1A, 0xFF, 0xFF,
    0xFF, 0xFF, 0xD2, 0x00, 0x00, 0xDF, 0xFF, 0xFE, 0xDF, 0xFF, 0xFE, 0x20, 0x09, 0xFF, 0xFA, 0x20,
    0x00, 0x7F, 0xFF, 0xC0, 0x1F, 0xFF, 0x80, 0x00, 0x00, 0x04, 0xFF, 0xF3, 0x5F, 0xFF, 0x00, 0x00,
    0x00, 0x00, 0xCF, 0xF7, 0x6C, 0xCA, 0x00, 0x00, 0x00, 0x00, 0xAF, 0xF9, 0x00, 0x00, 0x00, 0x00,
    0x00, 0x00, 0xCF, 0xF8, 0x00, 0x00, 0x00, 0x00, 0x00, 0x02, 0xFF, 0xF5, 0x00, 0x00, 0x00, 0x00,
    0x00, 0x1D, 0xFF, 0xE0, 0x00, 0x00, 0x00, 0x00, 0x03, 0xDF, 0xFF, 0x50, 0x00, 0x00, 0x00, 0x00,
    0x9F, 0xFF, 0xF7, 0x00, 0x00, 0x00, 0x00, 0x0C, 0xFF, 0xFD, 0x30, 0x00, 0x00, 0x00, 0x00, 0x8F,
    0xFF, 0xA0, 0x00, 0x00, 0x00, 0x00, 0x00, 0xEF, 0xFA, 0x00, 0x00, 0x00, 0x00, 0x00, 0x02, 0xFF,
    0xF3, 0x00, 0x00, 0x00, 0x00, 0x00, 0x03, 0xFF, 0xF0, 0x00, 0x00, 0x00, 0x00, 0x00, 0x02, 0xBB,
    0xA0, 0x00, 0x00, 0x00, 0x00, 0x00, 0x00, 0x00, 0x00, 0x00, 0x00, 0x00, 0x00, 0x00, 0x00, 0x00,
    0x00, 0x00, 0x00, 0x00, 0x00, 0x00, 0x00, 0x00, 0x00, 0x00, 0x00, 0x00, 0x00, 0x00, 0x02, 0xCF,
    0xA0, 0x00, 0x00, 0x00, 0x00, 0x00, 0x0C, 0xFF, 0xF7, 0x00, 0x00, 0x00, 0x00, 0x00, 0x0F, 0xFF,
    0xFA, 0x00, 0x00, 0x00, 0x00, 0x00, 0x0C, 0xFF, 0xF7, 0x00, 0x00, 0x00, 0x00, 0x00, 0x02, 0xCF,
    0xA0, 0x00, 0x00, 0x00, 0x00, 0x00, 0x00, 0x00, 0x00, 0x15, 0x8A, 0xBC, 0xCC, 0xA7, 0x30, 0x00,
    0x00, 0x00, 0x00, 0x00, 0x00, 0x00, 0x00, 0x00, 0x5C, 0xFF, 0xFF, 0xFF, 0xFF, 0xFF, 0xFE, 0x80,
    0x00, 0x00, 0x00, 0x00, 0x00, 0x00, 0x00, 0x3D, 0xFF, 0xFF, 0xFF, 0xFF, 0xFF, 0xFF, 0xFF, 0xFE,
    0x60, 0x00, 0x00, 0x00, 0x00, 0x00, 0x08, 0xFF, 0xFF, 0xE9, 0x52, 0x10, 0x02, 0x37, 0xCF, 0xFF,
    0xF9, 0x00, 0x00, 0x00, 0x00, 0x00, 0x9F, 0xFF, 0xE6, 0x00, 0x00, 0x00, 0x00, 0x00, 0x02, 0xBF,
    0xFF, 0xB0, 0x00, 0x00, 0x00, 0x07, 0xFF, 0xFA, 0x00, 0x00, 0x00, 0x00, 0x00, 0x00, 0x00, 0x05,
    0xFF, 0xF8, 0x00, 0x00, 0x00, 0x3F, 0xFF, 0x90, 0x00, 0x00, 0x00, 0x00, 0x00, 0x00, 0x00, 0x00,
    0x4F, 0xFF, 0x40, 0x00, 0x00, 0xCF, 0xFB, 0x00, 0x00, 0x00, 0x00, 0x00, 0x00, 0x00, 0x00, 0x00,
    0x07, 0xFF, 0xD0, 0x00, 0x04, 0xFF, 0xF1, 0x00, 0x00, 0x00, 0x5A, 0xCC, 0xA4, 0x02, 0x66, 0x20,
    0x00, 0xCF, 0xF4, 0x00, 0x0B, 0xFF, 0x80, 0x00, 0x00, 0x2D, 0xFF, 0xFF, 0xFF, 0xA7, 0xFF, 0x50,
    0x00, 0x4F, 0xFB, 0x00, 0x0F, 0xFF, 0x10, 0x00, 0x02, 0xEF, 0xFF, 0xFF, 0xFF, 0xFF, 0xFF, 0x50,
    0x00, 0x0D, 0xFF, 0x00, 0x4F, 0xFC, 0x00, 0x00, 0x0C, 0xFF, 0xC4, 0x10, 0x28, 0xFF, 0xFF, 0x50,
    0x00, 0x09, 0xFF, 0x40, 0x8F, 0xF8, 0x00, 0x00, 0x6F, 0xFC, 0x00, 0x00, 0x00, 0x4F, 0xFF, 0x50,
    0x00, 0x05, 0xFF, 0x60, 0xAF, 0xF5, 0x00, 0x00, 0xCF, 0xF2, 0x00, 0x00, 0x00, 0x0C, 0xFF, 0x50,
    0x00, 0x04, 0xFF, 0x80, 0xCF, 0xF3, 0x00, 0x00, 0xFF, 0xC0, 0x00, 0x00, 0x00, 0x08, 0xFF, 0x50,
    0x00, 0x03, 0xFF, 0x90, 0xDF, 0xF2, 0x00, 0x02, 0xFF, 0x80, 0x00, 0x00, 0x00, 0x06, 0xFF, 0x50,
    0x00, 0x03, 0xFF, 0x90, 0xDF, 0xF1, 0x00, 0x04, 0xFF, 0x70, 0x00, 0x00, 0x00, 0x05, 0xFF, 0x50,
    0x00, 0x03, 0xFF, 0x80, 0xDF, 0xF2, 0x00, 0x03, 0xFF, 0x70, 0x00, 0x00, 0x00, 0x05, 0xFF, 0x50,
    0x00, 0x04, 0xFF, 0x70, 0xCF, 0xF3, 0x00, 0x02, 0xFF, 0x90, 0x00, 0x00, 0x00, 0x07, 0xFF, 0x50,
    0x00, 0x05, 0xFF, 0x60, 0xAF, 0xF4, 0x00, 0x00, 0xFF, 0xC0, 0x00, 0x00, 0x00, 0x0A, 0xFF, 0x50,
    0x00, 0x07, 0xFF, 0x40, 0x8F, 0xF7, 0x00, 0x00, 0xBF, 0xF3, 0x00, 0x00, 0x00, 0x0E, 0xFF, 0x60,
    0x00, 0x0A, 0xFF, 0x10, 0x5F, 0xFB, 0x00, 0x00, 0x6F, 0xFC, 0x00, 0x00, 0x00, 0x8F, 0xFF, 0x90,
    0x00, 0x1F, 0xFD, 0x00, 0x1F, 0xFF, 0x00, 0x00, 0x0D, 0xFF, 0xC4, 0x00, 0x3A, 0xFF, 0xFF, 0xF5,
    0x02, 0xBF, 0xF7, 0x00, 0x0C, 0xFF, 0x70, 0x00, 0x04, 0xFF, 0xFF, 0xFF, 0xFF, 0xF4, 0xFF, 0xFF,
    0xFF, 0xFF, 0xE0, 0x00, 0x06, 0xFF, 0xE0, 0x00, 0x00, 0x4E, 0xFF, 0xFF, 0xFF, 0x60, 0x5F, 0xFF,
    0xFF, 0xFE, 0x30, 0x00, 0x00, 0xEF, 0xF9, 0x00, 0x00, 0x01, 0x7B, 0xCB, 0x92, 0x00, 0x02, 0x7B,
    0xCB, 0x81, 0x00, 0x00, 0x00, 0x6F, 0xFF, 0x60, 0x00, 0x00, 0x00, 0x00, 0x00, 0x00, 0x00, 0x00,
    0x00, 0x00, 0x00, 0x00, 0x00, 0x0B, 0xFF, 0xF8, 0x00, 0x00, 0x00, 0x00, 0x00, 0x00, 0x00, 0x00,
    0x00, 0x00, 0x00, 0x00, 0x00, 0x00, 0xCF, 0xFF, 0xC4, 0x00, 0x00, 0x00, 0x00, 0x00, 0x00, 0x00,
    0x00, 0x00, 0x00, 0x00, 0x00, 0x00, 0x0B, 0xFF, 0xFF, 0xD8, 0x40, 0x00, 0x00, 0x01, 0x48, 0xC5,
    0x00, 0x00, 0x00, 0x00, 0x00, 0x00, 0x00, 0x7F, 0xFF, 0xFF, 0xFF, 0xFE, 0xDE, 0xFF, 0xFF, 0xFA,
    0x00, 0x00, 0x00, 0x00, 0x00, 0x00, 0x00, 0x01, 0x8E, 0xFF, 0xFF, 0xFF, 0xFF, 0xFF, 0xFF, 0xE8,
    0x00, 0x00, 0x00, 0x00, 0x00, 0x00, 0x00, 0x00, 0x00, 0x48, 0xBD, 0xEF, 0xFE, 0xDA, 0x73, 0x00,
    0x00, 0x00, 0x00, 0x00, 0x00, 0x00, 0x00, 0x00, 0x00, 0xCF, 0xFF, 0x70, 0x00, 0x00, 0x00, 0x00,
    0x00, 0x00, 0x00, 0x00, 0x02, 0xFF, 0xFF, 0xD0, 0x00, 0x00, 0x00, 0x00, 0x00, 0x00, 0x00, 0x00,
    0x07, 0xFF, 0xFF, 0xF3, 0x00, 0x00, 0x00, 0x00, 0x00, 0x00, 0x00, 0x00, 0x0D, 0xFF, 0x9F, 0xF9,
    0x00, 0x00, 0x00, 0x00, 0x00, 0x00, 0x00, 0x00, 0x3F, 0xFD, 0x2F, 0xFE, 0x00, 0x00, 0x00, 0x00,
    0x00, 0x00, 0x00, 0x00, 0x9F, 0xF8, 0x0D, 0xFF, 0x50, 0x00, 0x00, 0x00, 0x00, 0x00, 0x00, 0x00,
    0xEF, 0xF3, 0x08, 0xFF, 0xB0, 0x00, 0x00, 0x00, 0x00, 0x00, 0x00, 0x05, 0xFF, 0xE0, 0x03, 0xFF,
    0xF1, 0x00, 0x00, 0x00, 0x00, 0x00, 0x00, 0x0A, 0xFF, 0x90, 0x00, 0xEF, 0xF7, 0x00, 0x00, 0x00,
    0x00, 0x00, 0x00, 0x1F, 0xFF, 0x40, 0x00, 0x9F, 0xFC, 0x00, 0x00, 0x00, 0x00, 0x00, 0x00, 0x6F,
    0xFE, 0x00, 0x00, 0x3F, 0xFF, 0x20, 0x00, 0x00, 0x00, 0x00, 0x00, 0xCF, 0xF9, 0x00, 0x00, 0x0D,
    0xFF, 0x80, 0x00, 0x00, 0x00, 0x00, 0x02, 0xFF, 0xF3, 0x00, 0x00, 0x08, 0xFF, 0xE0, 0x00, 0x00,
    0x00, 0x00, 0x08, 0xFF, 0xE0, 0x00, 0x00, 0x02, 0xFF, 0xF4, 0x00, 0x00, 0x00, 0x00, 0x0D, 0xFF,
    0x80, 0x00, 0x00, 0x00, 0xCF, 0xFA, 0x00, 0x00, 0x00, 0x00, 0x3F, 0xFF, 0x30, 0x00, 0x00, 0x00,
    0x6F, 0xFF, 0x10, 0x00, 0x00, 0x00, 0x9F, 0xFF, 0xFF, 0xFF, 0xFF, 0xFF, 0xFF, 0xFF, 0x60, 0x00,
    0x00, 0x00, 0xFF, 0xFF, 0xFF, 0xFF, 0xFF, 0xFF, 0xFF, 0xFF, 0xC0, 0x00, 0x00, 0x05, 0xFF, 0xFF,
    0xFF, 0xFF, 0xFF, 0xFF, 0xFF, 0xFF, 0xF2, 0x00, 0x00, 0x0B, 0xFF, 0xC0, 0x00, 0x00, 0x00, 0x00,
    0x00, 0xFF, 0xF8, 0x00, 0x00, 0x1F, 0xFF, 0x70, 0x00, 0x00, 0x00, 0x00, 0x00, 0xAF, 0xFE, 0x00,
    0x00, 0x6F, 0xFF, 0x10, 0x00, 0x00, 0x00, 0x00, 0x00, 0x4F, 0xFF, 0x40, 0x00, 0xCF, 0xFB, 0x00,
    0x00, 0x00, 0x00, 0x00, 0x00, 0x0E, 0xFF, 0x90, 0x02, 0xFF, 0xF5, 0x00, 0x00, 0x00, 0x00, 0x00,
    0x00, 0x08, 0xFF, 0xF0, 0x08, 0xFF, 0xF0, 0x00, 0x00, 0x00, 0x00, 0x00, 0x00, 0x02, 0xFF, 0xF5,
    0x0E, 0xFF, 0xA0, 0x00, 0x00, 0x00, 0x00, 0x00, 0x00, 0x00, 0xCF, 0xFB, 0xDF, 0xFF, 0xFF, 0xFF,
    0xFF, 0xEC, 0x93, 0x00, 0x00, 0x00, 0xDF, 0xFF, 0xFF, 0xFF, 0xFF, 0xFF, 0xFF, 0xB1, 0x00, 0x00,
    0xDF, 0xFE, 0xDD, 0xDD, 0xDD, 0xEF, 0xFF, 0xFD, 0x10, 0x00, 0xDF, 0xF8, 0x00, 0x00, 0x00, 0x01,
    0x8F, 0xFF, 0xA0, 0x00, 0xDF, 0xF8, 0x00, 0x00, 0x00, 0x00, 0x07, 0xFF, 0xF1, 0x00, 0xDF, 0xF8,
    0x00, 0x00, 0x00, 0x00, 0x00, 0xEF, 0xF5, 0x00, 0xDF, 0xF8, 0x00, 0x00, 0x00, 0x00, 0x00, 0xBF,
    0xF7, 0x00, 0xDF, 0xF8, 0x00, 0x00, 0x00, 0x00, 0x00, 0xCF, 0xF6, 0x00, 0xDF, 0xF8, 0x00, 0x00,
    0x00, 0x00, 0x01, 0xFF, 0xF3, 0x00, 0xDF, 0xF8, 0x00, 0x00, 0x00, 0x00, 0x0B, 0xFF, 0xD0, 0x00,
    0xDF, 0xF8, 0x00, 0x00, 0x00, 0x04, 0xCF, 0xFE, 0x20, 0x00, 0xDF, 0xFE, 0xDD, 0xDD, 0xDD, 0xFF,
    0xFF, 0x91, 0x00, 0x00, 0xDF, 0xFF, 0xFF, 0xFF, 0xFF, 0xFF, 0xFA, 0x50, 0x00, 0x00, 0xDF, 0xFF,
    0xFF, 0xFF, 0xFF, 0xFF, 0xFF, 0xFD, 0x20, 0x00, 0xDF, 0xF8, 0x00, 0x00, 0x00, 0x13, 0x9F, 0xFF,
    0xE1, 0x00, 0xDF, 0xF8, 0x00, 0x00, 0x00, 0x00, 0x04, 0xFF, 0xFA, 0x00, 0xDF, 0xF8, 0x00, 0x00,
    0x00, 0x00, 0x00, 0x6F, 0xFF, 0x10, 0xDF, 0xF8, 0x00, 0x00, 0x00, 0x00, 0x00, 0x0E, 0xFF, 0x50,
    0xDF, 0xF8, 0x00, 0x00, 0x00, 0x00, 0x00, 0x0C, 0xFF, 0x70, 0xDF, 0xF8, 0x00, 0x00, 0x00, 0x00,
    0x00, 0x0C, 0xFF, 0x70, 0xDF, 0xF8, 0x00, 0x00, 0x00, 0x00, 0x00, 0x0F, 0xFF, 0x50, 0xDF, 0xF8,
    0x00, 0x00, 0x00, 0x00, 0x00, 0x9F, 0xFF, 0x10, 0xDF, 0xF8, 0x00, 0x00, 0x00, 0x00, 0x3B, 0xFF,
    0xF9, 0x00, 0xDF, 0xFE, 0xDD, 0xDD, 0xDD, 0xDF, 0xFF, 0xFF, 0xD1, 0x00, 0xDF, 0xFF, 0xFF, 0xFF,
    0xFF, 0xFF, 0xFF, 0xFA, 0x10, 0x00, 0xDF, 0xFF, 0xFF, 0xFF, 0xFF, 0xFE, 0xC8, 0x20, 0x00, 0x00,
    0x00, 0x00, 0x00, 0x03, 0x8C, 0xEF, 0xED, 0xA6, 0x10, 0x00, 0x00, 0x00, 0x00, 0x00, 0x03, 0xCF,
    0xFF, 0xFF, 0xFF, 0xFF, 0xF8, 0x00, 0x00, 0x00, 0x00, 0x00, 0x7F, 0xFF, 0xFF, 0xED, 0xEF, 0xFF,
    0xFF, 0xD2, 0x00, 0x00, 0x00, 0x08, 0xFF, 0xFE, 0x82, 0x00, 0x00, 0x4B, 0xFF, 0xFE, 0x20, 0x00,
    0x00, 0x5F, 0xFF, 0xB1, 0x00, 0x00, 0x00, 0x00, 0x5F, 0xFF, 0xD0, 0x00, 0x01, 0xEF, 0xFC, 0x00,
    0x00, 0x00, 0x00, 0x00, 0x04, 0xFF, 0xF7, 0x00, 0x08, 0xFF, 0xF1, 0x00, 0x00, 0x00, 0x00, 0x00,
    0x00, 0xAF, 0xFD, 0x00, 0x0E, 0xFF, 0x70, 0x00, 0x00, 0x00, 0x00, 0x00, 0x00, 0x4F, 0xFF, 0x20,
    0x4F, 0xFF, 0x10, 0x00, 0x00, 0x00, 0x00, 0x00, 0x00, 0x03, 0x33, 0x10, 0x8F, 0xFC, 0x00, 0x00,
    0x00, 0x00, 0x00, 0x00, 0x00, 0x00, 0x00, 0x00, 0xAF, 0xF9, 0x00, 0x00, 0x00, 0x00, 0x00, 0x00,
    0x00, 0x00, 0x00, 0x00, 0xCF, 0xF7, 0x00, 0x00, 0x00, 0x00, 0x00, 0x00, 0x00, 0x00, 0x00, 0x00,
    0xDF, 0xF6, 0x00, 0x00, 0x00, 0x00, 0x00, 0x00, 0x00, 0x00, 0x00, 0x00, 0xDF, 0xF6, 0x00, 0x00,
    0x00, 0x00, 0x00, 0x00, 0x00, 0x00, 0x00, 0x00, 0xCF, 0xF7, 0x00, 0x00, 0x00, 0x00, 0x00, 0x00,
    0x00, 0x00, 0x00, 0x00, 0xAF, 0xF9, 0x00, 0x00, 0x00, 0x00, 0x00, 0x00, 0x00, 0x00, 0x00, 0x00,
    0x8F, 0xFC, 0x00, 0x00, 0x00, 0x00, 0x00, 0x00, 0x00, 0x00, 0x00, 0x00, 0x4F, 0xFF, 0x10, 0x00,
    0x00, 0x00, 0x00, 0x00, 0x00, 0x04, 0x44, 0x10, 0x0F, 0xFF, 0x70, 0x00, 0x00, 0x00, 0x00, 0x00,
    0x00, 0x4F, 0xFF, 0x20, 0x08, 0xFF, 0xF1, 0x00, 0x00, 0x00, 0x00, 0x00, 0x00, 0xAF, 0xFD, 0x00,
    0x01, 0xFF, 0xFC, 0x00, 0x00, 0x00, 0x00, 0x00, 0x04, 0xFF, 0xF6, 0x00, 0x00, 0x6F, 0xFF, 0xB1,
    0x00, 0x00, 0x00, 0x00, 0x5F, 0xFF, 0xD0, 0x00, 0x00, 0x08, 0xFF, 0xFE, 0x72, 0x00, 0x00, 0x4B,
    0xFF, 0xFE, 0x20, 0x00, 0x00, 0x00, 0x8F, 0xFF, 0xFF, 0xED, 0xEF, 0xFF, 0xFF, 0xD2, 0x00, 0x00,
    0x00, 0x00, 0x03, 0xCF, 0xFF, 0xFF, 0xFF, 0xFF, 0xF8, 0x00, 0x00, 0x00, 0x00, 0x00, 0x00, 0x03,
    0x9C, 0xEF, 0xED, 0xB6, 0x10, 0x00, 0x00, 0x00, 0xDF, 0xFF, 0xFF, 0xFF, 0xFF, 0xEB, 0x83, 0x00,
    0x00, 0x00, 0x00, 0xDF, 0xFF, 0xFF, 0xFF, 0xFF, 0xFF, 0xFF, 0xC3, 0x00, 0x00, 0x00, 0xDF, 0xFE,
    0xDD, 0xDD, 0xDE, 0xFF, 0xFF, 0xFF, 0x80, 0x00, 0x00, 0xDF, 0xF8, 0x00, 0x00, 0x00, 0x03, 0x8F,
    0xFF, 0xFA, 0x00, 0x00, 0xDF, 0xF8, 0x00, 0x00, 0x00, 0x00, 0x01, 0xCF, 0xFF, 0x70, 0x00, 0xDF,
    0xF8, 0x00, 0x00, 0x00, 0x00, 0x00, 0x0B, 0xFF, 0xF1, 0x00, 0xDF, 0xF8, 0x00, 0x00, 0x00, 0x00,
    0x00, 0x01, 0xEF, 0xF9, 0x00, 0xDF, 0xF8, 0x00, 0x00, 0x00, 0x00, 0x00, 0x00, 0x7F, 0xFF, 0x00,
    0xDF, 0xF8, 0x00, 0x00, 0x00, 0x00, 0x00, 0x00, 0x1F, 0xFF, 0x40, 0xDF, 0xF8, 0x00, 0x00, 0x00,
    0x00, 0x00, 0x00, 0x0C, 0xFF, 0x80, 0xDF, 0xF8, 0x00, 0x00, 0x00, 0x00, 0x00, 0x00, 0x09, 0xFF,
    0xA0, 0xDF, 0xF8, 0x00, 0x00, 0x00, 0x00, 0x00, 0x00, 0x07, 0xFF, 0xC0, 0xDF, 0xF8, 0x00, 0x00,
    0x00, 0x00, 0x00, 0x00, 0x06, 0xFF, 0xD0, 0xDF, 0xF8, 0x00, 0x00, 0x00, 0x00, 0x00, 0x00, 0x06,
    0xFF, 0xD0, 0xDF, 0xF8, 0x00, 0x00, 0x00, 0x00, 0x00, 0x00, 0x07, 0xFF, 0xC0, 0xDF, 0xF8, 0x00,
    0x00, 0x00, 0x00, 0x00, 0x00, 0x09, 0xFF, 0xA0, 0xDF, 0xF8, 0x00, 0x00, 0x00, 0x00, 0x00, 0x00,
    0x0D, 0xFF, 0x80, 0xDF, 0xF8, 0x00, 0x00, 0x00, 0x00, 0x00, 0x00, 0x1F, 0xFF, 0x40, 0xDF, 0xF8,
    0x00, 0x00, 0x00, 0x00, 0x00, 0x00, 0x8F, 0xFE, 0x00, 0xDF, 0xF8, 0x00, 0x00, 0x00, 0x00, 0x00,
    0x02, 0xFF, 0xF8, 0x00, 0xDF, 0xF8, 0x00, 0x00, 0x00, 0x00, 0x00, 0x0C, 0xFF, 0xF1, 0x00, 0xDF,
    0xF8, 0x00, 0x00, 0x00, 0x00, 0x02, 0xDF, 0xFF, 0x60, 0x00, 0xDF, 0xF8, 0x00, 0x00, 0x00, 0x04,
    0x9F, 0xFF, 0xF9, 0x00, 0x00, 0xDF, 0xFE, 0xDD, 0xDD, 0xDE, 0xFF, 0xFF, 0xFF, 0x70, 0x00, 0x00,
    0xDF, 0xFF, 0xFF, 0xFF, 0xFF, 0xFF, 0xFF, 0xB3, 0x00, 0x00, 0x00, 0xDF, 0xFF, 0xFF, 0xFF, 0xFF,
    0xDB, 0x72, 0x00, 0x00, 0x00, 0x00, 0xDF, 0xFF, 0xFF, 0xFF, 0xFF, 0xFF, 0xFF, 0xFF, 0x20, 0xDF,
    0xFF, 0xFF, 0xFF, 0xFF, 0xFF, 0xFF, 0xFF, 0x20, 0xDF, 0xFE, 0xDD, 0xDD, 0xDD, 0xDD, 0xDD, 0xDD,
    0x10, 0xDF, 0xF8, 0x00, 0x00, 0x00, 0x00, 0x00, 0x00, 0x00, 0xDF, 0xF8, 0x00, 0x00, 0x00, 0x00,
    0x00, 0x00, 0x00, 0xDF, 0xF8, 0x00, 0x00, 0x00, 0x00, 0x00, 0x00, 0x00, 0xDF, 0xF8, 0x00, 0x00,
    0x00, 0x00, 0x00, 0x00, 0x00, 0xDF, 0xF8, 0x00, 0x00, 0x00, 0x00, 0x00, 0x00, 0x00, 0xDF, 0xF8,
    0x00, 0x00, 0x00, 0x00, 0x00, 0x00, 0x00, 0xDF, 0xF8, 0x00, 0x00, 0x00, 0x00, 0x00, 0x00, 0x00,
    0xDF, 0xF8, 0x00, 0x00, 0x00, 0x00, 0x00, 0x00, 0x00, 0xDF, 0xFE, 0xDD, 0xDD, 0xDD, 0xDD, 0xDD,
    0xD3, 0x00, 0xDF, 0xFF, 0xFF, 0xFF, 0xFF, 0xFF, 0xFF, 0xF4, 0x00, 0xDF, 0xFF, 0xFF, 0xFF, 0xFF,
    0xFF, 0xFF, 0xF4, 0x00, 0xDF, 0xF8, 0x00, 0x00, 0x00, 0x00, 0x00, 0x00, 0x00, 0xDF, 0xF8, 0x00,
    0x00, 0x00, 0x00, 0x00, 0x00, 0x00, 0xDF, 0xF8, 0x00, 0x00, 0x00, 0x00, 0x00, 0x00, 0x00, 0xDF,
    0xF8, 0x00, 0x00, 0x00, 0x00, 0x00, 0x00, 0x00, 0xDF, 0xF8, 0x00, 0x00, 0x00, 0x00, 0x00, 0x00,
    0x00, 0xDF, 0xF8, 0x00, 0x00, 0x00, 0x00, 0x00, 0x00, 0x00, 0xDF, 0xF8, 0x00, 0x00, 0x00, 0x00,
    0x00, 0x00, 0x00, 0xDF, 0xF8, 0x00, 0x00, 0x00, 0x00, 0x00, 0x00, 0x00, 0xDF, 0xF8, 0x00, 0x00,
    0x00, 0x00, 0x00, 0x00, 0x00, 0xDF, 0xFE, 0xDD, 0xDD, 0xDD, 0xDD, 0xDD, 0xDD, 0x30, 0xDF, 0xFF,
    0xFF, 0xFF, 0xFF, 0xFF, 0xFF, 0xFF, 0x40, 0xDF, 0xFF, 0xFF, 0xFF, 0xFF, 0xFF, 0xFF, 0xFF, 0x40,
    0xDF, 0xFF, 0xFF, 0xFF, 0xFF, 0xFF, 0xFF, 0xFF, 0xDF, 0xFF, 0xFF, 0xFF, 0xFF, 0xFF, 0xFF, 0xFF,
    0xDF, 0xFE, 0xDD, 0xDD, 0xDD, 0xDD, 0xDD, 0xDD, 0xDF, 0xF8, 0x00, 0x00, 0x00, 0x00, 0x00, 0x00,
    0xDF, 0xF8, 0x00, 0x00, 0x00, 0x00, 0x00, 0x00, 0xDF, 0xF8, 0x00, 0x00, 0x00, 0x00, 0x00, 0x00,
    0xDF, 0xF8, 0x00, 0x00, 0x00, 0x00, 0x00, 0x00, 0xDF, 0xF8, 0x00, 0x00, 0x00, 0x00, 0x00, 0x00,
    0xDF, 0xF8, 0x00, 0x00, 0x00, 0x00, 0x00, 0x00, 0xDF, 0xF8, 0x00, 0x00, 0x00, 0x00, 0x00, 0x00,
    0xDF, 0xF8, 0x00, 0x00, 0x00, 0x00, 0x00, 0x00, 0xDF, 0xF8, 0x00, 0x00, 0x00, 0x00, 0x00, 0x00,
    0xDF, 0xFF, 0xFF, 0xFF, 0xFF, 0xFF, 0xFF, 0xD0, 0xDF, 0xFF, 0xFF, 0xFF, 0xFF, 0xFF, 0xFF, 0xD0,
    0xDF, 0xFE, 0xDD, 0xDD, 0xDD, 0xDD, 0xDD, 0xA0, 0xDF, 0xF8, 0x00, 0x00, 0x00, 0x00, 0x00, 0x00,
    0xDF, 0xF8, 0x00, 0x00, 0x00, 0x00, 0x00, 0x00, 0xDF, 0xF8, 0x00, 0x00, 0x00, 0x00, 0x00, 0x00,
    0xDF, 0xF8, 0x00, 0x00, 0x00, 0x00, 0x00, 0x00, 0xDF, 0xF8, 0x00, 0x00, 0x00, 0x00, 0x00, 0x00,
    0xDF, 0xF8, 0x00, 0x00, 0x00, 0x00, 0x00, 0x00, 0xDF, 0xF8, 0x00, 0x00, 0x00, 0x00, 0x00, 0x00,
    0xDF, 0xF8, 0x00, 0x00, 0x00, 0x00, 0x00, 0x00, 0xDF, 0xF8, 0x00, 0x00, 0x00, 0x00, 0x00, 0x00,
    0xDF, 0xF8, 0x00, 0x00, 0x00, 0x00, 0x00, 0x00, 0xDF, 0xF8, 0x00, 0x00, 0x00, 0x00, 0x00, 0x00,
    0x00, 0x00, 0x00, 0x04, 0x9C, 0xEF, 0xED, 0xA6, 0x10, 0x00, 0x00, 0x00, 0x00, 0x00, 0x04, 0xDF,
    0xFF, 0xFF, 0xFF, 0xFF, 0xF8, 0x10, 0x00, 0x00, 0x00, 0x00, 0x8F, 0xFF, 0xFF, 0xED, 0xEF, 0xFF,
    0xFF, 0xE3, 0x00, 0x00, 0x00, 0x09, 0xFF, 0xFE, 0x72, 0x00, 0x00, 0x4B, 0xFF, 0xFF, 0x30, 0x00,
    0x00, 0x6F, 0xFF, 0xB1, 0x00, 0x00, 0x00, 0x00, 0x5F, 0xFF, 0xE1, 0x00, 0x01, 0xFF, 0xFB, 0x00,
    0x00, 0x00, 0x00, 0x00, 0x05, 0xFF, 0xF9, 0x00, 0x09, 0xFF, 0xF1, 0x00, 0x00, 0x00, 0x00, 0x00,
    0x00, 0xAF, 0xFF, 0x10, 0x0F, 0xFF, 0x70, 0x00, 0x00, 0x00, 0x00, 0x00, 0x00, 0x2C, 0xCC, 0x30,
    0x4F, 0xFF, 0x10, 0x00, 0x00, 0x00, 0x00, 0x00, 0x00, 0x00, 0x00, 0x00, 0x8F, 0xFC, 0x00, 0x00,
    0x00, 0x00, 0x00, 0x00, 0x00, 0x00, 0x00, 0x00, 0xAF, 0xF9, 0x00, 0x00, 0x00, 0x00, 0x00, 0x00,
    0x00, 0x00, 0x00, 0x00, 0xCF, 0xF7, 0x00, 0x00, 0x00, 0x00, 0x00, 0x00, 0x00, 0x00, 0x00, 0x00,
    0xDF, 0xF6, 0x00, 0x00, 0x00, 0x00, 0x5D, 0xDD, 0xDD, 0xDD, 0xDD, 0x80, 0xDF, 0xF6, 0x00, 0x00,
    0x00, 0x00, 0x7F, 0xFF, 0xFF, 0xFF, 0xFF, 0x90, 0xCF, 0xF7, 0x00, 0x00, 0x00, 0x00, 0x7F, 0xFF,
    0xFF, 0xFF, 0xFF, 0x90, 0xAF, 0xF9, 0x00, 0x00, 0x00, 0x00, 0x00, 0x00, 0x00, 0x0B, 0xFF, 0x90,
    0x8F, 0xFC, 0x00, 0x00, 0x00, 0x00, 0x00, 0x00, 0x00, 0x0D, 0xFF, 0x80, 0x4F, 0xFF, 0x10, 0x00,
    0x00, 0x00, 0x00, 0x00, 0x00, 0x0F, 0xFF, 0x60, 0x0F, 0xFF, 0x70, 0x00, 0x00, 0x00, 0x00, 0x00,
    0x00, 0x5F, 0xFF, 0x20, 0x09, 0xFF, 0xF1, 0x00, 0x00, 0x00, 0x00, 0x00, 0x00, 0xCF, 0xFD, 0x00,
    0x01, 0xFF, 0xFC, 0x00, 0x00, 0x00, 0x00, 0x00, 0x07, 0xFF, 0xF6, 0x00, 0x00, 0x6F, 0xFF, 0xC1,
    0x00, 0x00, 0x00, 0x00, 0x7F, 0xFF, 0xC0, 0x00, 0x00, 0x09, 0xFF, 0xFF, 0x82, 0x00, 0x00, 0x4B,
    0xFF, 0xFE, 0x20, 0x00, 0x00, 0x00, 0x8F, 0xFF, 0xFF, 0xFD, 0xEF, 0xFF, 0xFF, 0xE2, 0x00, 0x00,
    0x00, 0x00, 0x04, 0xCF, 0xFF, 0xFF, 0xFF, 0xFF, 0xF9, 0x10, 0x00, 0x00, 0x00, 0x00, 0x00, 0x03,
    0x9C, 0xEF, 0xFE, 0xB7, 0x10, 0x00, 0x00, 0x00, 0xDF, 0xF8, 0x00, 0x00, 0x00, 0x00, 0x00, 0x00,
    0x0C, 0xFF, 0x90, 0xDF, 0xF8, 0x00, 0x00, 0x00, 0x00, 0x00, 0x00, 0x0C, 0xFF, 0x90, 0xDF, 0xF8,
    0x00, 0x00, 0x00, 0x00, 0x00, 0x00, 0x0C, 0xFF, 0x90, 0xDF, 0xF8, 0x00, 0x00, 0x00, 0x00, 0x00,
    0x00, 0x0C, 0xFF, 0x90, 0xDF, 0xF8, 0x00, 0x00, 0x00, 0x00, 0x00, 0x00, 0x0C, 0xFF, 0x90, 0xDF,
    0xF8, 0x00, 0x00, 0x00, 0x00, 0x00, 0x00, 0x0C, 0xFF, 0x90, 0xDF, 0xF8, 0x00, 0x00, 0x00, 0x00,
    0x00, 0x00, 0x0C, 0xFF, 0x90, 0xDF, 0xF8, 0x00, 0x00, 0x00, 0x00, 0x00, 0x00, 0x0C, 0xFF, 0x90,
    0xDF, 0xF8, 0x00, 0x00, 0x00, 0x00, 0x00, 0x00, 0x0C, 0xFF, 0x90, 0xDF, 0xF8, 0x00, 0x00, 0x00,
    0x00, 0x00, 0x00, 0x0C, 0xFF, 0x90, 0xDF, 0xF8, 0x00, 0x00, 0x00, 0x00, 0x00, 0x00, 0x0C, 0xFF,
    0x90, 0xDF, 0xFE, 0xDD, 0xDD, 0xDD, 0xDD, 0xDD, 0xDD, 0xDF, 0xFF, 0x90, 0xDF, 0xFF, 0xFF, 0xFF,
    0xFF, 0xFF, 0xFF, 0xFF, 0xFF, 0xFF, 0x90, 0xDF, 0xFF, 0xFF, 0xFF, 0xFF, 0xFF, 0xFF, 0xFF, 0xFF,
    0xFF, 0x90, 0xDF, 0xF8, 0x00, 0x00, 0x00, 0x00, 0x00, 0x00, 0x0C, 0xFF, 0x90, 0xDF, 0xF8, 0x00,
    0x00, 0x00, 0x00, 0x00, 0x00, 0x0C, 0xFF, 0x90, 0xDF, 0xF8, 0x00, 0x00, 0x00, 0x00, 0x00, 0x00,
    0x0C, 0xFF, 0x90, 0xDF, 0xF8, 0x00, 0x00, 0x00, 0x00, 0x00, 0x00, 0x0C, 0xFF, 0x90, 0xDF, 0xF8,
    0x00, 0x00, 0x00, 0x00, 0x00, 0x00, 0x0C, 0xFF, 0x90, 0xDF, 0xF8, 0x00, 0x00, 0x00, 0x00, 0x00,
    0x00, 0x0C, 0xFF, 0x90, 0xDF, 0xF8, 0x00, 0x00, 0x00, 0x00, 0x00, 0x00, 0x0C, 0xFF, 0x90, 0xDF,
    0xF8, 0x00, 0x00, 0x00, 0x00, 0x00, 0x00, 0x0C, 0xFF, 0x90, 0xDF, 0xF8, 0x00, 0x00, 0x00, 0x00,
    0x00, 0x00, 0x0C, 0xFF, 0x90, 0xDF, 0xF8, 0x00, 0x00, 0x00, 0x00, 0x00, 0x00, 0x0C, 0xFF, 0x90,
    0xDF, 0xF8, 0x00, 0x00, 0x00, 0x00, 0x00, 0x00, 0x0C, 0xFF, 0x90, 0xDF, 0xF8, 0x00, 0x00, 0x00,
    0x00, 0x00, 0x00, 0x0C, 0xFF, 0x90, 0xDF, 0xF8, 0xDF, 0xF8, 0xDF, 0xF8, 0xDF, 0xF8, 0xDF, 0xF8,
    0xDF, 0xF8, 0xDF, 0xF8, 0xDF, 0xF8, 0xDF, 0xF8, 0xDF, 0xF8, 0xDF, 0xF8, 0xDF, 0xF8, 0xDF, 0xF8,
    0xDF, 0xF8, 0xDF, 0xF8, 0xDF, 0xF8, 0xDF, 0xF8, 0xDF, 0xF8, 0xDF, 0xF8, 0xDF, 0xF8, 0xDF, 0xF8,
    0xDF, 0xF8, 0xDF, 0xF8, 0xDF, 0xF8, 0xDF, 0xF8, 0xDF, 0xF8, 0x00, 0x00, 0x00, 0x00, 0x00, 0x00,
    0x0F, 0xFF, 0x60, 0x00, 0x00, 0x00, 0x00, 0x00, 0x00, 0x0F, 0xFF, 0x60, 0x00, 0x00, 0x00, 0x00,
    0x00, 0x00, 0x0F, 0xFF, 0x60, 0x00, 0x00, 0x00, 0x00, 0x00, 0x00, 0x0F, 0xFF, 0x60, 0x00, 0x00,
    0x00, 0x00, 0x00, 0x00, 0x0F, 0xFF, 0x60, 0x00, 0x00, 0x00, 0x00, 0x00, 0x00, 0x0F, 0xFF, 0x60,
    0x00, 0x00, 0x00, 0x00, 0x00, 0x00, 0x0F, 0xFF, 0x60, 0x00, 0x00, 0x00, 0x00, 0x00, 0x00, 0x0F,
    0xFF, 0x60, 0x00, 0x00, 0x00, 0x00, 0x00, 0x00, 0x0F, 0xFF, 0x60, 0x00, 0x00, 0x00, 0x00, 0x00,
    0x00, 0x0F, 0xFF, 0x60, 0x00, 0x00, 0x00, 0x00, 0x00, 0x00, 0x0F, 0xFF, 0x60, 0x00, 0x00, 0x00,
    0x00, 0x00, 0x00, 0x0F, 0xFF, 0x60, 0x00, 0x00, 0x00, 0x00, 0x00, 0x00, 0x0F, 0xFF, 0x60, 0x00,
    0x00, 0x00, 0x00, 0x00, 0x00, 0x0F, 0xFF, 0x60, 0x00, 0x00, 0x00, 0x00, 0x00, 0x00, 0x0F, 0xFF,
    0x60, 0x00, 0x00, 0x00, 0x00, 0x00, 0x00, 0x0F, 0xFF, 0x60, 0x00, 0x00, 0x00, 0x00, 0x00, 0x00,
    0x0F, 0xFF, 0x60, 0x3F, 0xFF, 0x10, 0x00, 0x00, 0x00, 0x0F, 0xFF, 0x60, 0x3F, 0xFF, 0x10, 0x00,
    0x00, 0x00, 0x0F, 0xFF, 0x50, 0x2F, 0xFF, 0x30, 0x00, 0x00, 0x00, 0x0F, 0xFF, 0x40, 0x0F, 0xFF,
    0x70, 0x00, 0x00, 0x00, 0x5F, 0xFF, 0x20, 0x0B, 0xFF, 0xE1, 0x00, 0x00, 0x00, 0xDF, 0xFD, 0x00,
    0x03, 0xFF, 0xFD, 0x40, 0x00, 0x3C, 0xFF, 0xF5, 0x00, 0x00, 0x8F, 0xFF, 0xFF, 0xDE, 0xFF, 0xFF,
    0xA0, 0x00, 0x00, 0x06, 0xFF, 0xFF, 0xFF, 0xFF, 0xF8, 0x00, 0x00, 0x00, 0x00, 0x17, 0xCE, 0xFE,
    0xC8, 0x20, 0x00, 0x00, 0xDF, 0xF8, 0x00, 0x00, 0x00, 0x00, 0x00, 0x0A, 0xFF, 0xFB, 0x00, 0xDF,
    0xF8, 0x00, 0x00, 0x00, 0x00, 0x00, 0x9F, 0xFF, 0xB0, 0x00, 0xDF, 0xF8, 0x00, 0x00, 0x00, 0x00,
    0x08, 0xFF, 0xFC, 0x00, 0x00, 0xDF, 0xF8, 0x00, 0x00, 0x00, 0x00, 0x7F, 0xFF, 0xD1, 0x00, 0x00,
    0xDF, 0xF8, 0x00, 0x00, 0x00, 0x06, 0xFF, 0xFD, 0x10, 0x00, 0x00, 0xDF, 0xF8, 0x00, 0x00, 0x00,
    0x5F, 0xFF, 0xE2, 0x00, 0x00, 0x00, 0xDF, 0xF8, 0x00, 0x00, 0x04, 0xFF, 0xFE, 0x20, 0x00, 0x00,
    0x00, 0xDF, 0xF8, 0x00, 0x00, 0x3F, 0xFF, 0xF3, 0x00, 0x00, 0x00, 0x00, 0xDF, 0xF7, 0x00, 0x02,
    0xEF, 0xFF, 0x40, 0x00, 0x00, 0x00, 0x00, 0xDF, 0xF7, 0x00, 0x1E, 0xFF, 0xF4, 0x00, 0x00, 0x00,
    0x00, 0x00, 0xDF, 0xF7, 0x00, 0xDF, 0xFF, 0x50, 0x00, 0x00, 0x00, 0x00, 0x00, 0xDF, 0xF7, 0x0B,
    0xFF, 0xFC, 0x00, 0x00, 0x00, 0x00, 0x00, 0x00, 0xDF, 0xF7, 0x8F, 0xFF, 0xFF, 0x70, 0x00, 0x00,
    0x00, 0x00, 0x00, 0xDF, 0xFC, 0xFF, 0xFD, 0xFF, 0xF3, 0x00, 0x00, 0x00, 0x00, 0x00, 0xDF, 0xFF,
    0xFF, 0x61, 0xEF, 0xFD, 0x00, 0x00, 0x00, 0x00, 0x00, 0xDF, 0xFF, 0xF6, 0x00, 0x5F, 0xFF, 0x90,
    0x00, 0x00, 0x00, 0x00, 0xDF, 0xFF, 0x70, 0x00, 0x09, 0xFF, 0xF5, 0x00, 0x00, 0x00, 0x00, 0xDF,
    0xFA, 0x00, 0x00, 0x00, 0xDF, 0xFE, 0x10, 0x00, 0x00, 0x00, 0xDF, 0xF8, 0x00, 0x00, 0x00, 0x3F,
    0xFF, 0xC0, 0x00, 0x00, 0x00, 0xDF, 0xF8, 0x00, 0x00, 0x00, 0x07, 0xFF, 0xF7, 0x00, 0x00, 0x00,
    0xDF, 0xF8, 0x00, 0x00, 0x00, 0x00, 0xBF, 0xFF, 0x30, 0x00, 0x00, 0xDF, 0xF8, 0x00, 0x00, 0x00,
    0x00, 0x1E, 0xFF, 0xE1, 0x00, 0x00, 0xDF, 0xF8, 0x00, 0x00, 0x00, 0x00, 0x04, 0xFF, 0xFA, 0x00,
    0x00, 0xDF, 0xF8, 0x00, 0x00, 0x00, 0x00, 0x00, 0x9F, 0xFF, 0x60, 0x00, 0xDF, 0xF8, 0x00, 0x00,
    0x00, 0x00, 0x00, 0x0D, 0xFF, 0xF2, 0x00, 0xDF, 0xF8, 0x00, 0x00, 0x00, 0x00, 0x00, 0x02, 0xFF,
    0xFC, 0x00, 0xDF, 0xF8, 0x00, 0x00, 0x00, 0x00, 0x00, 0x00, 0xDF, 0xF8, 0x00, 0x00, 0x00, 0x00,
    0x00, 0x00, 0xDF, 0xF8, 0x00, 0x00, 0x00, 0x00, 0x00, 0x00, 0xDF, 0xF8, 0x00, 0x00, 0x00, 0x00,
    0x00, 0x00, 0xDF, 0xF8, 0x00, 0x00, 0x00, 0x00, 0x00, 0x00, 0xDF, 0xF8, 0x00, 0x00, 0x00, 0x00,
    0x00, 0x00, 0xDF, 0xF8, 0x00, 0x00, 0x00, 0x00, 0x00, 0x00, 0xDF, 0xF8, 0x00, 0x00, 0x00, 0x00,
    0x00, 0x00, 0xDF, 0xF8, 0x00, 0x00, 0x00, 0x00, 0x00, 0x00, 0xDF, 0xF8, 0x00, 0x00, 0x00, 0x00,
    0x00, 0x00, 0xDF, 0xF8, 0x00, 0x00, 0x00, 0x00, 0x00, 0x00, 0xDF, 0xF8, 0x00, 0x00, 0x00, 0x00,
    0x00, 0x00, 0xDF, 0xF8, 0x00, 0x00, 0x00, 0x00, 0x00, 0x00, 0xDF, 0xF8, 0x00, 0x00, 0x00, 0x00,
    0x00, 0x00, 0xDF, 0xF8, 0x00, 0x00, 0x00, 0x00, 0x00, 0x00, 0xDF, 0xF8, 0x00, 0x00, 0x00, 0x00,
    0x00, 0x00, 0xDF, 0xF8, 0x00, 0x00, 0x00, 0x00, 0x00, 0x00, 0xDF, 0xF8, 0x00, 0x00, 0x00, 0x00,
    0x00, 0x00, 0xDF, 0xF8, 0x00, 0x00, 0x00, 0x00, 0x00, 0x00, 0xDF, 0xF8, 0x00, 0x00, 0x00, 0x00,
    0x00, 0x00, 0xDF, 0xF8, 0x00, 0x00, 0x00, 0x00, 0x00, 0x00, 0xDF, 0xF8, 0x00, 0x00, 0x00, 0x00,
    0x00, 0x00, 0xDF, 0xF8, 0x00, 0x00, 0x00, 0x00, 0x00, 0x00, 0xDF, 0xFF, 0xFF, 0xFF, 0xFF, 0xFF,
    0xFF, 0xF9, 0xDF, 0xFF, 0xFF, 0xFF, 0xFF, 0xFF, 0xFF, 0xFA, 0xDF, 0xFF, 0xFF, 0xFF, 0xFF, 0xFF,
    0xFF, 0xFA, 0xDF, 0xFF, 0xF1, 0x00, 0x00, 0x00, 0x00, 0x00, 0x00, 0x00, 0x09, 0xFF, 0xFF, 0x50,
    0xDF, 0xFF, 0xF7, 0x00, 0x00, 0x00, 0x00, 0x00, 0x00, 0x00, 0x0F, 0xFF, 0xFF, 0x50, 0xDF, 0xFF,
    0xFE, 0x00, 0x00, 0x00, 0x00, 0x00, 0x00, 0x00, 0x6F, 0xFF, 0xFF, 0x50, 0xDF, 0xFF, 0xFF, 0x40,
    0x00, 0x00, 0x00, 0x00, 0x00, 0x00, 0xCF, 0xFF, 0xFF, 0x50, 0xDF, 0xFB, 0xFF, 0xA0, 0x00, 0x00,
    0x00, 0x00, 0x00, 0x02, 0xFF, 0xED, 0xFF, 0x50, 0xDF, 0xF6, 0xFF, 0xF1, 0x00, 0x00, 0x00, 0x00,
    0x00, 0x08, 0xFF, 0x9D, 0xFF, 0x50, 0xDF, 0xF4, 0xDF, 0xF7, 0x00, 0x00, 0x00, 0x00, 0x00, 0x0E,
    0xFF, 0x3E, 0xFF, 0x50, 0xDF, 0xF4, 0x7F, 0xFD, 0x00, 0x00, 0x00, 0x00, 0x00, 0x5F, 0xFE, 0x0E,
    0xFF, 0x50, 0xDF, 0xF4, 0x2F, 0xFF, 0x30, 0x00, 0x00, 0x00, 0x00, 0xBF, 0xF8, 0x0E, 0xFF, 0x50,
    0xDF, 0xF5, 0x0C, 0xFF, 0xA0, 0x00, 0x00, 0x00, 0x01, 0xFF, 0xF3, 0x0E, 0xFF, 0x50, 0xDF, 0xF5,
    0x06, 0xFF, 0xF1, 0x00, 0x00, 0x00, 0x07, 0xFF, 0xD0, 0x0E, 0xFF, 0x50, 0xDF, 0xF5, 0x01, 0xFF,
    0xF6, 0x00, 0x00, 0x00, 0x0D, 0xFF, 0x70, 0x0F, 0xFF, 0x50, 0xDF, 0xF5, 0x00, 0xAF, 0xFD, 0x00,
    0x00, 0x00, 0x3F, 0xFF, 0x10, 0x0F, 0xFF, 0x50, 0xDF, 0xF5, 0x00, 0x3F, 0xFF, 0x30, 0x00, 0x00,
    0xAF, 0xFA, 0x00, 0x0F, 0xFF, 0x50, 0xDF, 0xF5, 0x00, 0x0D, 0xFF, 0x90, 0x00, 0x00, 0xFF, 0xF4,
    0x00, 0x0F, 0xFF, 0x50, 0xDF, 0xF5, 0x00, 0x06, 0xFF, 0xF0, 0x00, 0x06, 0xFF, 0xD0, 0x00, 0x0F,
    0xFF, 0x50, 0xDF, 0xF5, 0x00, 0x00, 0xFF, 0xF6, 0x00, 0x0C, 0xFF, 0x70, 0x00, 0x0F, 0xFF, 0x50,
    0xDF, 0xF5, 0x00, 0x00, 0x9F, 0xFC, 0x00, 0x2F, 0xFF, 0x10, 0x00, 0x0F, 0xFF, 0x50, 0xDF, 0xF5,
    0x00, 0x00, 0x3F, 0xFF, 0x10, 0x8F, 0xFA, 0x00, 0x00, 0x0F, 0xFF, 0x50, 0xDF, 0xF5, 0x00, 0x00,
    0x0D, 0xFF, 0x60, 0xDF, 0xF4, 0x00, 0x00, 0x0F, 0xFF, 0x50, 0xDF, 0xF5, 0x00, 0x00, 0x06, 0xFF,
    0xB2, 0xFF, 0xD0, 0x00, 0x00, 0x0F, 0xFF, 0x50, 0xDF, 0xF5, 0x00, 0x00, 0x00, 0xFF, 0xF8, 0xFF,
    0x70, 0x00, 0x00, 0x0F, 0xFF, 0x50, 0xDF, 0xF5, 0x00, 0x00, 0x00, 0x9F, 0xFF, 0xFF, 0x10, 0x00,
    0x00, 0x0F, 0xFF, 0x50, 0xDF, 0xF5, 0x00, 0x00, 0x00, 0x3F, 0xFF, 0xFB, 0x00, 0x00, 0x00, 0x0F,
    0xFF, 0x50, 0xDF, 0xF5, 0x00, 0x00, 0x00, 0x0C, 0xFF, 0xF4, 0x00, 0x00, 0x00, 0x0F, 0xFF, 0x50,
    0xDF, 0xF5, 0x00, 0x00, 0x00, 0x06, 0xFF, 0xE0, 0x00, 0x00, 0x00, 0x0F, 0xFF, 0x50, 0xDF, 0xFF,
    0x60, 0x00, 0x00, 0x00, 0x00, 0x00, 0x06, 0xFF, 0xF0, 0xDF, 0xFF, 0xF1, 0x00, 0x00, 0x00, 0x00,
    0x00, 0x06, 0xFF, 0xF0, 0xDF, 0xFF, 0xFB, 0x00, 0x00, 0x00, 0x00, 0x00, 0x06, 0xFF, 0xF0, 0xDF,
    0xFF, 0xFF, 0x50, 0x00, 0x00, 0x00, 0x00, 0x06, 0xFF, 0xF0, 0xDF, 0xFC, 0xFF, 0xE1, 0x00, 0x00,
    0x00, 0x00, 0x06, 0xFF, 0xF0, 0xDF, 0xF5, 0xEF, 0xFA, 0x00, 0x00, 0x00, 0x00, 0x06, 0xFF, 0xF0,
    0xDF, 0xF5, 0x5F, 0xFF, 0x40, 0x00, 0x00, 0x00, 0x06, 0xFF, 0xF0, 0xDF, 0xF6, 0x0C, 0xFF, 0xD0,
    0x00, 0x00, 0x00, 0x06, 0xFF, 0xF0, 0xDF, 0xF7, 0x03, 0xFF, 0xF8, 0x00, 0x00, 0x00, 0x06, 0xFF,
    0xF0, 0xDF, 0xF7, 0x00, 0x9F, 0xFF, 0x30, 0x00, 0x00, 0x06, 0xFF, 0xF0, 0xDF, 0xF8, 0x00, 0x1E,
    0xFF, 0xC0, 0x00, 0x00, 0x06, 0xFF, 0xF0, 0xDF, 0xF8, 0x00, 0x05, 0xFF, 0xF7, 0x00, 0x00, 0x06,
    0xFF, 0xF0, 0xDF, 0xF8, 0x00, 0x00, 0xBF, 0xFF, 0x20, 0x00, 0x06, 0xFF, 0xF0, 0xDF, 0xF8, 0x00,
    0x00, 0x1F, 0xFF, 0xB0, 0x00, 0x06, 0xFF, 0xF0, 0xDF, 0xF8, 0x00, 0x00, 0x06, 0xFF, 0xF6, 0x00,
    0x06, 0xFF, 0xF0, 0xDF, 0xF8, 0x00, 0x00, 0x00, 0xCF, 0xFE, 0x10, 0x06, 0xFF, 0xF0, 0xDF, 0xF8,
    0x00, 0x00, 0x00, 0x2F, 0xFF, 0xA0, 0x05, 0xFF, 0xF0, 0xDF, 0xF8, 0x00, 0x00, 0x00, 0x07, 0xFF,
    0xF4, 0x05, 0xFF, 0xF0, 0xDF, 0xF8, 0x00, 0x00, 0x00, 0x00, 0xDF, 0xFD, 0x05, 0xFF, 0xF0, 0xDF,
    0xF8, 0x00, 0x00, 0x00, 0x00, 0x3F, 0xFF, 0x75, 0xFF, 0xF0, 0xDF, 0xF8, 0x00, 0x00, 0x00, 0x00,
    0x08, 0xFF, 0xE5, 0xFF, 0xF0, 0xDF, 0xF8, 0x00, 0x00, 0x00, 0x00, 0x00, 0xDF, 0xFB, 0xFF, 0xF0,
    0xDF, 0xF8, 0x00, 0x00, 0x00, 0x00, 0x00, 0x4F, 0xFF, 0xFF, 0xF0, 0xDF, 0xF8, 0x00, 0x00, 0x00,
    0x00, 0x00, 0x0A, 0xFF, 0xFF, 0xF0, 0xDF, 0xF8, 0x00, 0x00, 0x00, 0x00, 0x00, 0x01, 0xEF, 0xFF,
    0xF0, 0xDF, 0xF8, 0x00, 0x00, 0x00, 0x00, 0x00, 0x00, 0x5F, 0xFF, 0xF0, 0x00, 0x00, 0x00, 0x03,
    0x8C, 0xEF, 0xFD, 0xB6, 0x10, 0x00, 0x00, 0x00, 0x00, 0x00, 0x03, 0xCF, 0xFF, 0xFF, 0xFF, 0xFF,
    0xF8, 0x00, 0x00, 0x00, 0x00, 0x00, 0x7F, 0xFF, 0xFF, 0xED, 0xEF, 0xFF, 0xFF, 0xD2, 0x00, 0x00,
    0x00, 0x08, 0xFF, 0xFF, 0x82, 0x00, 0x00, 0x4B, 0xFF, 0xFE, 0x20, 0x00, 0x00, 0x5F, 0xFF, 0xC1,
    0x00, 0x00, 0x00, 0x00, 0x5F, 0xFF, 0xD0, 0x00, 0x01, 0xEF, 0xFC, 0x00, 0x00, 0x00, 0x00, 0x00,
    0x04, 0xFF, 0xF8, 0x00, 0x08, 0xFF, 0xF1, 0x00, 0x00, 0x00, 0x00, 0x00, 0x00, 0x8F, 0xFF, 0x10,
    0x0E, 0xFF, 0x70, 0x00, 0x00, 0x00, 0x00, 0x00, 0x00, 0x0E, 0xFF, 0x70, 0x4F, 0xFF, 0x10, 0x00,
    0x00, 0x00, 0x00, 0x00, 0x00, 0x09, 0xFF, 0xC0, 0x8F, 0xFC, 0x00, 0x00, 0x00, 0x00, 0x00, 0x00,
    0x00, 0x04, 0xFF, 0xF0, 0xAF, 0xF9, 0x00, 0x00, 0x00, 0x00, 0x00, 0x00, 0x00, 0x01, 0xFF, 0xF3,
    0xCF, 0xF7, 0x00, 0x00, 0x00, 0x00, 0x00, 0x00, 0x00, 0x00, 0xFF, 0xF5, 0xDF, 0xF6, 0x00, 0x00,
    0x00, 0x00, 0x00, 0x00, 0x00, 0x00, 0xEF, 0xF5, 0xDF, 0xF6, 0x00, 0x00, 0x00, 0x00, 0x00, 0x00,
    0x00, 0x00, 0xEF, 0xF5, 0xCF, 0xF7, 0x00, 0x00, 0x00, 0x00, 0x00, 0x00, 0x00, 0x00, 0xFF, 0xF5,
    0xAF, 0xF9, 0x00, 0x00, 0x00, 0x00, 0x00, 0x00, 0x00, 0x01, 0xFF, 0xF3, 0x8F, 0xFC, 0x00, 0x00,
    0x00, 0x00, 0x00, 0x00, 0x00, 0x04, 0xFF, 0xF0, 0x4F, 0xFF, 0x10, 0x00, 0x00, 0x00, 0x00, 0x00,
    0x00, 0x08, 0xFF, 0xC0, 0x0E, 0xFF, 0x70, 0x00, 0x00, 0x00, 0x00, 0x00, 0x00, 0x0E, 0xFF, 0x70,
    0x08, 0xFF, 0xF1, 0x00, 0x00, 0x00, 0x00, 0x00, 0x00, 0x8F, 0xFF, 0x10, 0x01, 0xEF, 0xFC, 0x00,
    0x00, 0x00, 0x00, 0x00, 0x04, 0xFF, 0xF8, 0x00, 0x00, 0x5F, 0xFF, 0xC1, 0x00, 0x00, 0x00, 0x00,
    0x5F, 0xFF, 0xD0, 0x00, 0x00, 0x08, 0xFF, 0xFE, 0x82, 0x00, 0x00, 0x4B, 0xFF, 0xFE, 0x20, 0x00,
    0x00, 0x00, 0x7F, 0xFF, 0xFF, 0xED, 0xDF, 0xFF, 0xFF, 0xD2, 0x00, 0x00, 0x00, 0x00, 0x03, 0xCF,
    0xFF, 0xFF, 0xFF, 0xFF, 0xF8, 0x00, 0x00, 0x00, 0x00, 0x00, 0x00, 0x03, 0x9C, 0xEF, 0xFE, 0xB6,
    0x10, 0x00, 0x00, 0x00, 0xDF, 0xFF, 0xFF, 0xFF, 0xFF, 0xEC, 0x82, 0x00, 0x00, 0x00, 0xDF, 0xFF,
    0xFF, 0xFF, 0xFF, 0xFF, 0xFF, 0xA0, 0x00, 0x00, 0xDF, 0xFE, 0xDD, 0xDD, 0xDD, 0xFF, 0xFF, 0xFD,
    0x10, 0x00, 0xDF, 0xF8, 0x00, 0x00, 0x00, 0x03, 0xAF, 0xFF, 0xB0, 0x00, 0xDF, 0xF8, 0x00, 0x00,
    0x00, 0x00, 0x09, 0xFF, 0xF3, 0x00, 0xDF, 0xF8, 0x00, 0x00, 0x00, 0x00, 0x00, 0xEF, 0xF9, 0x00,
    0xDF, 0xF8, 0x00, 0x00, 0x00, 0x00, 0x00, 0x8F, 0xFD, 0x00, 0xDF, 0xF8, 0x00, 0x00, 0x00, 0x00,
    0x00, 0x5F, 0xFF, 0x00, 0xDF, 0xF8, 0x00, 0x00, 0x00, 0x00, 0x00, 0x4F, 0xFF, 0x00, 0xDF, 0xF8,
    0x00, 0x00, 0x00, 0x00, 0x00, 0x5F, 0xFF, 0x00, 0xDF, 0xF8, 0x00, 0x00, 0x00, 0x00, 0x00, 0x9F,
    0xFD, 0x00, 0xDF, 0xF8, 0x00, 0x00, 0x00, 0x00, 0x01, 0xFF, 0xF8, 0x00, 0xDF, 0xF8, 0x00, 0x00,
    0x00, 0x00, 0x0B, 0xFF, 0xF2, 0x00, 0xDF, 0xF8, 0x00, 0x00, 0x00, 0x26, 0xDF, 0xFF, 0x90, 0x00,
    0xDF, 0xFF, 0xFF, 0xFF, 0xFF, 0xFF, 0xFF, 0xFB, 0x00, 0x00, 0xDF, 0xFF, 0xFF, 0xFF, 0xFF, 0xFF,
    0xFF, 0x70, 0x00, 0x00, 0xDF, 0xFE, 0xDD, 0xDD, 0xDC, 0xC9, 0x61, 0x00, 0x00, 0x00, 0xDF, 0xF8,
    0x00, 0x00, 0x00, 0x00, 0x00, 0x00, 0x00, 0x00, 0xDF, 0xF8, 0x00, 0x00, 0x00, 0x00, 0x00, 0x00,
    0x00, 0x00, 0xDF, 0xF8, 0x00, 0x00, 0x00, 0x00, 0x00, 0x00, 0x00, 0x00, 0xDF, 0xF8, 0x00, 0x00,
    0x00, 0x00, 0x00, 0x00, 0x00, 0x00, 0xDF, 0xF8, 0x00, 0x00, 0x00, 0x00, 0x00, 0x00, 0x00, 0x00,
    0xDF, 0xF8, 0x00, 0x00, 0x00, 0x00, 0x00, 0x00, 0x00, 0x00, 0xDF, 0xF8, 0x00, 0x00, 0x00, 0x00,
    0x00, 0x00, 0x00, 0x00, 0xDF, 0xF8, 0x00, 0x00, 0x00, 0x00, 0x00, 0x00, 0x00, 0x00, 0xDF, 0xF8,
    0x00, 0x00, 0x00, 0x00, 0x00, 0x00, 0x00, 0x00, 0x00, 0x00, 0x00, 0x03, 0x8C, 0xEF, 0xFD, 0xB6,
    0x10, 0x00, 0x00, 0x00, 0x00, 0x00, 0x03, 0xCF, 0xFF, 0xFF, 0xFF, 0xFF, 0xF8, 0x00, 0x00, 0x00,
    0x00, 0x00, 0x7F, 0xFF, 0xFF, 0xED, 0xEF, 0xFF, 0xFF, 0xD2, 0x00, 0x00, 0x00, 0x08, 0xFF, 0xFF,
    0x82, 0x00, 0x00, 0x4B, 0xFF, 0xFE, 0x20, 0x00, 0x00, 0x5F, 0xFF, 0xC1, 0x00, 0x00, 0x00, 0x00,
    0x5F, 0xFF, 0xD0, 0x00, 0x01, 0xEF, 0xFC, 0x00, 0x00, 0x00, 0x00, 0x00, 0x04, 0xFF, 0xF8, 0x00,
    0x08, 0xFF, 0xF1, 0x00, 0x00, 0x00, 0x00, 0x00, 0x00, 0x8F, 0xFF, 0x10, 0x0E, 0xFF, 0x70, 0x00,
    0x00, 0x00, 0x00, 0x00, 0x00, 0x0E, 0xFF, 0x70, 0x4F, 0xFF, 0x10, 0x00, 0x00, 0x00, 0x00, 0x00,
    0x00, 0x09, 0xFF, 0xC0, 0x8F, 0xFC, 0x00, 0x00, 0x00, 0x00, 0x00, 0x00, 0x00, 0x04, 0xFF, 0xF0,
    0xAF, 0xF9, 0x00, 0x00, 0x00, 0x00, 0x00, 0x00, 0x00, 0x01, 0xFF, 0xF3, 0xCF, 0xF7, 0x00, 0x00,
    0x00, 0x00, 0x00, 0x00, 0x00, 0x00, 0xFF, 0xF4, 0xDF, 0xF6, 0x00, 0x00, 0x00, 0x00, 0x00, 0x00,
    0x00, 0x00, 0xEF, 0xF5, 0xDF, 0xF6, 0x00, 0x00, 0x00, 0x00, 0x00, 0x00, 0x00, 0x00, 0xEF, 0xF5,
    0xCF, 0xF7, 0x00, 0x00, 0x00, 0x00, 0x00, 0x00, 0x00, 0x00, 0xFF, 0xF5, 0xAF, 0xF9, 0x00, 0x00,
    0x00, 0x00, 0x00, 0x00, 0x00, 0x01, 0xFF, 0xF3, 0x8F, 0xFC, 0x00, 0x00, 0x00, 0x00, 0x00, 0x00,
    0x00, 0x05, 0xFF, 0xF1, 0x4F, 0xFF, 0x10, 0x00, 0x00, 0x03, 0x33, 0x00, 0x00, 0x09, 0xFF, 0xD0,
    0x0E, 0xFF, 0x70, 0x00, 0x00, 0x0C, 0xFF, 0xB0, 0x00, 0x1E, 0xFF, 0x80, 0x08, 0xFF, 0xF1, 0x00,
    0x00, 0x01, 0xEF, 0xF7, 0x00, 0x8F, 0xFF, 0x20, 0x01, 0xEF, 0xFC, 0x00, 0x00, 0x00, 0x4F, 0xFF,
    0x44, 0xFF, 0xF9, 0x00, 0x00, 0x5F, 0xFF, 0xC1, 0x00, 0x00, 0x07, 0xFF, 0xEF, 0xFF, 0xE1, 0x00,
    0x00, 0x08, 0xFF, 0xFE, 0x82, 0x00, 0x00, 0xDF, 0xFF, 0xFF, 0x30, 0x00, 0x00, 0x00, 0x7F, 0xFF,
    0xFF, 0xED, 0xEF, 0xFF, 0xFF, 0xF4, 0x00, 0x00, 0x00, 0x00, 0x03, 0xCF, 0xFF, 0xFF, 0xFF, 0xFF,
    0xFF, 0xF5, 0x00, 0x00, 0x00, 0x00, 0x00, 0x03, 0x9C, 0xEF, 0xFD, 0xB6, 0x6F, 0xFF, 0x30, 0x00,
    0x00, 0x00, 0x00, 0x00, 0x00, 0x00, 0x00, 0x00, 0x07, 0xFF, 0xE1, 0x00, 0x00, 0x00, 0x00, 0x00,
    0x00, 0x00, 0x00, 0x00, 0x00, 0xAF, 0xFB, 0x00, 0xDF, 0xFF, 0xFF, 0xFF, 0xFF, 0xEC, 0x93, 0x00,
    0x00, 0x00, 0xDF, 0xFF, 0xFF, 0xFF, 0xFF, 0xFF, 0xFF, 0xC2, 0x00, 0x00, 0xDF, 0xFE, 0xDD, 0xDD,
    0xDD, 0xFF, 0xFF, 0xFE, 0x20, 0x00, 0xDF, 0xF8, 0x00, 0x00, 0x00, 0x02, 0x9F, 0xFF, 0xD0, 0x00,
    0xDF, 0xF8, 0x00, 0x00, 0x00, 0x00, 0x06, 0xFF, 0xF5, 0x00, 0xDF, 0xF8, 0x00, 0x00, 0x00, 0x00,
    0x00, 0xCF, 0xFB, 0x00, 0xDF, 0xF8, 0x00, 0x00, 0x00, 0x00, 0x00, 0x7F, 0xFE, 0x00, 0xDF, 0xF8,
    0x00, 0x00, 0x00, 0x00, 0x00, 0x4F, 0xFF, 0x00, 0xDF, 0xF8, 0x00, 0x00, 0x00, 0x00, 0x00, 0x4F,
    0xFF, 0x00, 0xDF, 0xF8, 0x00, 0x00, 0x00, 0x00, 0x00, 0x7F, 0xFE, 0x00, 0xDF, 0xF8, 0x00, 0x00,
    0x00, 0x00, 0x00, 0xCF, 0xFB, 0x00, 0xDF, 0xF8, 0x00, 0x00, 0x00, 0x00, 0x08, 0xFF, 0xF5, 0x00,
    0xDF, 0xF8, 0x00, 0x00, 0x00, 0x15, 0xBF, 0xFF, 0xD0, 0x00, 0xDF, 0xFF, 0xFF, 0xFF, 0xFF, 0xFF,
    0xFF, 0xFE, 0x20, 0x00, 0xDF, 0xFF, 0xFF, 0xFF, 0xFF, 0xFF, 0xFF, 0xA1, 0x00, 0x00, 0xDF, 0xFE,
    0xDD, 0xDD, 0xDD, 0xFF, 0xF6, 0x00, 0x00, 0x00, 0xDF, 0xF8, 0x00, 0x00, 0x00, 0xDF, 0xFD, 0x00,
    0x00, 0x00, 0xDF, 0xF8, 0x00, 0x00, 0x00, 0x5F, 0xFF, 0x70, 0x00, 0x00, 0xDF, 0xF8, 0x00, 0x00,
    0x00, 0x0C, 0xFF, 0xE0, 0x00, 0x00, 0xDF, 0xF8, 0x00, 0x00, 0x00, 0x04, 0xFF, 0xF8, 0x00, 0x00,
    0xDF, 0xF8, 0x00, 0x00, 0x00, 0x00, 0xBF, 0xFF, 0x10, 0x00, 0xDF, 0xF8, 0x00, 0x00, 0x00, 0x00,
    0x3F, 0xFF, 0x90, 0x00, 0xDF, 0xF8, 0x00, 0x00, 0x00, 0x00, 0x0A, 0xFF, 0xF2, 0x00, 0xDF, 0xF8,
    0x00, 0x00, 0x00, 0x00, 0x02, 0xFF, 0xFB, 0x00, 0xDF, 0xF8, 0x00, 0x00, 0x00, 0x00, 0x00, 0x9F,
    0xFF, 0x40, 0xDF, 0xF8, 0x00, 0x00, 0x00, 0x00, 0x00, 0x1F, 0xFF, 0xC0, 0x00, 0x00, 0x03, 0x8C,
    0xEF, 0xED, 0xA5, 0x10, 0x00, 0x00, 0x00, 0x02, 0xBF, 0xFF, 0xFF, 0xFF, 0xFF, 0xE6, 0x00, 0x00,
    0x00, 0x3F, 0xFF, 0xFF, 0xED, 0xEF, 0xFF, 0xFF, 0xA0, 0x00, 0x02, 0xFF, 0xFF, 0x71, 0x00, 0x00,
    0x5C, 0xFF, 0xF9, 0x00, 0x0A, 0xFF, 0xE2, 0x00, 0x00, 0x00, 0x00, 0x9F, 0xFF, 0x30, 0x0F, 0xFF,
    0x50, 0x00, 0x00, 0x00, 0x00, 0x0E, 0xFF, 0x80, 0x2F, 0xFF, 0x10, 0x00, 0x00, 0x00, 0x00, 0x07,
    0xBB, 0x70, 0x2F, 0xFF, 0x20, 0x00, 0x00, 0x00, 0x00, 0x00, 0x00, 0x00, 0x0F, 0xFF, 0x70, 0x00,
    0x00, 0x00, 0x00, 0x00, 0x00, 0x00, 0x0B, 0xFF, 0xF7, 0x00, 0x00, 0x00, 0x00, 0x00, 0x00, 0x00,
    0x02, 0xFF, 0xFF, 0xD7, 0x20, 0x00, 0x00, 0x00, 0x00, 0x00, 0x00, 0x3E, 0xFF, 0xFF, 0xFD, 0x95,
    0x00, 0x00, 0x00, 0x00, 0x00, 0x01, 0x9F, 0xFF, 0xFF, 0xFF, 0xFB, 0x40, 0x00, 0x00, 0x00, 0x00,
    0x01, 0x6B, 0xFF, 0xFF, 0xFF, 0xFC, 0x30, 0x00, 0x00, 0x00, 0x00, 0x00, 0x04, 0x8D, 0xFF, 0xFF,
    0xF5, 0x00, 0x00, 0x00, 0x00, 0x00, 0x00, 0x00, 0x39, 0xFF, 0xFF, 0x20, 0x00, 0x00, 0x00, 0x00,
    0x00, 0x00, 0x00, 0x3E, 0xFF, 0xA0, 0x00, 0x00, 0x00, 0x00, 0x00, 0x00, 0x00, 0x07, 0xFF, 0xE0,
    0x00, 0x00, 0x00, 0x00, 0x00, 0x00, 0x00, 0x03, 0xFF, 0xF0, 0xDF, 0xF9, 0x00, 0x00, 0x00, 0x00,
    0x00, 0x05, 0xFF, 0xF0, 0xAF, 0xFE, 0x00, 0x00, 0x00, 0x00, 0x00, 0x0B, 0xFF, 0xC0, 0x4F, 0xFF,
    0xA0, 0x00, 0x00, 0x00, 0x00, 0x8F, 0xFF, 0x60, 0x0B, 0xFF, 0xFD, 0x51, 0x00, 0x00, 0x5C, 0xFF,
    0xFD, 0x00, 0x00, 0xCF, 0xFF, 0xFF, 0xED, 0xEF, 0xFF, 0xFF, 0xD1, 0x00, 0x00, 0x08, 0xFF, 0xFF,
    0xFF, 0xFF, 0xFF, 0xF9, 0x00, 0x00, 0x00, 0x00, 0x16, 0xAD, 0xFF, 0xED, 0xB6, 0x10, 0x00, 0x00,
    0x4F, 0xFF, 0xFF, 0xFF, 0xFF, 0xFF, 0xFF, 0xFF, 0xFF, 0xFF, 0x80, 0x4F, 0xFF, 0xFF, 0xFF, 0xFF,
    0xFF, 0xFF, 0xFF, 0xFF, 0xFF, 0x80, 0x3D, 0xDD, 0xDD, 0xDD, 0xDF, 0xFF, 0xED, 0xDD, 0xDD, 0xDD,
    0x60, 0x00, 0x00, 0x00, 0x00, 0x0F, 0xFF, 0x50, 0x00, 0x00, 0x00, 0x00, 0x00, 0x00, 0x00, 0x00,
    0x0F, 0xFF, 0x50, 0x00, 0x00, 0x00, 0x00, 0x00, 0x00, 0x00, 0x00, 0x0F, 0xFF, 0x50, 0x00, 0x00,
    0x00, 0x00, 0x00, 0x00, 0x00, 0x00, 0x0F, 0xFF, 0x50, 0x00, 0x00, 0x00, 0x00, 0x00, 0x00, 0x00,
    0x00, 0x0F, 0xFF, 0x50, 0x00, 0x00, 0x00, 0x00, 0x00, 0x00, 0x00, 0x00, 0x0F, 0xFF, 0x50, 0x00,
    0x00, 0x00, 0x00, 0x00, 0x00, 0x00, 0x00, 0x0F, 0xFF, 0x50, 0x00, 0x00, 0x00, 0x00, 0x00, 0x00,
    0x00, 0x00, 0x0F, 0xFF, 0x50, 0x00, 0x00, 0x00, 0x00, 0x00, 0x00, 0x00, 0x00, 0x0F, 0xFF, 0x50,
    0x00, 0x00, 0x00, 0x00, 0x00, 0x00, 0x00, 0x00, 0x0F, 0xFF, 0x50, 0x00, 0x00, 0x00, 0x00, 0x00,
    0x00, 0x00, 0x00, 0x0F, 0xFF, 0x50, 0x00, 0x00, 0x00, 0x00, 0x00, 0x00, 0x00, 0x00, 0x0F, 0xFF,
    0x50, 0x00, 0x00, 0x00, 0x00, 0x00, 0x00, 0x00, 0x00, 0x0F, 0xFF, 0x50, 0x00, 0x00, 0x00, 0x00,
    0x00, 0x00, 0x00, 0x00, 0x0F, 0xFF, 0x50, 0x00, 0x00, 0x00, 0x00, 0x00, 0x00, 0x00, 0x00, 0x0F,
    0xFF, 0x50, 0x00, 0x00, 0x00, 0x00, 0x00, 0x00, 0x00, 0x00, 0x0F, 0xFF, 0x50, 0x00, 0x00, 0x00,
    0x00, 0x00, 0x00, 0x00, 0x00, 0x0F, 0xFF, 0x50, 0x00, 0x00, 0x00, 0x00, 0x00, 0x00, 0x00, 0x00,
    0x0F, 0xFF, 0x50, 0x00, 0x00, 0x00, 0x00, 0x00, 0x00, 0x00, 0x00, 0x0F, 0xFF, 0x50, 0x00, 0x00,
    0x00, 0x00, 0x00, 0x00, 0x00, 0x00, 0x0F, 0xFF, 0x50, 0x00, 0x00, 0x00, 0x00, 0x00, 0x00, 0x00,
    0x00, 0x0F, 0xFF, 0x50, 0x00, 0x00, 0x00, 0x00, 0x00, 0x00, 0x00, 0x00, 0x0F, 0xFF, 0x50, 0x00,
    0x00, 0x00, 0x00, 0x00, 0x00, 0x00, 0x00, 0x0F, 0xFF, 0x50, 0x00, 0x00, 0x00, 0x00, 0xDF, 0xF8,
    0x00, 0x00, 0x00, 0x00, 0x00, 0x00, 0x0B, 0xFF, 0xA0, 0xDF, 0xF8, 0x00, 0x00, 0x00, 0x00, 0x00,
    0x00, 0x0B, 0xFF, 0xA0, 0xDF, 0xF8, 0x00, 0x00, 0x00, 0x00, 0x00, 0x00, 0x0B, 0xFF, 0xA0, 0xDF,
    0xF8, 0x00, 0x00, 0x00, 0x00, 0x00, 0x00, 0x0B, 0xFF, 0xA0, 0xDF, 0xF8, 0x00, 0x00, 0x00, 0x00,
    0x00, 0x00, 0x0B, 0xFF, 0xA0, 0xDF, 0xF8, 0x00, 0x00, 0x00, 0x00, 0x00, 0x00, 0x0B, 0xFF, 0xA0,
    0xDF, 0xF8, 0x00, 0x00, 0x00, 0x00, 0x00, 0x00, 0x0B, 0xFF, 0xA0, 0xDF, 0xF8, 0x00, 0x00, 0x00,
    0x00, 0x00, 0x00, 0x0B, 0xFF, 0xA0, 0xDF, 0xF8, 0x00, 0x00, 0x00, 0x00, 0x00, 0x00, 0x0B, 0xFF,
    0xA0, 0xDF, 0xF8, 0x00, 0x00, 0x00, 0x00, 0x00, 0x00, 0x0B, 0xFF, 0xA0, 0xDF, 0xF8, 0x00, 0x00,
    0x00, 0x00, 0x00, 0x00, 0x0B, 0xFF, 0xA0, 0xDF, 0xF8, 0x00, 0x00, 0x00, 0x00, 0x00, 0x00, 0x0B,
    0xFF, 0xA0, 0xDF, 0xF8, 0x00, 0x00, 0x00, 0x00, 0x00, 0x00, 0x0B, 0xFF, 0xA0, 0xDF, 0xF8, 0x00,
    0x00, 0x00, 0x00, 0x00, 0x00, 0x0B, 0xFF, 0xA0, 0xDF, 0xF8, 0x00, 0x00, 0x00, 0x00, 0x00, 0x00,
    0x0B, 0xFF, 0xA0, 0xDF, 0xF8, 0x00, 0x00, 0x00, 0x00, 0x00, 0x00, 0x0B, 0xFF, 0xA0, 0xDF, 0xF8,
    0x00, 0x00, 0x00, 0x00, 0x00, 0x00, 0x0B, 0xFF, 0x90, 0xCF, 0xF9, 0x00, 0x00, 0x00, 0x00, 0x00,
    0x00, 0x0C, 0xFF, 0x90, 0xAF, 0xFB, 0x00, 0x00, 0x00, 0x00, 0x00, 0x00, 0x0F, 0xFF, 0x70, 0x7F,
    0xFF, 0x10, 0x00, 0x00, 0x00, 0x00, 0x00, 0x5F, 0xFF, 0x40, 0x1F, 0xFF, 0xA0, 0x00, 0x00, 0x00,
    0x00, 0x00, 0xDF, 0xFE, 0x00, 0x09, 0xFF, 0xF8, 0x00, 0x00, 0x00, 0x00, 0x1B, 0xFF, 0xF6, 0x00,
    0x00, 0xDF, 0xFF, 0xC5, 0x00, 0x00, 0x16, 0xEF, 0xFF, 0xA0, 0x00, 0x00, 0x1C, 0xFF, 0xFF, 0xFE,
    0xDF, 0xFF, 0xFF, 0xFA, 0x00, 0x00, 0x00, 0x00, 0x8F, 0xFF, 0xFF, 0xFF, 0xFF, 0xFE, 0x60, 0x00,
    0x00, 0x00, 0x00, 0x01, 0x6B, 0xDF, 0xFF, 0xDA, 0x50, 0x00, 0x00, 0x00, 0x0E, 0xFF, 0x90, 0x00,
    0x00, 0x00, 0x00, 0x00, 0x00, 0x00, 0xCF, 0xFB, 0x08, 0xFF, 0xF0, 0x00, 0x00, 0x00, 0x00, 0x00,
    0x00, 0x02, 0xFF, 0xF5, 0x02, 0xFF, 0xF5, 0x00, 0x00, 0x00, 0x00, 0x00, 0x00, 0x07, 0xFF, 0xF0,
    0x00, 0xCF, 0xFB, 0x00, 0x00, 0x00, 0x00, 0x00, 0x00, 0x0D, 0xFF, 0xA0, 0x00, 0x6F, 0xFF, 0x10,
    0x00, 0x00, 0x00, 0x00, 0x00, 0x3F, 0xFF, 0x40, 0x00, 0x1F, 0xFF, 0x60, 0x00, 0x00, 0x00, 0x00,
    0x00, 0x8F, 0xFE, 0x00, 0x00, 0x0A, 0xFF, 0xC0, 0x00, 0x00, 0x00, 0x00, 0x00, 0xEF, 0xF8, 0x00,
    0x00, 0x04, 0xFF, 0xF2, 0x00, 0x00, 0x00, 0x00, 0x03, 0xFF, 0xF2, 0x00, 0x00, 0x00, 0xEF, 0xF7,
    0x00, 0x00, 0x00, 0x00, 0x09, 0xFF, 0xC0, 0x00, 0x00, 0x00, 0x9F, 0xFD, 0x00, 0x00, 0x00, 0x00,
    0x0E, 0xFF, 0x70, 0x00, 0x00, 0x00, 0x3F, 0xFF, 0x30, 0x00, 0x00, 0x00, 0x4F, 0xFF, 0x10, 0x00,
    0x00, 0x00, 0x0D, 0xFF, 0x80, 0x00, 0x00, 0x00, 0xAF, 0xFB, 0x00, 0x00, 0x00, 0x00, 0x07, 0xFF,
    0xE0, 0x00, 0x00, 0x00, 0xFF, 0xF5, 0x00, 0x00, 0x00, 0x00, 0x01, 0xFF, 0xF4, 0x00, 0x00, 0x05,
    0xFF, 0xF0, 0x00, 0x00, 0x00, 0x00, 0x00, 0xBF, 0xFA, 0x00, 0x00, 0x0A, 0xFF, 0x90, 0x00, 0x00,
    0x00, 0x00, 0x00, 0x5F, 0xFF, 0x00, 0x00, 0x0F, 0xFF, 0x30, 0x00, 0x00, 0x00, 0x00, 0x00, 0x0F,
    0xFF, 0x50, 0x00, 0x5F, 0xFD, 0x00, 0x00, 0x00, 0x00, 0x00, 0x00, 0x09, 0xFF, 0xA0, 0x00, 0xBF,
    0xF8, 0x00, 0x00, 0x00, 0x00, 0x00, 0x00, 0x03, 0xFF, 0xF0, 0x00, 0xFF, 0xF2, 0x00, 0x00, 0x00,
    0x00, 0x00, 0x00, 0x00, 0xDF, 0xF4, 0x05, 0xFF, 0xC0, 0x00, 0x00, 0x00, 0x00, 0x00, 0x00, 0x00,
    0x7F, 0xF9, 0x0A, 0xFF, 0x60, 0x00, 0x00, 0x00, 0x00, 0x00, 0x00, 0x00, 0x2F, 0xFE, 0x0F, 0xFF,
    0x10, 0x00, 0x00, 0x00, 0x00, 0x00, 0x00, 0x00, 0x0C, 0xFF, 0x7F, 0xFA, 0x00, 0x00, 0x00, 0x00,
    0x00, 0x00, 0x00, 0x00, 0x06, 0xFF, 0xFF, 0xF4, 0x00, 0x00, 0x00, 0x00, 0x00, 0x00, 0x00, 0x00,
    0x00, 0xFF, 0xFF, 0xE0, 0x00, 0x00, 0x00, 0x00, 0x00, 0x00, 0x00, 0x00, 0x00, 0xAF, 0xFF, 0x90,
    0x00, 0x00, 0x00, 0x00, 0x0E, 0xFF, 0x70, 0x00, 0x00, 0x00, 0x00, 0x04, 0xFF, 0xFC, 0x00, 0x00,
    0x00, 0x00, 0x00, 0x0F, 0xFF, 0x60, 0x0A, 0xFF, 0xB0, 0x00, 0x00, 0x00, 0x00, 0x08, 0xFF, 0xFF,
    0x00, 0x00, 0x00, 0x00, 0x00, 0x4F, 0xFF, 0x20, 0x06, 0xFF, 0xF0, 0x00, 0x00, 0x00, 0x00, 0x0D,
    0xFF, 0xFF, 0x40, 0x00, 0x00, 0x00, 0x00, 0x8F, 0xFD, 0x00, 0x01, 0xFF, 0xF3, 0x00, 0x00, 0x00,
    0x00, 0x1F, 0xFF, 0xFF, 0x80, 0x00, 0x00, 0x00, 0x00, 0xCF, 0xF9, 0x00, 0x00, 0xDF, 0xF7, 0x00,
    0x00, 0x00, 0x00, 0x5F, 0xFB, 0xFF, 0xD0, 0x00, 0x00, 0x00, 0x01, 0xFF, 0xF5, 0x00, 0x00, 0x9F,
    0xFC, 0x00, 0x00, 0x00, 0x00, 0x9F, 0xF6, 0xFF, 0xF1, 0x00, 0x00, 0x00, 0x05, 0xFF, 0xF0, 0x00,
    0x00, 0x4F, 0xFF, 0x00, 0x00, 0x00, 0x00, 0xEF, 0xF2, 0xCF, 0xF5, 0x00, 0x00, 0x00, 0x09, 0xFF,
    0xC0, 0x00, 0x00, 0x0F, 0xFF, 0x40, 0x00, 0x00, 0x02, 0xFF, 0xF0, 0x8F, 0xF9, 0x00, 0x00, 0x00,
    0x0D, 0xFF, 0x70, 0x00, 0x00, 0x0C, 0xFF, 0x80, 0x00, 0x00, 0x06, 0xFF, 0xB0, 0x4F, 0xFE, 0x00,
    0x00, 0x00, 0x1F, 0xFF, 0x30, 0x00, 0x00, 0x07, 0xFF, 0xC0, 0x00, 0x00, 0x0A, 0xFF, 0x70, 0x0F,
    0xFF, 0x20, 0x00, 0x00, 0x5F, 0xFE, 0x00, 0x00, 0x00, 0x03, 0xFF, 0xF0, 0x00, 0x00, 0x0E, 0xFF,
    0x30, 0x0C, 0xFF, 0x60, 0x00, 0x00, 0x9F, 0xFA, 0x00, 0x00, 0x00, 0x00, 0xEF, 0xF4, 0x00, 0x00,
    0x3F, 0xFE, 0x00, 0x07, 0xFF, 0xA0, 0x00, 0x00, 0xDF, 0xF6, 0x00, 0x00, 0x00, 0x00, 0xAF, 0xF9,
    0x00, 0x00, 0x7F, 0xFA, 0x00, 0x03, 0xFF, 0xE0, 0x00, 0x01, 0xFF, 0xF1, 0x00, 0x00, 0x00, 0x00,
    0x6F, 0xFD, 0x00, 0x00, 0xBF, 0xF5, 0x00, 0x00, 0xEF, 0xF3, 0x00, 0x06, 0xFF, 0xD0, 0x00, 0x00,
    0x00, 0x00, 0x1F, 0xFF, 0x10, 0x00, 0xFF, 0xF1, 0x00, 0x00, 0xAF, 0xF7, 0x00, 0x0A, 0xFF, 0x80,
    0x00, 0x00, 0x00, 0x00, 0x0D, 0xFF, 0x50, 0x04, 0xFF, 0xD0, 0x00, 0x00, 0x6F, 0xFB, 0x00, 0x0E,
    0xFF, 0x40, 0x00, 0x00, 0x00, 0x00, 0x08, 0xFF, 0x90, 0x08, 0xFF, 0x80, 0x00, 0x00, 0x1F, 0xFF,
    0x00, 0x2F, 0xFF, 0x00, 0x00, 0x00, 0x00, 0x00, 0x04, 0xFF, 0xD0, 0x0C, 0xFF, 0x40, 0x00, 0x00,
    0x0D, 0xFF, 0x30, 0x6F, 0xFB, 0x00, 0x00, 0x00, 0x00, 0x00, 0x00, 0xFF, 0xF1, 0x0F, 0xFF, 0x00,
    0x00, 0x00, 0x08, 0xFF, 0x70, 0xAF, 0xF7, 0x00, 0x00, 0x00, 0x00, 0x00, 0x00, 0xBF, 0xF4, 0x4F,
    0xFB, 0x00, 0x00, 0x00, 0x04, 0xFF, 0xB0, 0xEF, 0xF2, 0x00, 0x00, 0x00, 0x00, 0x00, 0x00, 0x7F,
    0xF8, 0x7F, 0xF7, 0x00, 0x00, 0x00, 0x00, 0xFF, 0xE1, 0xFF, 0xE0, 0x00, 0x00, 0x00, 0x00, 0x00,
    0x00, 0x3F, 0xFB, 0xBF, 0xF2, 0x00, 0x00, 0x00, 0x00, 0xBF, 0xF7, 0xFF, 0xA0, 0x00, 0x00, 0x00,
    0x00, 0x00, 0x00, 0x0E, 0xFE, 0xEF, 0xE0, 0x00, 0x00, 0x00, 0x00, 0x7F, 0xFD, 0xFF, 0x50, 0x00,
    0x00, 0x00, 0x00, 0x00, 0x00, 0x0A, 0xFF, 0xFF, 0xA0, 0x00, 0x00, 0x00, 0x00, 0x3F, 0xFF, 0xFF,
    0x10, 0x00, 0x00, 0x00, 0x00, 0x00, 0x00, 0x05, 0xFF, 0xFF, 0x50, 0x00, 0x00, 0x00, 0x00, 0x0E,
    0xFF, 0xFC, 0x00, 0x00, 0x00, 0x00, 0x00, 0x00, 0x00, 0x01, 0xFF, 0xFF, 0x10, 0x00, 0x00, 0x00,
    0x00, 0x0A, 0xFF, 0xF8, 0x00, 0x00, 0x00, 0x00, 0x2F, 0xFF, 0xC0, 0x00, 0x00, 0x00, 0x00, 0x00,
    0x01, 0xFF, 0xFB, 0x00, 0x06, 0xFF, 0xF7, 0x00, 0x00, 0x00, 0x00, 0x00, 0x0C, 0xFF, 0xE1, 0x00,
    0x00, 0xBF, 0xFF, 0x20, 0x00, 0x00, 0x00, 0x00, 0x7F, 0xFF, 0x50, 0x00, 0x00, 0x1E, 0xFF, 0xD0,
    0x00, 0x00, 0x00, 0x02, 0xFF, 0xF9, 0x00, 0x00, 0x00, 0x04, 0xFF, 0xF8, 0x00, 0x00, 0x00, 0x0D,
    0xFF, 0xD0, 0x00, 0x00, 0x00, 0x00, 0x9F, 0xFF, 0x30, 0x00, 0x00, 0x8F, 0xFF, 0x30, 0x00, 0x00,
    0x00, 0x00, 0x0D, 0xFF, 0xD0, 0x00, 0x03, 0xFF, 0xF8, 0x00, 0x00, 0x00, 0x00, 0x00, 0x03, 0xFF,
    0xF8, 0x00, 0x0D, 0xFF, 0xC0, 0x00, 0x00, 0x00, 0x00, 0x00, 0x00, 0x8F, 0xFF, 0x20, 0x7F, 0xFF,
    0x20, 0x00, 0x00, 0x00, 0x00, 0x00, 0x00, 0x0D, 0xFF, 0xB1, 0xFF, 0xF6, 0x00, 0x00, 0x00, 0x00,
    0x00, 0x00, 0x00, 0x02, 0xFF, 0xFC, 0xFF, 0xB0, 0x00, 0x00, 0x00, 0x00, 0x00, 0x00, 0x00, 0x00,
    0x7F, 0xFF, 0xFE, 0x10, 0x00, 0x00, 0x00, 0x00, 0x00, 0x00, 0x00, 0x00, 0x0C, 0xFF, 0xF6, 0x00,
    0x00, 0x00, 0x00, 0x00, 0x00, 0x00, 0x00, 0x00, 0x2F, 0xFF, 0xFD, 0x00, 0x00, 0x00, 0x00, 0x00,
    0x00, 0x00, 0x00, 0x00, 0xDF, 0xFF, 0xFF, 0x80, 0x00, 0x00, 0x00, 0x00, 0x00, 0x00, 0x00, 0x09,
    0xFF, 0xE6, 0xFF, 0xF4, 0x00, 0x00, 0x00, 0x00, 0x00, 0x00, 0x00, 0x4F, 0xFF, 0x50, 0xCF, 0xFE,
    0x00, 0x00, 0x00, 0x00, 0x00, 0x00, 0x01, 0xEF, 0xFB, 0x00, 0x3F, 0xFF, 0xA0, 0x00, 0x00, 0x00,
    0x00, 0x00, 0x0B, 0xFF, 0xF1, 0x00, 0x08, 0xFF, 0xF5, 0x00, 0x00, 0x00, 0x00, 0x00, 0x6F, 0xFF,
    0x50, 0x00, 0x00, 0xCF, 0xFE, 0x10, 0x00, 0x00, 0x00, 0x02, 0xFF, 0xFA, 0x00, 0x00, 0x00, 0x2F,
    0xFF, 0xB0, 0x00, 0x00, 0x00, 0x0C, 0xFF, 0xE1, 0x00, 0x00, 0x00, 0x06, 0xFF, 0xF6, 0x00, 0x00,
    0x00, 0x8F, 0xFF, 0x40, 0x00, 0x00, 0x00, 0x00, 0xBF, 0xFF, 0x20, 0x00, 0x03, 0xFF, 0xF8, 0x00,
    0x00, 0x00, 0x00, 0x00, 0x1E, 0xFF, 0xC0, 0x00, 0x0E, 0xFF, 0xD0, 0x00, 0x00, 0x00, 0x00, 0x00,
    0x05, 0xFF, 0xF8, 0x00, 0xAF, 0xFF, 0x20, 0x00, 0x00, 0x00, 0x00, 0x00, 0x00, 0xAF, 0xFF, 0x30,
    0x0C, 0xFF, 0xF2, 0x00, 0x00, 0x00, 0x00, 0x00, 0x00, 0x0A, 0xFF, 0xF3, 0x02, 0xFF, 0xFB, 0x00,
    0x00, 0x00, 0x00, 0x00, 0x00, 0x4F, 0xFF, 0x90, 0x00, 0x8F, 0xFF, 0x50, 0x00, 0x00, 0x00, 0x00,
    0x00, 0xDF, 0xFE, 0x00, 0x00, 0x0D, 0xFF, 0xE0, 0x00, 0x00, 0x00, 0x00, 0x07, 0xFF, 0xF5, 0x00,
    0x00, 0x04, 0xFF, 0xF8, 0x00, 0x00, 0x00, 0x00, 0x2F, 0xFF, 0xB0, 0x00, 0x00, 0x00, 0xAF, 0xFF,
    0x20, 0x00, 0x00, 0x00, 0xBF, 0xFF, 0x10, 0x00, 0x00, 0x00, 0x1E, 0xFF, 0xC0, 0x00, 0x00, 0x05,
    0xFF, 0xF7, 0x00, 0x00, 0x00, 0x00, 0x06, 0xFF, 0xF6, 0x00, 0x00, 0x0E, 0xFF, 0xD0, 0x00, 0x00,
    0x00, 0x00, 0x00, 0xCF, 0xFE, 0x10, 0x00, 0x8F, 0xFF, 0x30, 0x00, 0x00, 0x00, 0x00, 0x00, 0x2F,
    0xFF, 0x90, 0x02, 0xFF, 0xF9, 0x00, 0x00, 0x00, 0x00, 0x00, 0x00, 0x08, 0xFF, 0xF2, 0x0B, 0xFF,
    0xE0, 0x00, 0x00, 0x00, 0x00, 0x00, 0x00, 0x00, 0xDF, 0xFB, 0x3F, 0xFF, 0x50, 0x00, 0x00, 0x00,
    0x00, 0x00, 0x00, 0x00, 0x4F, 0xFF, 0xCF, 0xFB, 0x00, 0x00, 0x00, 0x00, 0x00, 0x00, 0x00, 0x00,
    0x0A, 0xFF, 0xFF, 0xF1, 0x00, 0x00, 0x00, 0x00, 0x00, 0x00, 0x00, 0x00, 0x01, 0xEF, 0xFF, 0x70,
    0x00, 0x00, 0x00, 0x00, 0x00, 0x00, 0x00, 0x00, 0x00, 0x8F, 0xFE, 0x00, 0x00, 0x00, 0x00, 0x00,
    0x00, 0x00, 0x00, 0x00, 0x00, 0x7F, 0xFE, 0x00, 0x00, 0x00, 0x00, 0x00, 0x00, 0x00, 0x00, 0x00,
    0x00, 0x7F, 0xFE, 0x00, 0x00, 0x00, 0x00, 0x00, 0x00, 0x00, 0x00, 0x00, 0x00, 0x7F, 0xFE, 0x00,
    0x00, 0x00, 0x00, 0x00, 0x00, 0x00, 0x00, 0x00, 0x00, 0x7F, 0xFE, 0x00, 0x00, 0x00, 0x00, 0x00,
    0x00, 0x00, 0x00, 0x00, 0x00, 0x7F, 0xFE, 0x00, 0x00, 0x00, 0x00, 0x00, 0x00, 0x00, 0x00, 0x00,
    0x00, 0x7F, 0xFE, 0x00, 0x00, 0x00, 0x00, 0x00, 0x00, 0x00, 0x00, 0x00, 0x00, 0x7F, 0xFE, 0x00,
    0x00, 0x00, 0x00, 0x00, 0x00, 0x00, 0x00, 0x00, 0x00, 0x7F, 0xFE, 0x00, 0x00, 0x00, 0x00, 0x00,
    0x00, 0x00, 0x00, 0x00, 0x00, 0x7F, 0xFE, 0x00, 0x00, 0x00, 0x00, 0x00, 0x00, 0x00, 0x00, 0x00,
    0x00, 0x7F, 0xFE, 0x00, 0x00, 0x00, 0x00, 0x00, 0xDF, 0xFF, 0xFF, 0xFF, 0xFF, 0xFF, 0xFF, 0xFF,
    0xFF, 0x50, 0xDF, 0xFF, 0xFF, 0xFF, 0xFF, 0xFF, 0xFF, 0xFF, 0xFF, 0x50, 0xBD, 0xDD, 0xDD, 0xDD,
    0xDD, 0xDD, 0xDD, 0xEF, 0xFF, 0x30, 0x00, 0x00, 0x00, 0x00, 0x00, 0x00, 0x00, 0xDF, 0xF9, 0x00,
    0x00, 0x00, 0x00, 0x00, 0x00, 0x00, 0x0A, 0xFF, 0xD0, 0x00, 0x00, 0x00, 0x00, 0x00, 0x00, 0x00,
    0x6F, 0xFF, 0x30, 0x00, 0x00, 0x00, 0x00, 0x00, 0x00, 0x02, 0xFF, 0xF8, 0x00, 0x00, 0x00, 0x00,
    0x00, 0x00, 0x00, 0x0C, 0xFF, 0xD0, 0x00, 0x00, 0x00, 0x00, 0x00, 0x00, 0x00, 0x7F, 0xFF, 0x30,
    0x00, 0x00, 0x00, 0x00, 0x00, 0x00, 0x02, 0xFF, 0xF8, 0x00, 0x00, 0x00, 0x00, 0x00, 0x00, 0x00,
    0x0C, 0xFF, 0xD0, 0x00, 0x00, 0x00, 0x00, 0x00, 0x00, 0x00, 0x7F, 0xFF, 0x20, 0x00, 0x00, 0x00,
    0x00, 0x00, 0x00, 0x02, 0xFF, 0xF7, 0x00, 0x00, 0x00, 0x00, 0x00, 0x00, 0x00, 0x0C, 0xFF, 0xC0,
    0x00, 0x00, 0x00, 0x00, 0x00, 0x00, 0x00, 0x7F, 0xFF, 0x20, 0x00, 0x00, 0x00, 0x00, 0x00, 0x00,
    0x03, 0xFF, 0xF7, 0x00, 0x00, 0x00, 0x00, 0x00, 0x00, 0x00, 0x0D, 0xFF, 0xC0, 0x00, 0x00, 0x00,
    0x00, 0x00, 0x00, 0x00, 0x8F, 0xFF, 0x20, 0x00, 0x00, 0x00, 0x00, 0x00, 0x00, 0x03, 0xFF, 0xF6,
    0x00, 0x00, 0x00, 0x00, 0x00, 0x00, 0x00, 0x0D, 0xFF, 0xB0, 0x00, 0x00, 0x00, 0x00, 0x00, 0x00,
    0x00, 0x8F, 0xFE, 0x10, 0x00, 0x00, 0x00, 0x00, 0x00, 0x00, 0x03, 0xFF, 0xF5, 0x00, 0x00, 0x00,
    0x00, 0x00, 0x00, 0x00, 0x0D, 0xFF, 0x90, 0x00, 0x00, 0x00, 0x00, 0x00, 0x00, 0x00, 0x8F, 0xFF,
    0xDD, 0xDD, 0xDD, 0xDD, 0xDD, 0xDD, 0xDD, 0x60, 0xBF, 0xFF, 0xFF, 0xFF, 0xFF, 0xFF, 0xFF, 0xFF,
    0xFF, 0x80, 0xBF, 0xFF, 0xFF, 0xFF, 0xFF, 0xFF, 0xFF, 0xFF, 0xFF, 0x80, 0x0D, 0xDD, 0xDD, 0xDC,
    0x0F, 0xFF, 0xFF, 0xFF, 0x0F, 0xFF, 0xFF, 0xFF, 0x0F, 0xFF, 0x00, 0x00, 0x0F, 0xFF, 0x00, 0x00,
    0x0F, 0xFF, 0x00, 0x00, 0x0F, 0xFF, 0x00, 0x00, 0x0F, 0xFF, 0x00, 0x00, 0x0F, 0xFF, 0x00, 0x00,
    0x0F, 0xFF, 0x00, 0x00, 0x0F, 0xFF, 0x00, 0x00, 0x0F, 0xFF, 0x00, 0x00, 0x0F, 0xFF, 0x00, 0x00,
    0x0F, 0xFF, 0x00, 0x00, 0x0F, 0xFF, 0x00, 0x00, 0x0F, 0xFF, 0x00, 0x00, 0x0F, 0xFF, 0x00, 0x00,
    0x0F, 0xFF, 0x00, 0x00, 0x0F, 0xFF, 0x00, 0x00, 0x0F, 0xFF, 0x00, 0x00, 0x0F, 0xFF, 0x00, 0x00,
    0x0F, 0xFF, 0x00, 0x00, 0x0F, 0xFF, 0x00, 0x00, 0x0F, 0xFF, 0x00, 0x00, 0x0F, 0xFF, 0x00, 0x00,
    0x0F, 0xFF, 0x00, 0x00, 0x0F, 0xFF, 0x00, 0x00, 0x0F, 0xFF, 0x00, 0x00, 0x0F, 0xFF, 0x00, 0x00,
    0x0F, 0xFF, 0x00, 0x00, 0x0F, 0xFF, 0xDD, 0xDC, 0x0F, 0xFF, 0xFF, 0xFF, 0x0F, 0xFF, 0xFF, 0xFF,
    0x08, 0x86, 0x00, 0x00, 0x00, 0x00, 0x00, 0x0E, 0xFF, 0x00, 0x00, 0x00, 0x00, 0x00, 0x0A, 0xFF,
    0x40, 0x00, 0x00, 0x00, 0x00, 0x06, 0xFF, 0x80, 0x00, 0x00, 0x00, 0x00, 0x01, 0xFF, 0xC0, 0x00,
    0x00, 0x00, 0x00, 0x00, 0xDF, 0xF1, 0x00, 0x00, 0x00, 0x00, 0x00, 0x9F, 0xF5, 0x00, 0x00, 0x00,
    0x00, 0x00, 0x5F, 0xF9, 0x00, 0x00, 0x00, 0x00, 0x00, 0x0F, 0xFE, 0x00, 0x00, 0x00, 0x00, 0x00,
    0x0C, 0xFF, 0x20, 0x00, 0x00, 0x00, 0x00, 0x08, 0xFF, 0x60, 0x00, 0x00, 0x00, 0x00, 0x03, 0xFF,
    0xA0, 0x00, 0x00, 0x00, 0x00, 0x00, 0xFF, 0xE0, 0x00, 0x00, 0x00, 0x00, 0x00, 0xBF, 0xF3, 0x00,
    0x00, 0x00, 0x00, 0x00, 0x7F, 0xF7, 0x00, 0x00, 0x00, 0x00, 0x00, 0x2F, 0xFC, 0x00, 0x00, 0x00,
    0x00, 0x00, 0x0E, 0xFF, 0x00, 0x00, 0x00, 0x00, 0x00, 0x0A, 0xFF, 0x40, 0x00, 0x00, 0x00, 0x00,
    0x05, 0xFF, 0x80, 0x00, 0x00, 0x00, 0x00, 0x01, 0xFF, 0xD0, 0x00, 0x00, 0x00, 0x00, 0x00, 0xDF,
    0xF1, 0x00, 0x00, 0x00, 0x00, 0x00, 0x9F, 0xF5, 0x00, 0x00, 0x00, 0x00, 0x00, 0x4F, 0xFA, 0x00,
    0x00, 0x00, 0x00, 0x00, 0x0F, 0xFE, 0x00, 0x00, 0x00, 0x00, 0x00, 0x0C, 0xFF, 0x20, 0x00, 0x00,
    0x00, 0x00, 0x07, 0xFF, 0x60, 0x00, 0x00, 0x00, 0x00, 0x03, 0xFF, 0xB0, 0x00, 0x00, 0x00, 0x00,
    0x00, 0xFF, 0xF0, 0x00, 0x00, 0x00, 0x00, 0x00, 0xBF, 0xF3, 0x00, 0x00, 0x00, 0x00, 0x00, 0x6F,
    0xF8, 0x00, 0x00, 0x00, 0x00, 0x00, 0x2F, 0xFC, 0x00, 0x00, 0x00, 0x00, 0x00, 0x0E, 0xFF, 0x00,
    0xBD, 0xDD, 0xDD, 0xD2, 0xDF, 0xFF, 0xFF, 0xF2, 0xDF, 0xFF, 0xFF, 0xF2, 0x00, 0x00, 0xDF, 0xF2,
    0x00, 0x00, 0xDF, 0xF2, 0x00, 0x00, 0xDF, 0xF2, 0x00, 0x00, 0xDF, 0xF2, 0x00, 0x00, 0xDF, 0xF2,
    0x00, 0x00, 0xDF, 0xF2, 0x00, 0x00, 0xDF, 0xF2, 0x00, 0x00, 0xDF, 0xF2, 0x00, 0x00, 0xDF, 0xF2,
    0x00, 0x00, 0xDF, 0xF2, 0x00, 0x00, 0xDF, 0xF2, 0x00, 0x00, 0xDF, 0xF2, 0x00, 0x00, 0xDF, 0xF2,
    0x00, 0x00, 0xDF, 0xF2, 0x00, 0x00, 0xDF, 0xF2, 0x00, 0x00, 0xDF, 0xF2, 0x00, 0x00, 0xDF, 0xF2,
    0x00, 0x00, 0xDF, 0xF2, 0x00, 0x00, 0xDF, 0xF2, 0x00, 0x00, 0xDF, 0xF2, 0x00, 0x00, 0xDF, 0xF2,
    0x00, 0x00, 0xDF, 0xF2, 0x00, 0x00, 0xDF, 0xF2, 0x00, 0x00, 0xDF, 0xF2, 0x00, 0x00, 0xDF, 0xF2,
    0x00, 0x00, 0xDF, 0xF2, 0x00, 0x00, 0xDF, 0xF2, 0xBD, 0xDD, 0xFF, 0xF2, 0xDF, 0xFF, 0xFF, 0xF2,
    0xDF, 0xFF, 0xFF, 0xF2, 0x00, 0x00, 0x08, 0xFF, 0xF7, 0x00, 0x00, 0x00, 0x00, 0x00, 0x0E, 0xFF,
    0xFE, 0x00, 0x00, 0x00, 0x00, 0x00, 0x7F, 0xFF, 0xFF, 0x60, 0x00, 0x00, 0x00, 0x00, 0xEF, 0xF3,
    0xFF, 0xE0, 0x00, 0x00, 0x00, 0x06, 0xFF, 0x90, 0x9F, 0xF6, 0x00, 0x00, 0x00, 0x0E, 0xFF, 0x20,
    0x2F, 0xFD, 0x00, 0x00, 0x00, 0x6F, 0xFA, 0x00, 0x0B, 0xFF, 0x50, 0x00, 0x00, 0xDF, 0xF3, 0x00,
    0x03, 0xFF, 0xD0, 0x00, 0x05, 0xFF, 0xB0, 0x00, 0x00, 0xCF, 0xF5, 0x00, 0x0D, 0xFF, 0x40, 0x00,
    0x00, 0x4F, 0xFC, 0x00, 0x5F, 0xFD, 0x00, 0x00, 0x00, 0x0D, 0xFF, 0x40, 0xDD, 0xDD, 0xDD, 0xDD,
    0xDD, 0xDD, 0xDD, 0xDD, 0x50, 0xFF, 0xFF, 0xFF, 0xFF, 0xFF, 0xFF, 0xFF, 0xFF, 0x60, 0xFF, 0xFF,
    0xFF, 0xFF, 0xFF, 0xFF, 0xFF, 0xFF, 0x60, 0x1E, 0xFF, 0x60, 0x00, 0x05, 0xFF, 0xE0, 0x00, 0x00,
    0xAF, 0xF6, 0x00, 0x00, 0x1E, 0xFD, 0x00, 0x00, 0x04, 0xFF, 0x60, 0x00, 0x00, 0x05, 0xAD, 0xFF,
    0xEB, 0x60, 0x00, 0x00, 0x00, 0x04, 0xEF, 0xFF, 0xFF, 0xFF, 0xFE, 0x30, 0x00, 0x00, 0x5F, 0xFF,
    0xFF, 0xED, 0xFF, 0xFF, 0xF2, 0x00, 0x02, 0xFF, 0xFE, 0x70, 0x00, 0x05, 0xEF, 0xFB, 0x00, 0x0A,
    0xFF, 0xE2, 0x00, 0x00, 0x00, 0x4F, 0xFF, 0x10, 0x00, 0x49, 0x50, 0x00, 0x00, 0x00, 0x0D, 0xFF,
    0x40, 0x00, 0x00, 0x00, 0x00, 0x00, 0x00, 0x0B, 0xFF, 0x60, 0x00, 0x00, 0x00, 0x00, 0x00, 0x00,
    0x3F, 0xFF, 0x70, 0x00, 0x00, 0x01, 0x46, 0x9B, 0xDF, 0xFF, 0xFF, 0x70, 0x00, 0x06, 0xCF, 0xFF,
    0xFF, 0xFF, 0xFF, 0xFF, 0x70, 0x01, 0xCF, 0xFF, 0xFF, 0xFE, 0xC9, 0x6C, 0xFF, 0x70, 0x0B, 0xFF,
    0xFC, 0x63, 0x00, 0x00, 0x0B, 0xFF, 0x70, 0x2F, 0xFF, 0x70, 0x00, 0x00, 0x00, 0x0B, 0xFF, 0x70,
    0x5F, 0xFE, 0x00, 0x00, 0x00, 0x00, 0x0D, 0xFF, 0x70, 0x5F, 0xFC, 0x00, 0x00, 0x00, 0x00, 0x3F,
    0xFF, 0x70, 0x3F, 0xFF, 0x10, 0x00, 0x00, 0x01, 0xDF, 0xFF, 0x70, 0x0E, 0xFF, 0xD5, 0x00, 0x00,
    0x6E, 0xFF, 0xFF, 0x70, 0x05, 0xFF, 0xFF, 0xFD, 0xEF, 0xFF, 0xBA, 0xFF, 0x70, 0x00, 0x6F, 0xFF,
    0xFF, 0xFF, 0xFB, 0x0A, 0xFF, 0x70, 0x00, 0x01, 0x8C, 0xEF, 0xEB, 0x50, 0x0A, 0xFF, 0x70, 0x3F,
    0xFF, 0x00, 0x00, 0x00, 0x00, 0x00, 0x00, 0x00, 0x00, 0x3F, 0xFF, 0x00, 0x00, 0x00, 0x00, 0x00,
    0x00, 0x00, 0x00, 0x3F, 0xFF, 0x00, 0x00, 0x00, 0x00, 0x00, 0x00, 0x00, 0x00, 0x3F, 0xFF, 0x00,
    0x00, 0x00, 0x00, 0x00, 0x00, 0x00, 0x00, 0x3F, 0xFF, 0x00, 0x00, 0x00, 0x00, 0x00, 0x00, 0x00,
    0x00, 0x3F, 0xFF, 0x00, 0x00, 0x00, 0x00, 0x00, 0x00, 0x00, 0x00, 0x3F, 0xFF, 0x00, 0x29, 0xDF,
    0xFD, 0x92, 0x00, 0x00, 0x00, 0x3F, 0xFF, 0x05, 0xFF, 0xFF, 0xFF, 0xFF, 0x90, 0x00, 0x00, 0x3F,
    0xFF, 0x3F, 0xFF, 0xED, 0xFF, 0xFF, 0xFA, 0x00, 0x00, 0x3F, 0xFF, 0xDF, 0xA2, 0x00, 0x04, 0xCF,
    0xFF, 0x70, 0x00, 0x3F, 0xFF, 0xF9, 0x00, 0x00, 0x00, 0x0B, 0xFF, 0xF1, 0x00, 0x3F, 0xFF, 0xD0,
    0x00, 0x00, 0x00, 0x01, 0xFF, 0xF7, 0x00, 0x3F, 0xFF, 0x70, 0x00, 0x00, 0x00, 0x00, 0x9F, 0xFC,
    0x00, 0x3F, 0xFF, 0x20, 0x00, 0x00, 0x00, 0x00, 0x4F, 0xFF, 0x00, 0x3F, 0xFF, 0x00, 0x00, 0x00,
    0x00, 0x00, 0x1F, 0xFF, 0x20, 0x3F, 0xFE, 0x00, 0x00, 0x00, 0x00, 0x00, 0x0F, 0xFF, 0x30, 0x3F,
    0xFE, 0x00, 0x00, 0x00, 0x00, 0x00, 0x0F, 0xFF, 0x30, 0x3F, 0xFF, 0x00, 0x00, 0x00, 0x00, 0x00,
    0x2F, 0xFF, 0x20, 0x3F, 0xFF, 0x30, 0x00, 0x00, 0x00, 0x00, 0x5F, 0xFF, 0x00, 0x3F, 0xFF, 0x70,
    0x00, 0x00, 0x00, 0x00, 0x9F, 0xFC, 0x00, 0x3F, 0xFF, 0xE0, 0x00, 0x00, 0x00, 0x02, 0xFF, 0xF7,
    0x00, 0x3F, 0xFF, 0xFA, 0x00, 0x00, 0x00, 0x0C, 0xFF, 0xF1, 0x00, 0x3F, 0xFE, 0xDF, 0xB2, 0x00,
    0x04, 0xCF, 0xFF, 0x70, 0x00, 0x3F, 0xFD, 0x3F, 0xFF, 0xED, 0xFF, 0xFF, 0xFA, 0x00, 0x00, 0x3F,
    0xFD, 0x04, 0xFF, 0xFF, 0xFF, 0xFF, 0x90, 0x00, 0x00, 0x3F, 0xFD, 0x00, 0x29, 0xDF, 0xFD, 0x92,
    0x00, 0x00, 0x00, 0x00, 0x00, 0x00, 0x6B, 0xEF, 0xFD, 0x93, 0x00, 0x00, 0x00, 0x00, 0x5E, 0xFF,
    0xFF, 0xFF, 0xFF, 0xB1, 0x00, 0x00, 0x07, 0xFF, 0xFF, 0xFD, 0xEF, 0xFF, 0xFE, 0x10, 0x00, 0x4F,
    0xFF, 0xD4, 0x00, 0x01, 0x8F, 0xFF, 0xC0, 0x00, 0xDF, 0xFD, 0x10, 0x00, 0x00, 0x05, 0xFF, 0xF5,
    0x05, 0xFF, 0xF2, 0x00, 0x00, 0x00, 0x00, 0xAF, 0xC5, 0x0B, 0xFF, 0xA0, 0x00, 0x00, 0x00, 0x00,
    0x10, 0x00, 0x0E, 0xFF, 0x60, 0x00, 0x00, 0x00, 0x00, 0x00, 0x00, 0x1F, 0xFF, 0x20, 0x00, 0x00,
    0x00, 0x00, 0x00, 0x00, 0x2F, 0xFF, 0x10, 0x00, 0x00, 0x00, 0x00, 0x00, 0x00, 0x2F, 0xFF, 0x10,
    0x00, 0x00, 0x00, 0x00, 0x00, 0x00, 0x1F, 0xFF, 0x20, 0x00, 0x00, 0x00, 0x00, 0x00, 0x00, 0x0F,
    0xFF, 0x50, 0x00, 0x00, 0x00, 0x00, 0x00, 0x00, 0x0B, 0xFF, 0xA0, 0x00, 0x00, 0x00, 0x00, 0x12,
    0x00, 0x05, 0xFF, 0xF2, 0x00, 0x00, 0x00, 0x00, 0x9F, 0xE7, 0x00, 0xDF, 0xFD, 0x10, 0x00, 0x00,
    0x04, 0xFF, 0xF6, 0x00, 0x3F, 0xFF, 0xD5, 0x00, 0x01, 0x8F, 0xFF, 0xD0, 0x00, 0x06, 0xFF, 0xFF,
    0xFD, 0xEF, 0xFF, 0xFE, 0x20, 0x00, 0x00, 0x4E, 0xFF, 0xFF, 0xFF, 0xFF, 0xB1, 0x00, 0x00, 0x00,
    0x00, 0x6B, 0xEF, 0xFD, 0x93, 0x00, 0x00, 0x00, 0x00, 0x00, 0x00, 0x00, 0x00, 0x00, 0x0E, 0xFF,
    0x40, 0x00, 0x00, 0x00, 0x00, 0x00, 0x00, 0x00, 0x0E, 0xFF, 0x40, 0x00, 0x00, 0x00, 0x00, 0x00,
    0x00, 0x00, 0x0E, 0xFF, 0x40, 0x00, 0x00, 0x00, 0x00, 0x00, 0x00, 0x00, 0x0E, 0xFF, 0x40, 0x00,
    0x00, 0x00, 0x00, 0x00, 0x00, 0x00, 0x0E, 0xFF, 0x40, 0x00, 0x00, 0x00, 0x00, 0x00, 0x00, 0x00,
    0x0E, 0xFF, 0x40, 0x00, 0x00, 0x02, 0x9D, 0xFF, 0xD9, 0x20, 0x0E, 0xFF, 0x40, 0x00, 0x00, 0x8F,
    0xFF, 0xFF, 0xFF, 0xF5, 0x0E, 0xFF, 0x40, 0x00, 0x0A, 0xFF, 0xFF, 0xFD, 0xEF, 0xFF, 0x3E, 0xFF,
    0x40, 0x00, 0x6F, 0xFF, 0xC4, 0x00, 0x02, 0xAF, 0xDF, 0xFF, 0x40, 0x01, 0xFF, 0xFC, 0x00, 0x00,
    0x00, 0x08, 0xFF, 0xFF, 0x40, 0x07, 0xFF, 0xF2, 0x00, 0x00, 0x00, 0x00, 0xDF, 0xFF, 0x40, 0x0B,
    0xFF, 0x90, 0x00, 0x00, 0x00, 0x00, 0x6F, 0xFF, 0x40, 0x0F, 0xFF, 0x50, 0x00, 0x00, 0x00, 0x00,
    0x2F, 0xFF, 0x40, 0x1F, 0xFF, 0x20, 0x00, 0x00, 0x00, 0x00, 0x0F, 0xFF, 0x40, 0x2F, 0xFF, 0x10,
    0x00, 0x00, 0x00, 0x00, 0x0E, 0xFF, 0x40, 0x2F, 0xFF, 0x10, 0x00, 0x00, 0x00, 0x00, 0x0E, 0xFF,
    0x40, 0x1F, 0xFF, 0x20, 0x00, 0x00, 0x00, 0x00, 0x0F, 0xFF, 0x40, 0x0F, 0xFF, 0x60, 0x00, 0x00,
    0x00, 0x00, 0x2F, 0xFF, 0x40, 0x0B, 0xFF, 0xA0, 0x00, 0x00, 0x00, 0x00, 0x7F, 0xFF, 0x40, 0x06,
    0xFF, 0xF2, 0x00, 0x00, 0x00, 0x00, 0xDF, 0xFF, 0x40, 0x01, 0xFF, 0xFC, 0x10, 0x00, 0x00, 0x09,
    0xFF, 0xFF, 0x40, 0x00, 0x6F, 0xFF, 0xD4, 0x00, 0x02, 0xAF, 0xDE, 0xFF, 0x40, 0x00, 0x0A, 0xFF,
    0xFF, 0xFD, 0xEF, 0xFF, 0x3C, 0xFF, 0x40, 0x00, 0x00, 0x8F, 0xFF, 0xFF, 0xFF, 0xF5, 0x0C, 0xFF,
    0x40, 0x00, 0x00, 0x02, 0x9D, 0xFF, 0xD9, 0x20, 0x0C, 0xFF, 0x40, 0x00, 0x00, 0x00, 0x7B, 0xEF,
    0xEC, 0x82, 0x00, 0x00, 0x00, 0x00, 0x00, 0x4E, 0xFF, 0xFF, 0xFF, 0xFF, 0x90, 0x00, 0x00, 0x00,
    0x06, 0xFF, 0xFF, 0xFD, 0xEF, 0xFF, 0xFC, 0x00, 0x00, 0x00, 0x3F, 0xFF, 0xC4, 0x00, 0x01, 0x8F,
    0xFF, 0xA0, 0x00, 0x00, 0xDF, 0xF9, 0x00, 0x00, 0x00, 0x06, 0xFF, 0xF3, 0x00, 0x05, 0xFF, 0xD0,
    0x00, 0x00, 0x00, 0x00, 0xBF, 0xF9, 0x00, 0x0B, 0xFF, 0x60, 0x00, 0x00, 0x00, 0x00, 0x4F, 0xFE,
    0x00, 0x0E, 0xFF, 0x20, 0x00, 0x00, 0x00, 0x00, 0x1F, 0xFF, 0x10, 0x1F, 0xFF, 0xFF, 0xFF, 0xFF,
    0xFF, 0xFF, 0xFF, 0xFF, 0x20, 0x2F, 0xFF, 0xFF, 0xFF, 0xFF, 0xFF, 0xFF, 0xFF, 0xFF, 0x30, 0x2F,
    0xFF, 0xDD, 0xDD, 0xDD, 0xDD, 0xDD, 0xDD, 0xDD, 0x30, 0x1F, 0xFF, 0x10, 0x00, 0x00, 0x00, 0x00,
    0x00, 0x00, 0x00, 0x0F, 0xFF, 0x40, 0x00, 0x00, 0x00, 0x00, 0x00, 0x00, 0x00, 0x0B, 0xFF, 0x80,
    0x00, 0x00, 0x00, 0x00, 0x00, 0x00, 0x00, 0x06, 0xFF, 0xF1, 0x00, 0x00, 0x00, 0x00, 0x4A, 0x61,
    0x00, 0x00, 0xDF, 0xFC, 0x00, 0x00, 0x00, 0x01, 0xDF, 0xFB, 0x00, 0x00, 0x3F, 0xFF, 0xD5, 0x00,
    0x00, 0x5E, 0xFF, 0xF3, 0x00, 0x00, 0x06, 0xFF, 0xFF, 0xFD, 0xEF, 0xFF, 0xFF, 0x70, 0x00, 0x00,
    0x00, 0x4E, 0xFF, 0xFF, 0xFF, 0xFF, 0xE5, 0x00, 0x00, 0x00, 0x00, 0x00, 0x6B, 0xEF, 0xFE, 0xB6,
    0x00, 0x00, 0x00, 0x00, 0x00, 0x00, 0x05, 0xAC, 0xCA, 0x50, 0x00, 0x00, 0x02, 0xDF, 0xFF, 0xFF,
    0x70, 0x00, 0x00, 0x0E, 0xFF, 0xFF, 0xFF, 0x20, 0x00, 0x00, 0x7F, 0xFF, 0x71, 0x03, 0x00, 0x00,
    0x00, 0xAF, 0xFA, 0x00, 0x00, 0x00, 0x00, 0x00, 0xCF, 0xF7, 0x00, 0x00, 0x00, 0x00, 0x00, 0xCF,
    0xF6, 0x00, 0x00, 0x00, 0x00, 0x00, 0xCF, 0xF6, 0x00, 0x00, 0x00, 0xAF, 0xFF, 0xFF, 0xFF, 0xFF,
    0xFE, 0x00, 0xAF, 0xFF, 0xFF, 0xFF, 0xFF, 0xFE, 0x00, 0x8D, 0xDD, 0xFF, 0xFE, 0xDD, 0xDC, 0x00,
    0x00, 0x00, 0xCF, 0xF6, 0x00, 0x00, 0x00, 0x00, 0x00, 0xCF, 0xF6, 0x00, 0x00, 0x00, 0x00, 0x00,
    0xCF, 0xF6, 0x00, 0x00, 0x00, 0x00, 0x00, 0xCF, 0xF6, 0x00, 0x00, 0x00, 0x00, 0x00, 0xCF, 0xF6,
    0x00, 0x00, 0x00, 0x00, 0x00, 0xCF, 0xF6, 0x00, 0x00, 0x00, 0x00, 0x00, 0xCF, 0xF6, 0x00, 0x00,
    0x00, 0x00, 0x00, 0xCF, 0xF6, 0x00, 0x00, 0x00, 0x00, 0x00, 0xCF, 0xF6, 0x00, 0x00, 0x00, 0x00,
    0x00, 0xCF, 0xF6, 0x00, 0x00, 0x00, 0x00, 0x00, 0xCF, 0xF6, 0x00, 0x00, 0x00, 0x00, 0x00, 0xCF,
    0xF6, 0x00, 0x00, 0x00, 0x00, 0x00, 0xCF, 0xF6, 0x00, 0x00, 0x00, 0x00, 0x00, 0xCF, 0xF6, 0x00,
    0x00, 0x00, 0x00, 0x00, 0xCF, 0xF6, 0x00, 0x00, 0x00, 0x00, 0x00, 0xCF, 0xF6, 0x00, 0x00, 0x00,
    0x00, 0x00, 0xCF, 0xF6, 0x00, 0x00, 0x00, 0x00, 0x00, 0x01, 0x8C, 0xFF, 0xD9, 0x20, 0x0C, 0xFF,
    0x40, 0x00, 0x00, 0x7F, 0xFF, 0xFF, 0xFF, 0xF5, 0x0C, 0xFF, 0x40, 0x00, 0x08, 0xFF, 0xFF, 0xFD,
    0xEF, 0xFF, 0x3C, 0xFF, 0x40, 0x00, 0x5F, 0xFF, 0xD4, 0x00, 0x02, 0xAF, 0xDE, 0xFF, 0x40, 0x00,
    0xEF, 0xFD, 0x10, 0x00, 0x00, 0x08, 0xFF, 0xFF, 0x40, 0x06, 0xFF, 0xF2, 0x00, 0x00, 0x00, 0x00,
    0xDF, 0xFF, 0x40, 0x0B, 0xFF, 0xA0, 0x00, 0x00, 0x00, 0x00, 0x6F, 0xFF, 0x40, 0x0E, 0xFF, 0x60,
    0x00, 0x00, 0x00, 0x00, 0x2F, 0xFF, 0x40, 0x1F, 0xFF, 0x20, 0x00, 0x00, 0x00, 0x00, 0x0F, 0xFF,
    0x40, 0x2F, 0xFF, 0x10, 0x00, 0x00, 0x00, 0x00, 0x0D, 0xFF, 0x40, 0x2F, 0xFF, 0x10, 0x00, 0x00,
    0x00, 0x00, 0x0D, 0xFF, 0x40, 0x1F, 0xFF, 0x20, 0x00, 0x00, 0x00, 0x00, 0x0E, 0xFF, 0x40, 0x0F,
    0xFF, 0x40, 0x00, 0x00, 0x00, 0x00, 0x1F, 0xFF, 0x40, 0x0C, 0xFF, 0x90, 0x00, 0x00, 0x00, 0x00,
    0x5F, 0xFF, 0x40, 0x07, 0xFF, 0xF1, 0x00, 0x00, 0x00, 0x00, 0xCF, 0xFF, 0x40, 0x01, 0xFF, 0xFB,
    0x00, 0x00, 0x00, 0x07, 0xFF, 0xFF, 0x40, 0x00, 0x8F, 0xFF, 0xC3, 0x00, 0x02, 0x9F, 0xEF, 0xFF,
    0x40, 0x00, 0x0B, 0xFF, 0xFF, 0xFD, 0xEF, 0xFF, 0x4D, 0xFF, 0x40, 0x00, 0x00, 0x9F, 0xFF, 0xFF,
    0xFF, 0xF6, 0x0D, 0xFF, 0x40, 0x00, 0x00, 0x02, 0x9D, 0xFF, 0xEA, 0x30, 0x0D, 0xFF, 0x40, 0x00,
    0x00, 0x00, 0x00, 0x00, 0x00, 0x00, 0x0E, 0xFF, 0x40, 0x00, 0x00, 0x00, 0x00, 0x00, 0x00, 0x00,
    0x1F, 0xFF, 0x20, 0x00, 0x3B, 0xC1, 0x00, 0x00, 0x00, 0x00, 0xAF, 0xFD, 0x00, 0x01, 0xFF, 0xFE,
    0x61, 0x00, 0x00, 0x5C, 0xFF, 0xF6, 0x00, 0x00, 0x5F, 0xFF, 0xFF, 0xED, 0xEF, 0xFF, 0xFF, 0x90,
    0x00, 0x00, 0x03, 0xDF, 0xFF, 0xFF, 0xFF, 0xFF, 0xF7, 0x00, 0x00, 0x00, 0x00, 0x05, 0xAD, 0xFF,
    0xFD, 0xA6, 0x10, 0x00, 0x00, 0x3F, 0xFF, 0x00, 0x00, 0x00, 0x00, 0x00, 0x00, 0x00, 0x3F, 0xFF,
    0x00, 0x00, 0x00, 0x00, 0x00, 0x00, 0x00, 0x3F, 0xFF, 0x00, 0x00, 0x00, 0x00, 0x00, 0x00, 0x00,
    0x3F, 0xFF, 0x00, 0x00, 0x00, 0x00, 0x00, 0x00, 0x00, 0x3F, 0xFF, 0x00, 0x00, 0x00, 0x00, 0x00,
    0x00, 0x00, 0x3F, 0xFF, 0x00, 0x00, 0x00, 0x00, 0x00, 0x00, 0x00, 0x3F, 0xFF, 0x00, 0x29, 0xDF,
    0xFD, 0x81, 0x00, 0x00, 0x3F, 0xFF, 0x07, 0xFF, 0xFF, 0xFF, 0xFF, 0x40, 0x00, 0x3F, 0xFF, 0x5F,
    0xFF, 0xDE, 0xFF, 0xFF, 0xF3, 0x00, 0x3F, 0xFF, 0xEF, 0x60, 0x00, 0x19, 0xFF, 0xFB, 0x00, 0x3F,
    0xFF, 0xF2, 0x00, 0x00, 0x00, 0x9F, 0xFF, 0x10, 0x3F, 0xFF, 0x70, 0x00, 0x00, 0x00, 0x1F, 0xFF,
    0x50, 0x3F, 0xFF, 0x20, 0x00, 0x00, 0x00, 0x0C, 0xFF, 0x70, 0x3F, 0xFF, 0x00, 0x00, 0x00, 0x00,
    0x0B, 0xFF, 0x80, 0x3F, 0xFF, 0x00, 0x00, 0x00, 0x00, 0x0A, 0xFF, 0x80, 0x3F, 0xFF, 0x00, 0x00,
    0x00, 0x00, 0x0A, 0xFF, 0x80, 0x3F, 0xFF, 0x00, 0x00, 0x00, 0x00, 0x0A, 0xFF, 0x80, 0x3F, 0xFF,
    0x00, 0x00, 0x00, 0x00, 0x0A, 0xFF, 0x80, 0x3F, 0xFF, 0x00, 0x00, 0x00, 0x00, 0x0A, 0xFF, 0x80,
    0x3F, 0xFF, 0x00, 0x00, 0x00, 0x00, 0x0A, 0xFF, 0x80, 0x3F, 0xFF, 0x00, 0x00, 0x00, 0x00, 0x0A,
    0xFF, 0x80, 0x3F, 0xFF, 0x00, 0x00, 0x00, 0x00, 0x0A, 0xFF, 0x80, 0x3F, 0xFF, 0x00, 0x00, 0x00,
    0x00, 0x0A, 0xFF, 0x80, 0x3F, 0xFF, 0x00, 0x00, 0x00, 0x00, 0x0A, 0xFF, 0x80, 0x3F, 0xFF, 0x00,
    0x00, 0x00, 0x00, 0x0A, 0xFF, 0x80, 0x3F, 0xFF, 0x00, 0x00, 0x00, 0x00, 0x0A, 0xFF, 0x80, 0x2C,
    0xFA, 0x00, 0xBF, 0xFF, 0x70, 0xBF, 0xFF, 0x70, 0x2C, 0xFA, 0x00, 0x00, 0x00, 0x00, 0x00, 0x00,
    0x00, 0x00, 0x00, 0x00, 0x3F, 0xFF, 0x00, 0x3F, 0xFF, 0x00, 0x3F, 0xFF, 0x00, 0x3F, 0xFF, 0x00,
    0x3F, 0xFF, 0x00, 0x3F, 0xFF, 0x00, 0x3F, 0xFF, 0x00, 0x3F, 0xFF, 0x00, 0x3F, 0xFF, 0x00, 0x3F,
    0xFF, 0x00, 0x3F, 0xFF, 0x00, 0x3F, 0xFF, 0x00, 0x3F, 0xFF, 0x00, 0x3F, 0xFF, 0x00, 0x3F, 0xFF,
    0x00, 0x3F, 0xFF, 0x00, 0x3F, 0xFF, 0x00, 0x3F, 0xFF, 0x00, 0x3F, 0xFF, 0x00, 0x3F, 0xFF, 0x00,
    0x00, 0x02, 0xCF, 0xA0, 0x00, 0x0B, 0xFF, 0xF7, 0x00, 0x0B, 0xFF, 0xF7, 0x00, 0x02, 0xCF, 0xA0,
    0x00, 0x00, 0x00, 0x00, 0x00, 0x00, 0x00, 0x00, 0x00, 0x00, 0x00, 0x00, 0x00, 0x03, 0xFF, 0xF0,
    0x00, 0x03, 0xFF, 0xF0, 0x00, 0x03, 0xFF, 0xF0, 0x00, 0x03, 0xFF, 0xF0, 0x00, 0x03, 0xFF, 0xF0,
    0x00, 0x03, 0xFF, 0xF0, 0x00, 0x03, 0xFF, 0xF0, 0x00, 0x03, 0xFF, 0xF0, 0x00, 0x03, 0xFF, 0xF0,
    0x00, 0x03, 0xFF, 0xF0, 0x00, 0x03, 0xFF, 0xF0, 0x00, 0x03, 0xFF, 0xF0, 0x00, 0x03, 0xFF, 0xF0,
    0x00, 0x03, 0xFF, 0xF0, 0x00, 0x03, 0xFF, 0xF0, 0x00, 0x03, 0xFF, 0xF0, 0x00, 0x03, 0xFF, 0xF0,
    0x00, 0x03, 0xFF, 0xF0, 0x00, 0x03, 0xFF, 0xF0, 0x00, 0x03, 0xFF, 0xF0, 0x00, 0x03, 0xFF, 0xF0,
    0x00, 0x04, 0xFF, 0xE0, 0x00, 0x07, 0xFF, 0xD0, 0x00, 0x4E, 0xFF, 0x90, 0x6F, 0xFF, 0xFF, 0x20,
    0x7F, 0xFF, 0xF6, 0x00, 0x7F, 0xEA, 0x30, 0x00, 0x3F, 0xFF, 0x00, 0x00, 0x00, 0x00, 0x00, 0x00,
    0x00, 0x3F, 0xFF, 0x00, 0x00, 0x00, 0x00, 0x00, 0x00, 0x00, 0x3F, 0xFF, 0x00, 0x00, 0x00, 0x00,
    0x00, 0x00, 0x00, 0x3F, 0xFF, 0x00, 0x00, 0x00, 0x00, 0x00, 0x00, 0x00, 0x3F, 0xFF, 0x00, 0x00,
    0x00, 0x00, 0x00, 0x00, 0x00, 0x3F, 0xFF, 0x00, 0x00, 0x00, 0x00, 0x00, 0x00, 0x00, 0x3F, 0xFF,
    0x00, 0x00, 0x00, 0x00, 0xBF, 0xFF, 0x30, 0x3F, 0xFF, 0x00, 0x00, 0x00, 0x0A, 0xFF, 0xF4, 0x00,
    0x3F, 0xFF, 0x00, 0x00, 0x00, 0xAF, 0xFF, 0x40, 0x00, 0x3F, 0xFF, 0x00, 0x00, 0x09, 0xFF, 0xF5,
    0x00, 0x00, 0x3F, 0xFF, 0x00, 0x00, 0x8F, 0xFF, 0x50, 0x00, 0x00, 0x3F, 0xFF, 0x00, 0x08, 0xFF,
    0xF6, 0x00, 0x00, 0x00, 0x3F, 0xFF, 0x00, 0x7F, 0xFF, 0x60, 0x00, 0x00, 0x00, 0x3F, 0xFF, 0x06,
    0xFF, 0xF7, 0x00, 0x00, 0x00, 0x00, 0x3F, 0xFF, 0x6F, 0xFF, 0xA0, 0x00, 0x00, 0x00, 0x00, 0x3F,
    0xFF, 0xFF, 0xFF, 0xF2, 0x00, 0x00, 0x00, 0x00, 0x3F, 0xFF, 0xFF, 0xFF, 0xFD, 0x00, 0x00, 0x00,
    0x00, 0x3F, 0xFF, 0xF4, 0x6F, 0xFF, 0xA0, 0x00, 0x00, 0x00, 0x3F, 0xFF, 0x30, 0x0A, 0xFF, 0xF7,
    0x00, 0x00, 0x00, 0x3F, 0xFF, 0x00, 0x00, 0xDF, 0xFF, 0x30, 0x00, 0x00, 0x3F, 0xFF, 0x00, 0x00,
    0x2F, 0xFF, 0xE1, 0x00, 0x00, 0x3F, 0xFF, 0x00, 0x00, 0x04, 0xFF, 0xFC, 0x00, 0x00, 0x3F, 0xFF,
    0x00, 0x00, 0x00, 0x8F, 0xFF, 0x80, 0x00, 0x3F, 0xFF, 0x00, 0x00, 0x00, 0x0B, 0xFF, 0xF5, 0x00,
    0x3F, 0xFF, 0x00, 0x00, 0x00, 0x01, 0xEF, 0xFF, 0x20, 0x3F, 0xFF, 0x00, 0x00, 0x00, 0x00, 0x3F,
    0xFF, 0xD0, 0x3F, 0xFF, 0x3F, 0xFF, 0x3F, 0xFF, 0x3F, 0xFF, 0x3F, 0xFF, 0x3F, 0xFF, 0x3F, 0xFF,
    0x3F, 0xFF, 0x3F, 0xFF, 0x3F, 0xFF, 0x3F, 0xFF, 0x3F, 0xFF, 0x3F, 0xFF, 0x3F, 0xFF, 0x3F, 0xFF,
    0x3F, 0xFF, 0x3F, 0xFF, 0x3F, 0xFF, 0x3F, 0xFF, 0x3F, 0xFF, 0x3F, 0xFF, 0x3F, 0xFF, 0x3F, 0xFF,
    0x3F, 0xFF, 0x3F, 0xFF, 0x3F, 0xFF, 0x3F, 0xFD, 0x00, 0x3A, 0xEF, 0xD8, 0x00, 0x00, 0x04, 0xAE,
    0xFE, 0xB5, 0x00, 0x00, 0x3F, 0xFD, 0x07, 0xFF, 0xFF, 0xFF, 0xC0, 0x00, 0x9F, 0xFF, 0xFF, 0xFF,
    0xA0, 0x00, 0x3F, 0xFD, 0x4F, 0xFE, 0xDF, 0xFF, 0xFA, 0x0A, 0xFF, 0xFD, 0xFF, 0xFF, 0xF9, 0x00,
    0x3F, 0xFD, 0xDD, 0x30, 0x00, 0x6F, 0xFF, 0x5F, 0xE5, 0x00, 0x04, 0xDF, 0xFF, 0x10, 0x3F, 0xFF,
    0xD0, 0x00, 0x00, 0x06, 0xFF, 0xFF, 0x20, 0x00, 0x00, 0x1E, 0xFF, 0x70, 0x3F, 0xFF, 0x40, 0x00,
    0x00, 0x00, 0xFF, 0xFA, 0x00, 0x00, 0x00, 0x09, 0xFF, 0xA0, 0x3F, 0xFF, 0x00, 0x00, 0x00, 0x00,
    0xDF, 0xF6, 0x00, 0x00, 0x00, 0x06, 0xFF, 0xB0, 0x3F, 0xFF, 0x00, 0x00, 0x00, 0x00, 0xDF, 0xF5,
    0x00, 0x00, 0x00, 0x06, 0xFF, 0xC0, 0x3F, 0xFF, 0x00, 0x00, 0x00, 0x00, 0xDF, 0xF5, 0x00, 0x00,
    0x00, 0x06, 0xFF, 0xC0, 0x3F, 0xFF, 0x00, 0x00, 0x00, 0x00, 0xDF, 0xF5, 0x00, 0x00, 0x00, 0x06,
    0xFF, 0xC0, 0x3F, 0xFF, 0x00, 0x00, 0x00, 0x00, 0xDF, 0xF5, 0x00, 0x00, 0x00, 0x06, 0xFF, 0xC0,
    0x3F, 0xFF, 0x00, 0x00, 0x00, 0x00, 0xDF, 0xF5, 0x00, 0x00, 0x00, 0x06, 0xFF, 0xC0, 0x3F, 0xFF,
    0x00, 0x00, 0x00, 0x00, 0xDF, 0xF5, 0x00, 0x00, 0x00, 0x06, 0xFF, 0xC0, 0x3F, 0xFF, 0x00, 0x00,
    0x00, 0x00, 0xDF, 0xF5, 0x00, 0x00, 0x00, 0x06, 0xFF, 0xC0, 0x3F, 0xFF, 0x00, 0x00, 0x00, 0x00,
    0xDF, 0xF5, 0x00, 0x00, 0x00, 0x06, 0xFF, 0xC0, 0x3F, 0xFF, 0x00, 0x00, 0x00, 0x00, 0xDF, 0xF5,
    0x00, 0x00, 0x00, 0x06, 0xFF, 0xC0, 0x3F, 0xFF, 0x00, 0x00, 0x00, 0x00, 0xDF, 0xF5, 0x00, 0x00,
    0x00, 0x06, 0xFF, 0xC0, 0x3F, 0xFF, 0x00, 0x00, 0x00, 0x00, 0xDF, 0xF5, 0x00, 0x00, 0x00, 0x06,
    0xFF, 0xC0, 0x3F, 0xFF, 0x00, 0x00, 0x00, 0x00, 0xDF, 0xF5, 0x00, 0x00, 0x00, 0x06, 0xFF, 0xC0,
    0x3F, 0xFF, 0x00, 0x00, 0x00, 0x00, 0xDF, 0xF5, 0x00, 0x00, 0x00, 0x06, 0xFF, 0xC0, 0x3F, 0xFD,
    0x00, 0x29, 0xDF, 0xFD, 0x81, 0x00, 0x00, 0x3F, 0xFD, 0x07, 0xFF, 0xFF, 0xFF, 0xFF, 0x40, 0x00,
    0x3F, 0xFD, 0x5F, 0xFF, 0xDE, 0xFF, 0xFF, 0xF3, 0x00, 0x3F, 0xFE, 0xEF, 0x60, 0x00, 0x19, 0xFF,
    0xFB, 0x00, 0x3F, 0xFF, 0xF2, 0x00, 0x00, 0x00, 0x9F, 0xFF, 0x10, 0x3F, 0xFF, 0x70, 0x00, 0x00,
    0x00, 0x1F, 0xFF, 0x50, 0x3F, 0xFF, 0x20, 0x00, 0x00, 0x00, 0x0C, 0xFF, 0x60, 0x3F, 0xFF, 0x00,
    0x00, 0x00, 0x00, 0x0B, 0xFF, 0x70, 0x3F, 0xFF, 0x00, 0x00, 0x00, 0x00, 0x0A, 0xFF, 0x80, 0x3F,
    0xFF, 0x00, 0x00, 0x00, 0x00, 0x0A, 0xFF, 0x80, 0x3F, 0xFF, 0x00, 0x00, 0x00, 0x00, 0x0A, 0xFF,
    0x80, 0x3F, 0xFF, 0x00, 0x00, 0x00, 0x00, 0x0A, 0xFF, 0x80, 0x3F, 0xFF, 0x00, 0x00, 0x00, 0x00,
    0x0A, 0xFF, 0x80, 0x3F, 0xFF, 0x00, 0x00, 0x00, 0x00, 0x0A, 0xFF, 0x80, 0x3F, 0xFF, 0x00, 0x00,
    0x00, 0x00, 0x0A, 0xFF, 0x80, 0x3F, 0xFF, 0x00, 0x00, 0x00, 0x00, 0x0A, 0xFF, 0x80, 0x3F, 0xFF,
    0x00, 0x00, 0x00, 0x00, 0x0A, 0xFF, 0x80, 0x3F, 0xFF, 0x00, 0x00, 0x00, 0x00, 0x0A, 0xFF, 0x80,
    0x3F, 0xFF, 0x00, 0x00, 0x00, 0x00, 0x0A, 0xFF, 0x80, 0x3F, 0xFF, 0x00, 0x00, 0x00, 0x00, 0x0A,
    0xFF, 0x80, 0x00, 0x00, 0x00, 0x6B, 0xEF, 0xFD, 0x93, 0x00, 0x00, 0x00, 0x00, 0x00, 0x5E, 0xFF,
    0xFF, 0xFF, 0xFF, 0xB1, 0x00, 0x00, 0x00, 0x07, 0xFF, 0xFF, 0xFD, 0xEF, 0xFF, 0xFE, 0x20, 0x00,
    0x00, 0x4F, 0xFF, 0xD4, 0x00, 0x01, 0x8F, 0xFF, 0xD0, 0x00, 0x00, 0xDF, 0xFD, 0x10, 0x00, 0x00,
    0x05, 0xFF, 0xF7, 0x00, 0x05, 0xFF, 0xF2, 0x00, 0x00, 0x00, 0x00, 0x9F, 0xFE, 0x00, 0x0B, 0xFF,
    0xA0, 0x00, 0x00, 0x00, 0x00, 0x1F, 0xFF, 0x40, 0x0E, 0xFF, 0x60, 0x00, 0x00, 0x00, 0x00, 0x0C,
    0xFF, 0x80, 0x1F, 0xFF, 0x20, 0x00, 0x00, 0x00, 0x00, 0x09, 0xFF, 0xA0, 0x2F, 0xFF, 0x10, 0x00,
    0x00, 0x00, 0x00, 0x07, 0xFF, 0xB0, 0x2F, 0xFF, 0x10, 0x00, 0x00, 0x00, 0x00, 0x07, 0xFF, 0xB0,
    0x1F, 0xFF, 0x20, 0x00, 0x00, 0x00, 0x00, 0x09, 0xFF, 0xA0, 0x0F, 0xFF, 0x50, 0x00, 0x00, 0x00,
    0x00, 0x0C, 0xFF, 0x80, 0x0B, 0xFF, 0xA0, 0x00, 0x00, 0x00, 0x00, 0x1F, 0xFF, 0x40, 0x05, 0xFF,
    0xF2, 0x00, 0x00, 0x00, 0x00, 0x9F, 0xFE, 0x00, 0x00, 0xDF, 0xFD, 0x10, 0x00, 0x00, 0x05, 0xFF,
    0xF7, 0x00, 0x00, 0x3F, 0xFF, 0xD5, 0x00, 0x01, 0x8F, 0xFF, 0xC0, 0x00, 0x00, 0x06, 0xFF, 0xFF,
    0xFD, 0xEF, 0xFF, 0xFD, 0x20, 0x00, 0x00, 0x00, 0x4E, 0xFF, 0xFF, 0xFF, 0xFF, 0xB1, 0x00, 0x00,
    0x00, 0x00, 0x00, 0x6B, 0xEF, 0xFD, 0x94, 0x00, 0x00, 0x00, 0x3F, 0xFD, 0x00, 0x29, 0xDF, 0xFD,
    0x92, 0x00, 0x00, 0x00, 0x3F, 0xFD, 0x05, 0xFF, 0xFF, 0xFF, 0xFF, 0x90, 0x00, 0x00, 0x3F, 0xFD,
    0x3F, 0xFF, 0xED, 0xFF, 0xFF, 0xFA, 0x00, 0x00, 0x3F, 0xFF, 0xEF, 0xA2, 0x00, 0x04, 0xCF, 0xFF,
    0x70, 0x00, 0x3F, 0xFF, 0xF9, 0x00, 0x00, 0x00, 0x0B, 0xFF, 0xF1, 0x00, 0x3F, 0xFF, 0xD0, 0x00,
    0x00, 0x00, 0x01, 0xFF, 0xF7, 0x00, 0x3F, 0xFF, 0x70, 0x00, 0x00, 0x00, 0x00, 0x9F, 0xFC, 0x00,
    0x3F, 0xFF, 0x20, 0x00, 0x00, 0x00, 0x00, 0x4F, 0xFF, 0x00, 0x3F, 0xFF, 0x00, 0x00, 0x00, 0x00,
    0x00, 0x1F, 0xFF, 0x20, 0x3F, 0xFE, 0x00, 0x00, 0x00, 0x00, 0x00, 0x0F, 0xFF, 0x30, 0x3F, 0xFE,
    0x00, 0x00, 0x00, 0x00, 0x00, 0x0F, 0xFF, 0x30, 0x3F, 0xFF, 0x00, 0x00, 0x00, 0x00, 0x00, 0x2F,
    0xFF, 0x20, 0x3F, 0xFF, 0x30, 0x00, 0x00, 0x00, 0x00, 0x5F, 0xFF, 0x00, 0x3F, 0xFF, 0x70, 0x00,
    0x00, 0x00, 0x00, 0x9F, 0xFC, 0x00, 0x3F, 0xFF, 0xE0, 0x00, 0x00, 0x00, 0x02, 0xFF, 0xF7, 0x00,
    0x3F, 0xFF, 0xFA, 0x00, 0x00, 0x00, 0x0C, 0xFF, 0xF1, 0x00, 0x3F, 0xFF, 0xDF, 0xB2, 0x00, 0x04,
    0xCF, 0xFF, 0x70, 0x00, 0x3F, 0xFF, 0x3F, 0xFF, 0xED, 0xFF, 0xFF, 0xFA, 0x00, 0x00, 0x3F, 0xFF,
    0x04, 0xFF, 0xFF, 0xFF, 0xFF, 0x90, 0x00, 0x00, 0x3F, 0xFF, 0x00, 0x29, 0xDF, 0xFD, 0x92, 0x00,
    0x00, 0x00, 0x3F, 0xFF, 0x00, 0x00, 0x00, 0x00, 0x00, 0x00, 0x00, 0x00, 0x3F, 0xFF, 0x00, 0x00,
    0x00, 0x00, 0x00, 0x00, 0x00, 0x00, 0x3F, 0xFF, 0x00, 0x00, 0x00, 0x00, 0x00, 0x00, 0x00, 0x00,
    0x3F, 0xFF, 0x00, 0x00, 0x00, 0x00, 0x00, 0x00, 0x00, 0x00, 0x3F, 0xFF, 0x00, 0x00, 0x00, 0x00,
    0x00, 0x00, 0x00, 0x00, 0x3F, 0xFF, 0x00, 0x00, 0x00, 0x00, 0x00, 0x00, 0x00, 0x00, 0x3F, 0xFF,
    0x00, 0x00, 0x00, 0x00, 0x00, 0x00, 0x00, 0x00, 0x00, 0x00, 0x02, 0x9D, 0xFF, 0xD9, 0x20, 0x0C,
    0xFF, 0x40, 0x00, 0x00, 0x8F, 0xFF, 0xFF, 0xFF, 0xF6, 0x0C, 0xFF, 0x40, 0x00, 0x0A, 0xFF, 0xFF,
    0xFD, 0xEF, 0xFF, 0x4C, 0xFF, 0x40, 0x00, 0x6F, 0xFF, 0xC4, 0x00, 0x02, 0xAF, 0xEE, 0xFF, 0x40,
    0x01, 0xFF, 0xFC, 0x00, 0x00, 0x00, 0x08, 0xFF, 0xFF, 0x40, 0x07, 0xFF, 0xF2, 0x00, 0x00, 0x00,
    0x00, 0xDF, 0xFF, 0x40, 0x0B, 0xFF, 0x90, 0x00, 0x00, 0x00, 0x00, 0x6F, 0xFF, 0x40, 0x0F, 0xFF,
    0x50, 0x00, 0x00, 0x00, 0x00, 0x2F, 0xFF, 0x40, 0x1F, 0xFF, 0x20, 0x00, 0x00, 0x00, 0x00, 0x0F,
    0xFF, 0x40, 0x2F, 0xFF, 0x10, 0x00, 0x00, 0x00, 0x00, 0x0E, 0xFF, 0x40, 0x2F, 0xFF, 0x10, 0x00,
    0x00, 0x00, 0x00, 0x0E, 0xFF, 0x40, 0x1F, 0xFF, 0x20, 0x00, 0x00, 0x00, 0x00, 0x0F, 0xFF, 0x40,
    0x0F, 0xFF, 0x60, 0x00, 0x00, 0x00, 0x00, 0x2F, 0xFF, 0x40, 0x0B, 0xFF, 0xA0, 0x00, 0x00, 0x00,
    0x00, 0x7F, 0xFF, 0x40, 0x06, 0xFF, 0xF2, 0x00, 0x00, 0x00, 0x00, 0xDF, 0xFF, 0x40, 0x01, 0xFF,
    0xFC, 0x10, 0x00, 0x00, 0x09, 0xFF, 0xFF, 0x40, 0x00, 0x6F, 0xFF, 0xD4, 0x00, 0x02, 0xAF, 0xDF,
    0xFF, 0x40, 0x00, 0x0A, 0xFF, 0xFF, 0xFD, 0xEF, 0xFF, 0x3E, 0xFF, 0x40, 0x00, 0x00, 0x8F, 0xFF,
    0xFF, 0xFF, 0xF5, 0x0E, 0xFF, 0x40, 0x00, 0x00, 0x02, 0x9D, 0xFF, 0xD9, 0x20, 0x0E, 0xFF, 0x40,
    0x00, 0x00, 0x00, 0x00, 0x00, 0x00, 0x00, 0x0E, 0xFF, 0x40, 0x00, 0x00, 0x00, 0x00, 0x00, 0x00,
    0x00, 0x0E, 0xFF, 0x40, 0x00, 0x00, 0x00, 0x00, 0x00, 0x00, 0x00, 0x0E, 0xFF, 0x40, 0x00, 0x00,
    0x00, 0x00, 0x00, 0x00, 0x00, 0x0E, 0xFF, 0x40, 0x00, 0x00, 0x00, 0x00, 0x00, 0x00, 0x00, 0x0E,
    0xFF, 0x40, 0x00, 0x00, 0x00, 0x00, 0x00, 0x00, 0x00, 0x0E, 0xFF, 0x40, 0x00, 0x00, 0x00, 0x00,
    0x00, 0x00, 0x00, 0x0E, 0xFF, 0x40, 0x3F, 0xFD, 0x00, 0x5B, 0xEF, 0xB0, 0x3F, 0xFD, 0x0A, 0xFF,
    0xFF, 0xC0, 0x3F, 0xFD, 0x8F, 0xFF, 0xDE, 0xB0, 0x3F, 0xFF, 0xFE, 0x50, 0x00, 0x10, 0x3F, 0xFF,
    0xE1, 0x00, 0x00, 0x00, 0x3F, 0xFF, 0x60, 0x00, 0x00, 0x00, 0x3F, 0xFF, 0x00, 0x00, 0x00, 0x00,
    0x3F, 0xFF, 0x00, 0x00, 0x00, 0x00, 0x3F, 0xFF, 0x00, 0x00, 0x00, 0x00, 0x3F, 0xFF, 0x00, 0x00,
    0x00, 0x00, 0x3F, 0xFF, 0x00, 0x00, 0x00, 0x00, 0x3F, 0xFF, 0x00, 0x00, 0x00, 0x00, 0x3F, 0xFF,
    0x00, 0x00, 0x00, 0x00, 0x3F, 0xFF, 0x00, 0x00, 0x00, 0x00, 0x3F, 0xFF, 0x00, 0x00, 0x00, 0x00,
    0x3F, 0xFF, 0x00, 0x00, 0x00, 0x00, 0x3F, 0xFF, 0x00, 0x00, 0x00, 0x00, 0x3F, 0xFF, 0x00, 0x00,
    0x00, 0x00, 0x3F, 0xFF, 0x00, 0x00, 0x00, 0x00, 0x3F, 0xFF, 0x00, 0x00, 0x00, 0x00, 0x00, 0x00,
    0x06, 0xBE, 0xFF, 0xD9, 0x30, 0x00, 0x00, 0x00, 0x05, 0xEF, 0xFF, 0xFF, 0xFF, 0xF9, 0x00, 0x00,
    0x00, 0x5F, 0xFF, 0xFF, 0xDE, 0xFF, 0xFF, 0x90, 0x00, 0x00, 0xEF, 0xFD, 0x50, 0x00, 0x1A, 0xFF,
    0xF3, 0x00, 0x05, 0xFF, 0xF1, 0x00, 0x00, 0x00, 0xAF, 0xFA, 0x00, 0x07, 0xFF, 0xB0, 0x00, 0x00,
    0x00, 0x17, 0x30, 0x00, 0x06, 0xFF, 0xE0, 0x00, 0x00, 0x00, 0x00, 0x00, 0x00, 0x02, 0xFF, 0xFB,
    0x20, 0x00, 0x00, 0x00, 0x00, 0x00, 0x00, 0x8F, 0xFF, 0xFC, 0x84, 0x10, 0x00, 0x00, 0x00, 0x00,
    0x07, 0xFF, 0xFF, 0xFF, 0xFD, 0x81, 0x00, 0x00, 0x00, 0x00, 0x17, 0xCF, 0xFF, 0xFF, 0xFF, 0x60,
    0x00, 0x00, 0x00, 0x00, 0x00, 0x47, 0xCF, 0xFF, 0xF5, 0x00, 0x00, 0x00, 0x00, 0x00, 0x00, 0x02,
    0xDF, 0xFE, 0x00, 0x00, 0x00, 0x00, 0x00, 0x00, 0x00, 0x4F, 0xFF, 0x20, 0x04, 0x8B, 0x10, 0x00,
    0x00, 0x00, 0x2F, 0xFF, 0x20, 0x0E, 0xFF, 0x90, 0x00, 0x00, 0x00, 0x8F, 0xFF, 0x00, 0x08, 0xFF,
    0xF9, 0x20, 0x00, 0x29, 0xFF, 0xF9, 0x00, 0x00, 0xDF, 0xFF, 0xFE, 0xDF, 0xFF, 0xFF, 0xD1, 0x00,
    0x00, 0x1B, 0xFF, 0xFF, 0xFF, 0xFF, 0xFB, 0x10, 0x00, 0x00, 0x00, 0x49, 0xDF, 0xFE, 0xC8, 0x30,
    0x00, 0x00, 0x00, 0x05, 0x88, 0x30, 0x00, 0x00, 0x00, 0x0B, 0xFF, 0x70, 0x00, 0x00, 0x00, 0x0B,
    0xFF, 0x70, 0x00, 0x00, 0x00, 0x0B, 0xFF, 0x70, 0x00, 0x00, 0x00, 0x0B, 0xFF, 0x70, 0x00, 0x00,
    0xAF, 0xFF, 0xFF, 0xFF, 0xFF, 0x80, 0xAF, 0xFF, 0xFF, 0xFF, 0xFF, 0x80, 0x8D, 0xDF, 0xFF, 0xED,
    0xDD, 0x60, 0x00, 0x0B, 0xFF, 0x70, 0x00, 0x00, 0x00, 0x0B, 0xFF, 0x70, 0x00, 0x00, 0x00, 0x0B,
    0xFF, 0x70, 0x00, 0x00, 0x00, 0x0B, 0xFF, 0x70, 0x00, 0x00, 0x00, 0x0B, 0xFF, 0x70, 0x00, 0x00,
    0x00, 0x0B, 0xFF, 0x70, 0x00, 0x00, 0x00, 0x0B, 0xFF, 0x70, 0x00, 0x00, 0x00, 0x0B, 0xFF, 0x70,
    0x00, 0x00, 0x00, 0x0B, 0xFF, 0x70, 0x00, 0x00, 0x00, 0x0B, 0xFF, 0x70, 0x00, 0x00, 0x00, 0x0B,
    0xFF, 0x70, 0x00, 0x00, 0x00, 0x0A, 0xFF, 0x70, 0x00, 0x00, 0x00, 0x0A, 0xFF, 0x90, 0x00, 0x00,
    0x00, 0x07, 0xFF, 0xE2, 0x00, 0x00, 0x00, 0x01, 0xFF, 0xFF, 0xDD, 0x80, 0x00, 0x00, 0x6F, 0xFF,
    0xFF, 0xC0, 0x00, 0x00, 0x03, 0xAE, 0xFF, 0xC0, 0x3F, 0xFF, 0x00, 0x00, 0x00, 0x00, 0x0A, 0xFF,
    0x80, 0x3F, 0xFF, 0x00, 0x00, 0x00, 0x00, 0x0A, 0xFF, 0x80, 0x3F, 0xFF, 0x00, 0x00, 0x00, 0x00,
    0x0A, 0xFF, 0x80, 0x3F, 0xFF, 0x00, 0x00, 0x00, 0x00, 0x0A, 0xFF, 0x80, 0x3F, 0xFF, 0x00, 0x00,
    0x00, 0x00, 0x0A, 0xFF, 0x80, 0x3F, 0xFF, 0x00, 0x00, 0x00, 0x00, 0x0A, 0xFF, 0x80, 0x3F, 0xFF,
    0x00, 0x00, 0x00, 0x00, 0x0A, 0xFF, 0x80, 0x3F, 0xFF, 0x00, 0x00, 0x00, 0x00, 0x0A, 0xFF, 0x80,
    0x3F, 0xFF, 0x00, 0x00, 0x00, 0x00, 0x0A, 0xFF, 0x80, 0x3F, 0xFF, 0x00, 0x00, 0x00, 0x00, 0x0A,
    0xFF, 0x80, 0x3F, 0xFF, 0x00, 0x00, 0x00, 0x00, 0x0A, 0xFF, 0x80, 0x3F, 0xFF, 0x00, 0x00, 0x00,
    0x00, 0x0A, 0xFF, 0x80, 0x3F, 0xFF, 0x00, 0x00, 0x00, 0x00, 0x0B, 0xFF, 0x80, 0x2F, 0xFF, 0x00,
    0x00, 0x00, 0x00, 0x0D, 0xFF, 0x80, 0x0F, 0xFF, 0x50, 0x00, 0x00, 0x00, 0x3F, 0xFF, 0x80, 0x0D,
    0xFF, 0xD0, 0x00, 0x00, 0x00, 0xDF, 0xFF, 0x80, 0x07, 0xFF, 0xFC, 0x30, 0x00, 0x4D, 0xFC, 0xFF,
    0x80, 0x00, 0xDF, 0xFF, 0xFE, 0xDF, 0xFF, 0xA8, 0xFF, 0x80, 0x00, 0x2D, 0xFF, 0xFF, 0xFF, 0xFB,
    0x08, 0xFF, 0x80, 0x00, 0x00, 0x6B, 0xEF, 0xEA, 0x40, 0x08, 0xFF, 0x80, 0xDF, 0xF9, 0x00, 0x00,
    0x00, 0x00, 0x00, 0x5F, 0xFF, 0x10, 0x7F, 0xFE, 0x00, 0x00, 0x00, 0x00, 0x00, 0xBF, 0xFB, 0x00,
    0x1F, 0xFF, 0x40, 0x00, 0x00, 0x00, 0x01, 0xFF, 0xF5, 0x00, 0x0B, 0xFF, 0xA0, 0x00, 0x00, 0x00,
    0x06, 0xFF, 0xE0, 0x00, 0x05, 0xFF, 0xF0, 0x00, 0x00, 0x00, 0x0C, 0xFF, 0x90, 0x00, 0x00, 0xFF,
    0xF5, 0x00, 0x00, 0x00, 0x1F, 0xFF, 0x30, 0x00, 0x00, 0x9F, 0xFB, 0x00, 0x00, 0x00, 0x7F, 0xFD,
    0x00, 0x00, 0x00, 0x3F, 0xFF, 0x10, 0x00, 0x00, 0xDF, 0xF7, 0x00, 0x00, 0x00, 0x0D, 0xFF, 0x60,
    0x00, 0x02, 0xFF, 0xF1, 0x00, 0x00, 0x00, 0x07, 0xFF, 0xC0, 0x00, 0x08, 0xFF, 0xB0, 0x00, 0x00,
    0x00, 0x01, 0xFF, 0xF1, 0x00, 0x0D, 0xFF, 0x50, 0x00, 0x00, 0x00, 0x00, 0xBF, 0xF7, 0x00, 0x3F,
    0xFE, 0x00, 0x00, 0x00, 0x00, 0x00, 0x5F, 0xFC, 0x00, 0x8F, 0xF9, 0x00, 0x00, 0x00, 0x00, 0x00,
    0x0F, 0xFF, 0x10, 0xDF, 0xF3, 0x00, 0x00, 0x00, 0x00, 0x00, 0x09, 0xFF, 0x62, 0xFF, 0xD0, 0x00,
    0x00, 0x00, 0x00, 0x00, 0x03, 0xFF, 0xB7, 0xFF, 0x70, 0x00, 0x00, 0x00, 0x00, 0x00, 0x00, 0xDF,
    0xFB, 0xFF, 0x10, 0x00, 0x00, 0x00, 0x00, 0x00, 0x00, 0x7F, 0xFF, 0xFB, 0x00, 0x00, 0x00, 0x00,
    0x00, 0x00, 0x00, 0x1F, 0xFF, 0xF5, 0x00, 0x00, 0x00, 0x00, 0x00, 0x00, 0x00, 0x0B, 0xFF, 0xE0,
    0x00, 0x00, 0x00, 0x00, 0x9F, 0xFB, 0x00, 0x00, 0x00, 0x01, 0xFF, 0xF9, 0x00, 0x00, 0x00, 0x04,
    0xFF, 0xF1, 0x5F, 0xFF, 0x00, 0x00, 0x00, 0x05, 0xFF, 0xFD, 0x00, 0x00, 0x00, 0x08, 0xFF, 0xC0,
    0x0F, 0xFF, 0x40, 0x00, 0x00, 0x09, 0xFF, 0xFF, 0x10, 0x00, 0x00, 0x0C, 0xFF, 0x70, 0x0B, 0xFF,
    0x80, 0x00, 0x00, 0x0D, 0xFF, 0xFF, 0x60, 0x00, 0x00, 0x1F, 0xFF, 0x30, 0x06, 0xFF, 0xD0, 0x00,
    0x00, 0x2F, 0xFB, 0xFF, 0xA0, 0x00, 0x00, 0x5F, 0xFE, 0x00, 0x02, 0xFF, 0xF1, 0x00, 0x00, 0x6F,
    0xF5, 0xEF, 0xE0, 0x00, 0x00, 0xAF, 0xF9, 0x00, 0x00, 0xDF, 0xF5, 0x00, 0x00, 0xAF, 0xF1, 0xAF,
    0xF2, 0x00, 0x00, 0xEF, 0xF4, 0x00, 0x00, 0x8F, 0xFA, 0x00, 0x00, 0xEF, 0xD0, 0x6F, 0xF7, 0x00,
    0x02, 0xFF, 0xF0, 0x00, 0x00, 0x3F, 0xFE, 0x00, 0x03, 0xFF, 0x90, 0x2F, 0xFB, 0x00, 0x07, 0xFF,
    0xB0, 0x00, 0x00, 0x0E, 0xFF, 0x20, 0x07, 0xFF, 0x50, 0x0D, 0xFF, 0x00, 0x0B, 0xFF, 0x60, 0x00,
    0x00, 0x0A, 0xFF, 0x70, 0x0B, 0xFF, 0x00, 0x09, 0xFF, 0x30, 0x0F, 0xFF, 0x10, 0x00, 0x00, 0x05,
    0xFF, 0xB0, 0x0F, 0xFC, 0x00, 0x04, 0xFF, 0x70, 0x3F, 0xFC, 0x00, 0x00, 0x00, 0x01, 0xFF, 0xE0,
    0x3F, 0xF7, 0x00, 0x00, 0xFF, 0xB0, 0x7F, 0xF8, 0x00, 0x00, 0x00, 0x00, 0xCF, 0xF2, 0x7F, 0xF3,
    0x00, 0x00, 0xBF, 0xE0, 0xBF, 0xF3, 0x00, 0x00, 0x00, 0x00, 0x7F, 0xF6, 0xBF, 0xE0, 0x00, 0x00,
    0x7F, 0xF2, 0xFF, 0xE0, 0x00, 0x00, 0x00, 0x00, 0x2F, 0xFA, 0xEF, 0xA0, 0x00, 0x00, 0x2F, 0xF8,
    0xFF, 0x90, 0x00, 0x00, 0x00, 0x00, 0x0D, 0xFE, 0xFF, 0x50, 0x00, 0x00, 0x0E, 0xFF, 0xFF, 0x40,
    0x00, 0x00, 0x00, 0x00, 0x08, 0xFF, 0xFF, 0x10, 0x00, 0x00, 0x09, 0xFF, 0xFF, 0x00, 0x00, 0x00,
    0x00, 0x00, 0x04, 0xFF, 0xFC, 0x00, 0x00, 0x00, 0x04, 0xFF, 0xFB, 0x00, 0x00, 0x00, 0x00, 0x00,
    0x00, 0xFF, 0xF7, 0x00, 0x00, 0x00, 0x00, 0xFF, 0xF6, 0x00, 0x00, 0x00, 0x2F, 0xFF, 0x80, 0x00,
    0x00, 0x00, 0x0B, 0xFF, 0xD0, 0x07, 0xFF, 0xF2, 0x00, 0x00, 0x00, 0x5F, 0xFF, 0x30, 0x00, 0xCF,
    0xFC, 0x00, 0x00, 0x01, 0xEF, 0xF8, 0x00, 0x00, 0x2F, 0xFF, 0x60, 0x00, 0x0A, 0xFF, 0xD0, 0x00,
    0x00, 0x07, 0xFF, 0xE1, 0x00, 0x3F, 0xFF, 0x40, 0x00, 0x00, 0x00, 0xCF, 0xF8, 0x00, 0xCF, 0xF9,
    0x00, 0x00, 0x00, 0x00, 0x3F, 0xFF, 0x25, 0xFF, 0xE0, 0x00, 0x00, 0x00, 0x00, 0x08, 0xFF, 0xBD,
    0xFF, 0x40, 0x00, 0x00, 0x00, 0x00, 0x00, 0xDF, 0xFF, 0xFA, 0x00, 0x00, 0x00, 0x00, 0x00, 0x00,
    0x3F, 0xFF, 0xE1, 0x00, 0x00, 0x00, 0x00, 0x00, 0x00, 0x6F, 0xFF, 0xE0, 0x00, 0x00, 0x00, 0x00,
    0x00, 0x01, 0xFF, 0xFF, 0xFA, 0x00, 0x00, 0x00, 0x00, 0x00, 0x0B, 0xFF, 0x8D, 0xFF, 0x50, 0x00,
    0x00, 0x00, 0x00, 0x6F, 0xFE, 0x04, 0xFF, 0xE1, 0x00, 0x00, 0x00, 0x02, 0xFF, 0xF5, 0x00, 0xBF,
    0xFB, 0x00, 0x00, 0x00, 0x0C, 0xFF, 0xC0, 0x00, 0x2F, 0xFF, 0x60, 0x00, 0x00, 0x7F, 0xFF, 0x20,
    0x00, 0x07, 0xFF, 0xF2, 0x00, 0x02, 0xFF, 0xF7, 0x00, 0x00, 0x00, 0xCF, 0xFC, 0x00, 0x0D, 0xFF,
    0xC0, 0x00, 0x00, 0x00, 0x2F, 0xFF, 0x70, 0x8F, 0xFF, 0x20, 0x00, 0x00, 0x00, 0x07, 0xFF, 0xF3,
    0xDF, 0xF9, 0x00, 0x00, 0x00, 0x00, 0x00, 0x5F, 0xFF, 0x10, 0x7F, 0xFE, 0x00, 0x00, 0x00, 0x00,
    0x00, 0xBF, 0xFB, 0x00, 0x1F, 0xFF, 0x40, 0x00, 0x00, 0x00, 0x01, 0xFF, 0xF5, 0x00, 0x0B, 0xFF,
    0xA0, 0x00, 0x00, 0x00, 0x06, 0xFF, 0xE0, 0x00, 0x05, 0xFF, 0xF0, 0x00, 0x00, 0x00, 0x0C, 0xFF,
    0x80, 0x00, 0x00, 0xEF, 0xF6, 0x00, 0x00, 0x00, 0x2F, 0xFF, 0x20, 0x00, 0x00, 0x9F, 0xFB, 0x00,
    0x00, 0x00, 0x8F, 0xFC, 0x00, 0x00, 0x00, 0x3F, 0xFF, 0x10, 0x00, 0x00, 0xDF, 0xF6, 0x00, 0x00,
    0x00, 0x0D, 0xFF, 0x70, 0x00, 0x03, 0xFF, 0xF0, 0x00, 0x00, 0x00, 0x06, 0xFF, 0xD0, 0x00, 0x09,
    0xFF, 0xA0, 0x00, 0x00, 0x00, 0x01, 0xFF, 0xF2, 0x00, 0x0E, 0xFF, 0x40, 0x00, 0x00, 0x00, 0x00,
    0xAF, 0xF8, 0x00, 0x5F, 0xFD, 0x00, 0x00, 0x00, 0x00, 0x00, 0x4F, 0xFD, 0x00, 0xAF, 0xF7, 0x00,
    0x00, 0x00, 0x00, 0x00, 0x0E, 0xFF, 0x20, 0xFF, 0xF1, 0x00, 0x00, 0x00, 0x00, 0x00, 0x08, 0xFF,
    0x74, 0xFF, 0xB0, 0x00, 0x00, 0x00, 0x00, 0x00, 0x02, 0xFF, 0xC9, 0xFF, 0x50, 0x00, 0x00, 0x00,
    0x00, 0x00, 0x00, 0xCF, 0xFE, 0xFE, 0x00, 0x00, 0x00, 0x00, 0x00, 0x00, 0x00, 0x6F, 0xFF, 0xF9,
    0x00, 0x00, 0x00, 0x00, 0x00, 0x00, 0x00, 0x0F, 0xFF, 0xF2, 0x00, 0x00, 0x00, 0x00, 0x00, 0x00,
    0x00, 0x0A, 0xFF, 0xC0, 0x00, 0x00, 0x00, 0x00, 0x00, 0x00, 0x00, 0x0D, 0xFF, 0x60, 0x00, 0x00,
    0x00, 0x00, 0x00, 0x00, 0x00, 0x2F, 0xFF, 0x10, 0x00, 0x00, 0x00, 0x00, 0x00, 0x00, 0x00, 0xAF,
    0xFA, 0x00, 0x00, 0x00, 0x00, 0x00, 0x00, 0x00, 0x06, 0xFF, 0xF3, 0x00, 0x00, 0x00, 0x00, 0x00,
    0x00, 0xDD, 0xEF, 0xFF, 0x90, 0x00, 0x00, 0x00, 0x00, 0x00, 0x03, 0xFF, 0xFF, 0xFB, 0x00, 0x00,
    0x00, 0x00, 0x00, 0x00, 0x05, 0xEF, 0xFC, 0x60, 0x00, 0x00, 0x00, 0x00, 0x00, 0x00, 0x7F, 0xFF,
    0xFF, 0xFF, 0xFF, 0xFF, 0xFF, 0xF5, 0x7F, 0xFF, 0xFF, 0xFF, 0xFF, 0xFF, 0xFF, 0xF5, 0x5D, 0xDD,
    0xDD, 0xDD, 0xDD, 0xDF, 0xFF, 0xF2, 0x00, 0x00, 0x00, 0x00, 0x00, 0x4F, 0xFF, 0x70, 0x00, 0x00,
    0x00, 0x00, 0x01, 0xEF, 0xFC, 0x00, 0x00, 0x00, 0x00, 0x00, 0x0B, 0xFF, 0xE1, 0x00, 0x00, 0x00,
    0x00, 0x00, 0x7F, 0xFF, 0x50, 0x00, 0x00, 0x00, 0x00, 0x03, 0xFF, 0xF9, 0x00, 0x00, 0x00, 0x00,
    0x00, 0x0D, 0xFF, 0xD0, 0x00, 0x00, 0x00, 0x00, 0x00, 0xAF, 0xFF, 0x20, 0x00, 0x00, 0x00, 0x00,
    0x06, 0xFF, 0xF6, 0x00, 0x00, 0x00, 0x00, 0x00, 0x2F, 0xFF, 0xB0, 0x00, 0x00, 0x00, 0x00, 0x00,
    0xDF, 0xFE, 0x10, 0x00, 0x00, 0x00, 0x00, 0x09, 0xFF, 0xF4, 0x00, 0x00, 0x00, 0x00, 0x00, 0x5F,
    0xFF, 0x80, 0x00, 0x00, 0x00, 0x00, 0x02, 0xFF, 0xFC, 0x00, 0x00, 0x00, 0x00, 0x00, 0x0C, 0xFF,
    0xF2, 0x00, 0x00, 0x00, 0x00, 0x00, 0x8F, 0xFF, 0xFD, 0xDD, 0xDD, 0xDD, 0xDD, 0xD8, 0xCF, 0xFF,
    0xFF, 0xFF, 0xFF, 0xFF, 0xFF, 0xFA, 0xCF, 0xFF, 0xFF, 0xFF, 0xFF, 0xFF, 0xFF, 0xFA, 0x00, 0x00,
    0x00, 0x03, 0x8B, 0xC2, 0x00, 0x00, 0x00, 0xAF, 0xFF, 0xF3, 0x00, 0x00, 0x08, 0xFF, 0xFF, 0xF3,
    0x00, 0x00, 0x1F, 0xFF, 0xB3, 0x00, 0x00, 0x00, 0x5F, 0xFD, 0x00, 0x00, 0x00, 0x00, 0x8F, 0xF7,
    0x00, 0x00, 0x00, 0x00, 0x9F, 0xF5, 0x00, 0x00, 0x00, 0x00, 0xAF, 0xF4, 0x00, 0x00, 0x00, 0x00,
    0xAF, 0xF4, 0x00, 0x00, 0x00, 0x00, 0xAF, 0xF4, 0x00, 0x00, 0x00, 0x00, 0xAF, 0xF4, 0x00, 0x00,
    0x00, 0x00, 0xAF, 0xF4, 0x00, 0x00, 0x00, 0x00, 0xBF, 0xF3, 0x00, 0x00, 0x00, 0x00, 0xFF, 0xF1,
    0x00, 0x00, 0x00, 0x0A, 0xFF, 0xB0, 0x00, 0x00, 0x6D, 0xFF, 0xFC, 0x20, 0x00, 0x00, 0x7F, 0xFD,
    0x40, 0x00, 0x00, 0x00, 0x7F, 0xFF, 0xF9, 0x00, 0x00, 0x00, 0x00, 0x3C, 0xFF, 0xA0, 0x00, 0x00,
    0x00, 0x01, 0xFF, 0xF1, 0x00, 0x00, 0x00, 0x00, 0xCF, 0xF3, 0x00, 0x00, 0x00, 0x00, 0xAF, 0xF4,
    0x00, 0x00, 0x00, 0x00, 0xAF, 0xF4, 0x00, 0x00, 0x00, 0x00, 0xAF, 0xF4, 0x00, 0x00, 0x00, 0x00,
    0xAF, 0xF4, 0x00, 0x00, 0x00, 0x00, 0xAF, 0xF4, 0x00, 0x00, 0x00, 0x00, 0x9F, 0xF4, 0x00, 0x00,
    0x00, 0x00, 0x8F, 0xF6, 0x00, 0x00, 0x00, 0x00, 0x6F, 0xFC, 0x00, 0x00, 0x00, 0x00, 0x2F, 0xFF,
    0x81, 0x00, 0x00, 0x00, 0x0A, 0xFF, 0xFF, 0xD2, 0x00, 0x00, 0x01, 0xCF, 0xFF, 0xF3, 0x00, 0x00,
    0x00, 0x05, 0xBE, 0xF2, 0x6F, 0xF5, 0x6F, 0xF5, 0x6F, 0xF5, 0x6F, 0xF5, 0x6F, 0xF5, 0x6F, 0xF5,
    0x6F, 0xF5, 0x6F, 0xF5, 0x6F, 0xF5, 0x6F, 0xF5, 0x6F, 0xF5, 0x6F, 0xF5, 0x6F, 0xF5, 0x6F, 0xF5,
    0x6F, 0xF5, 0x6F, 0xF5, 0x6F, 0xF5, 0x6F, 0xF5, 0x6F, 0xF5, 0x6F, 0xF5, 0x6F, 0xF5, 0x6F, 0xF5,
    0x6F, 0xF5, 0x6F, 0xF5, 0x6F, 0xF5, 0x6F, 0xF5, 0x6F, 0xF5, 0x6F, 0xF5, 0x6F, 0xF5, 0x6F, 0xF5,
    0x6F, 0xF5, 0x6F, 0xF5, 0x6F, 0xF5, 0x6F, 0xF5, 0x6F, 0xF5, 0x6F, 0xF5, 0x6F, 0xF5, 0x6F, 0xF5,
    0x6F, 0xF5, 0x6F, 0xF5, 0x6F, 0xF5, 0x6F, 0xF5, 0x6F, 0xF5, 0xAB, 0x95, 0x00, 0x00, 0x00, 0x00,
    0xDF, 0xFF, 0xD2, 0x00, 0x00, 0x00, 0xDF, 0xFF, 0xFD, 0x00, 0x00, 0x00, 0x02, 0x7F, 0xFF, 0x60,
    0x00, 0x00, 0x00, 0x07, 0xFF, 0xA0, 0x00, 0x00, 0x00, 0x02, 0xFF, 0xD0, 0x00, 0x00, 0x00, 0x00,
    0xFF, 0xE0, 0x00, 0x00, 0x00, 0x00, 0xFF, 0xF0, 0x00, 0x00, 0x00, 0x00, 0xFF, 0xF0, 0x00, 0x00,
    0x00, 0x00, 0xFF, 0xF0, 0x00, 0x00, 0x00, 0x00, 0xFF, 0xF0, 0x00, 0x00, 0x00, 0x00, 0xFF, 0xF0,
    0x00, 0x00, 0x00, 0x00, 0xEF, 0xF1, 0x00, 0x00, 0x00, 0x00, 0xCF, 0xF5, 0x00, 0x00, 0x00, 0x00,
    0x6F, 0xFE, 0x40, 0x00, 0x00, 0x00, 0x09, 0xFF, 0xFE, 0xA0, 0x00, 0x00, 0x00, 0x1A, 0xFF, 0xD0,
    0x00, 0x00, 0x06, 0xEF, 0xFF, 0xD0, 0x00, 0x00, 0x4F, 0xFF, 0x72, 0x00, 0x00, 0x00, 0xBF, 0xF7,
    0x00, 0x00, 0x00, 0x00, 0xEF, 0xF1, 0x00, 0x00, 0x00, 0x00, 0xFF, 0xF0, 0x00, 0x00, 0x00, 0x00,
    0xFF, 0xF0, 0x00, 0x00, 0x00, 0x00, 0xFF, 0xF0, 0x00, 0x00, 0x00, 0x00, 0xFF, 0xF0, 0x00, 0x00,
    0x00, 0x00, 0xFF, 0xF0, 0x00, 0x00, 0x00, 0x00, 0xFF, 0xF0, 0x00, 0x00, 0x00, 0x01, 0xFF, 0xE0,
    0x00, 0x00, 0x00, 0x06, 0xFF, 0xB0, 0x00, 0x00, 0x00, 0x5E, 0xFF, 0x70, 0x00, 0x00, 0xBF, 0xFF,
    0xFE, 0x10, 0x00, 0x00, 0xDF, 0xFF, 0xF4, 0x00, 0x00, 0x00, 0xDE, 0xC8, 0x10, 0x00, 0x00, 0x00,
    0x00, 0x02, 0x9C, 0xC9, 0x30, 0x00, 0x00, 0x00, 0x22, 0x10, 0x00, 0x6F, 0xFF, 0xFF, 0xF8, 0x00,
    0x00, 0x01, 0xFF, 0xC0, 0x03, 0xFF, 0xFF, 0xFF, 0xFF, 0xB0, 0x00, 0x04, 0xFF, 0xB0, 0x09, 0xFF,
    0xC2, 0x07, 0xFF, 0xFD, 0x20, 0x1C, 0xFF, 0x70, 0x0E, 0xFF, 0x10, 0x00, 0x3E, 0xFF, 0xFD, 0xFF,
    0xFF, 0x10, 0x0F, 0xFE, 0x00, 0x00, 0x02, 0xDF, 0xFF, 0xFF, 0xF5, 0x00, 0x05, 0x54, 0x00, 0x00,
    0x00, 0x07, 0xDF, 0xEA, 0x30, 0x00, 0x00, 0x03, 0xDE, 0x60, 0x00, 0x0B, 0xFB, 0x00, 0x00, 0x00,
    0x0D, 0xFF, 0xF1, 0x00, 0x7F, 0xFF, 0x70, 0x00, 0x00, 0x0D, 0xFF, 0xF1, 0x00, 0x7F, 0xFF, 0x70,
    0x00, 0x00, 0x03, 0xDE, 0x60, 0x00, 0x0B, 0xFB, 0x00, 0x00, 0x00, 0x00, 0x00, 0x00, 0x00, 0x00,
    0x00, 0x00, 0x00, 0x00, 0x00, 0x00, 0x00, 0x00, 0x00, 0x00, 0x00, 0x00, 0x00, 0x00, 0x00, 0x00,
    0x00, 0x00, 0x00, 0x00, 0x00, 0x00, 0x00, 0x05, 0xAD, 0xFF, 0xEB, 0x60, 0x00, 0x00, 0x00, 0x04,
    0xEF, 0xFF, 0xFF, 0xFF, 0xFE, 0x30, 0x00, 0x00, 0x5F, 0xFF, 0xFF, 0xED, 0xFF, 0xFF, 0xF2, 0x00,
    0x02, 0xFF, 0xFE, 0x70, 0x00, 0x05, 0xEF, 0xFB, 0x00, 0x0A, 0xFF, 0xE2, 0x00, 0x00, 0x00, 0x4F,
    0xFF, 0x10, 0x00, 0x49, 0x50, 0x00, 0x00, 0x00, 0x0D, 0xFF, 0x40, 0x00, 0x00, 0x00, 0x00, 0x00,
    0x00, 0x0B, 0xFF, 0x60, 0x00, 0x00, 0x00, 0x00, 0x00, 0x00, 0x3F, 0xFF, 0x70, 0x00, 0x00, 0x01,
    0x46, 0x9B, 0xDF, 0xFF, 0xFF, 0x70, 0x00, 0x06, 0xCF, 0xFF, 0xFF, 0xFF, 0xFF, 0xFF, 0x70, 0x01,
    0xCF, 0xFF, 0xFF, 0xFE, 0xC9, 0x6C, 0xFF, 0x70, 0x0B, 0xFF, 0xFC, 0x63, 0x00, 0x00, 0x0B, 0xFF,
    0x70, 0x2F, 0xFF, 0x70, 0x00, 0x00, 0x00, 0x0B, 0xFF, 0x70, 0x5F, 0xFE, 0x00, 0x00, 0x00, 0x00,
    0x0D, 0xFF, 0x70, 0x5F, 0xFC, 0x00, 0x00, 0x00, 0x00, 0x3F, 0xFF, 0x70, 0x3F, 0xFF, 0x10, 0x00,
    0x00, 0x01, 0xDF, 0xFF, 0x70, 0x0E, 0xFF, 0xD5, 0x00, 0x00, 0x6E, 0xFF, 0xFF, 0x70, 0x05, 0xFF,
    0xFF, 0xFD, 0xEF, 0xFF, 0xBA, 0xFF, 0x70, 0x00, 0x6F, 0xFF, 0xFF, 0xFF, 0xFB, 0x0A, 0xFF, 0x70,
    0x00, 0x01, 0x8C, 0xEF, 0xEB, 0x50, 0x0A, 0xFF, 0x70, 0x00, 0x00, 0x4D, 0xE6, 0x00, 0x00, 0xBF,
    0xA0, 0x00, 0x00, 0x00, 0x00, 0xEF, 0xFF, 0x10, 0x07, 0xFF, 0xF7, 0x00, 0x00, 0x00, 0x00, 0xEF,
    0xFF, 0x00, 0x07, 0xFF, 0xF7, 0x00, 0x00, 0x00, 0x00, 0x4D, 0xE6, 0x00, 0x00, 0xBF, 0xA0, 0x00,
    0x00, 0x00, 0x00, 0x00, 0x00, 0x00, 0x00, 0x00, 0x00, 0x00, 0x00, 0x00, 0x00, 0x00, 0x00, 0x00,
    0x00, 0x00, 0x00, 0x00, 0x00, 0x00, 0x00, 0x00, 0x00, 0x00, 0x00, 0x00, 0x00, 0x00, 0x00, 0x00,
    0x00, 0x00, 0x6B, 0xEF, 0xFD, 0x93, 0x00, 0x00, 0x00, 0x00, 0x00, 0x5E, 0xFF, 0xFF, 0xFF, 0xFF,
    0xB1, 0x00, 0x00, 0x00, 0x07, 0xFF, 0xFF, 0xFD, 0xEF, 0xFF, 0xFE, 0x20, 0x00, 0x00, 0x4F, 0xFF,
    0xD4, 0x00, 0x01, 0x8F, 0xFF, 0xD0, 0x00, 0x00, 0xDF, 0xFD, 0x10, 0x00, 0x00, 0x05, 0xFF, 0xF7,
    0x00, 0x05, 0xFF, 0xF2, 0x00, 0x00, 0x00, 0x00, 0x9F, 0xFE, 0x00, 0x0B, 0xFF, 0xA0, 0x00, 0x00,
    0x00, 0x00, 0x1F, 0xFF, 0x40, 0x0E, 0xFF, 0x60, 0x00, 0x00, 0x00, 0x00, 0x0C, 0xFF, 0x80, 0x1F,
    0xFF, 0x20, 0x00, 0x00, 0x00, 0x00, 0x09, 0xFF, 0xA0, 0x2F, 0xFF, 0x10, 0x00, 0x00, 0x00, 0x00,
    0x07, 0xFF, 0xB0, 0x2F, 0xFF, 0x10, 0x00, 0x00, 0x00, 0x00, 0x07, 0xFF, 0xB0, 0x1F, 0xFF, 0x20,
    0x00, 0x00, 0x00, 0x00, 0x09, 0xFF, 0xA0, 0x0F, 0xFF, 0x50, 0x00, 0x00, 0x00, 0x00, 0x0C, 0xFF,
    0x80, 0x0B, 0xFF, 0xA0, 0x00, 0x00, 0x00, 0x00, 0x1F, 0xFF, 0x40, 0x05, 0xFF, 0xF2, 0x00, 0x00,
    0x00, 0x00, 0x9F, 0xFE, 0x00, 0x00, 0xDF, 0xFD, 0x10, 0x00, 0x00, 0x05, 0xFF, 0xF7, 0x00, 0x00,
    0x3F, 0xFF, 0xD5, 0x00, 0x01, 0x8F, 0xFF, 0xC0, 0x00, 0x00, 0x06, 0xFF, 0xFF, 0xFD, 0xEF, 0xFF,
    0xFD, 0x20, 0x00, 0x00, 0x00, 0x4E, 0xFF, 0xFF, 0xFF, 0xFF, 0xB1, 0x00, 0x00, 0x00, 0x00, 0x00,
    0x6B, 0xEF, 0xFD, 0x94, 0x00, 0x00, 0x00, 0x00, 0x00, 0x00, 0x5C, 0xFE, 0xA2, 0x00, 0x00, 0x00,
    0x00, 0x00, 0x09, 0xFF, 0xFF, 0xFF, 0x30, 0x00, 0x00, 0x00, 0x00, 0x4F, 0xFA, 0x35, 0xEF, 0xE0,
    0x00, 0x00, 0x00, 0x00, 0xAF, 0xD0, 0x00, 0x3F, 0xF4, 0x00, 0x00, 0x00, 0x00, 0xCF, 0xA0, 0x00,
    0x0F, 0xF6, 0x00, 0x00, 0x00, 0x00, 0xAF, 0xD0, 0x00, 0x3F, 0xF4, 0x00, 0x00, 0x00, 0x00, 0x4F,
    0xFA, 0x35, 0xEF, 0xE0, 0x00, 0x00, 0x00, 0x00, 0x09, 0xFF, 0xFF, 0xFF, 0x30, 0x00, 0x00, 0x00,
    0x00, 0x00, 0x5C, 0xFE, 0xA2, 0x00, 0x00, 0x00, 0x00, 0x00, 0x00, 0x00, 0x00, 0x00, 0x00, 0x00,
    0x00, 0x00, 0x00, 0x05, 0xAD, 0xFF, 0xEB, 0x60, 0x00, 0x00, 0x00, 0x04, 0xEF, 0xFF, 0xFF, 0xFF,
    0xFE, 0x30, 0x00, 0x00, 0x5F, 0xFF, 0xFF, 0xED, 0xFF, 0xFF, 0xF2, 0x00, 0x02, 0xFF, 0xFE, 0x70,
    0x00, 0x05, 0xEF, 0xFB, 0x00, 0x0A, 0xFF, 0xE2, 0x00, 0x00, 0x00, 0x4F, 0xFF, 0x10, 0x00, 0x49,
    0x50, 0x00, 0x00, 0x00, 0x0D, 0xFF, 0x40, 0x00, 0x00, 0x00, 0x00, 0x00, 0x00, 0x0B, 0xFF, 0x60,
    0x00, 0x00, 0x00, 0x00, 0x00, 0x00, 0x3F, 0xFF, 0x70, 0x00, 0x00, 0x01, 0x46, 0x9B, 0xDF, 0xFF,
    0xFF, 0x70, 0x00, 0x06, 0xCF, 0xFF, 0xFF, 0xFF, 0xFF, 0xFF, 0x70, 0x01, 0xCF, 0xFF, 0xFF, 0xFE,
    0xC9, 0x6C, 0xFF, 0x70, 0x0B, 0xFF, 0xFC, 0x63, 0x00, 0x00, 0x0B, 0xFF, 0x70, 0x2F, 0xFF, 0x70,
    0x00, 0x00, 0x00, 0x0B, 0xFF, 0x70, 0x5F, 0xFE, 0x00, 0x00, 0x00, 0x00, 0x0D, 0xFF, 0x70, 0x5F,
    0xFC, 0x00, 0x00, 0x00, 0x00, 0x3F, 0xFF, 0x70, 0x3F, 0xFF, 0x10, 0x00, 0x00, 0x01, 0xDF, 0xFF,
    0x70, 0x0E, 0xFF, 0xD5, 0x00, 0x00, 0x6E, 0xFF, 0xFF, 0x70, 0x05, 0xFF, 0xFF, 0xFD, 0xEF, 0xFF,
    0xBA, 0xFF, 0x70, 0x00, 0x6F, 0xFF, 0xFF, 0xFF, 0xFB, 0x0A, 0xFF, 0x70, 0x00, 0x01, 0x8C, 0xEF,
    0xEB, 0x50, 0x0A, 0xFF, 0x70, 0x00, 0x00, 0x00, 0x08, 0xFC, 0x20, 0x00, 0x3D, 0xE6, 0x00, 0x00,
    0x00, 0x00, 0x00, 0x00, 0x3F, 0xFF, 0xA0, 0x00, 0xDF, 0xFF, 0x10, 0x00, 0x00, 0x00, 0x00, 0x00,
    0x3F, 0xFF, 0xA0, 0x00, 0xDF, 0xFF, 0x10, 0x00, 0x00, 0x00, 0x00, 0x00, 0x08, 0xFC, 0x20, 0x00,
    0x3D, 0xE6, 0x00, 0x00, 0x00, 0x00, 0x00, 0x00, 0x00, 0x00, 0x00, 0x00, 0x00, 0x00, 0x00, 0x00,
    0x00, 0x00, 0x00, 0x00, 0x00, 0x00, 0x00, 0x00, 0x00, 0x00, 0x00, 0x00, 0x00, 0x00, 0x00, 0x00,
    0x00, 0x00, 0x00, 0x00, 0x00, 0x00, 0x00, 0x00, 0x00, 0x00, 0x00, 0x00, 0x00, 0x00, 0x00, 0x00,
    0x00, 0x00, 0x00, 0x00, 0x00, 0x00, 0x00, 0x00, 0x00, 0x00, 0xCF, 0xFF, 0x70, 0x00, 0x00, 0x00,
    0x00, 0x00, 0x00, 0x00, 0x00, 0x02, 0xFF, 0xFF, 0xD0, 0x00, 0x00, 0x00, 0x00, 0x00, 0x00, 0x00,
    0x00, 0x07, 0xFF, 0xFF, 0xF3, 0x00, 0x00, 0x00, 0x00, 0x00, 0x00, 0x00, 0x00, 0x0D, 0xFF, 0x9F,
    0xF9, 0x00, 0x00, 0x00, 0x00, 0x00, 0x00, 0x00, 0x00, 0x3F, 0xFD, 0x2F, 0xFE, 0x00, 0x00, 0x00,
    0x00, 0x00, 0x00, 0x00, 0x00, 0x9F, 0xF8, 0x0D, 0xFF, 0x50, 0x00, 0x00, 0x00, 0x00, 0x00, 0x00,
    0x00, 0xEF, 0xF3, 0x08, 0xFF, 0xB0, 0x00, 0x00, 0x00, 0x00, 0x00, 0x00, 0x05, 0xFF, 0xE0, 0x03,
    0xFF, 0xF1, 0x00, 0x00, 0x00, 0x00, 0x00, 0x00, 0x0A, 0xFF, 0x90, 0x00, 0xEF, 0xF7, 0x00, 0x00,
    0x00, 0x00, 0x00, 0x00, 0x1F, 0xFF, 0x40, 0x00, 0x9F, 0xFC, 0x00, 0x00, 0x00, 0x00, 0x00, 0x00,
    0x6F, 0xFE, 0x00, 0x00, 0x3F, 0xFF, 0x20, 0x00, 0x00, 0x00, 0x00, 0x00, 0xCF, 0xF9, 0x00, 0x00,
    0x0D, 0xFF, 0x80, 0x00, 0x00, 0x00, 0x00, 0x02, 0xFF, 0xF3, 0x00, 0x00, 0x08, 0xFF, 0xE0, 0x00,
    0x00, 0x00, 0x00, 0x08, 0xFF, 0xE0, 0x00, 0x00, 0x02, 0xFF, 0xF4, 0x00, 0x00, 0x00, 0x00, 0x0D,
    0xFF, 0x80, 0x00, 0x00, 0x00, 0xCF, 0xFA, 0x00, 0x00, 0x00, 0x00, 0x3F, 0xFF, 0x30, 0x00, 0x00,
    0x00, 0x6F, 0xFF, 0x10, 0x00, 0x00, 0x00, 0x9F, 0xFF, 0xFF, 0xFF, 0xFF, 0xFF, 0xFF, 0xFF, 0x60,
    0x00, 0x00, 0x00, 0xFF, 0xFF, 0xFF, 0xFF, 0xFF, 0xFF, 0xFF, 0xFF, 0xC0, 0x00, 0x00, 0x05, 0xFF,
    0xFF, 0xFF, 0xFF, 0xFF, 0xFF, 0xFF, 0xFF, 0xF2, 0x00, 0x00, 0x0B, 0xFF, 0xC0, 0x00, 0x00, 0x00,
    0x00, 0x00, 0xFF, 0xF8, 0x00, 0x00, 0x1F, 0xFF, 0x70, 0x00, 0x00, 0x00, 0x00, 0x00, 0xAF, 0xFE,
    0x00, 0x00, 0x6F, 0xFF, 0x10, 0x00, 0x00, 0x00, 0x00, 0x00, 0x4F, 0xFF, 0x40, 0x00, 0xCF, 0xFB,
    0x00, 0x00, 0x00, 0x00, 0x00, 0x00, 0x0E, 0xFF, 0x90, 0x02, 0xFF, 0xF5, 0x00, 0x00, 0x00, 0x00,
    0x00, 0x00, 0x08, 0xFF, 0xF0, 0x08, 0xFF, 0xF0, 0x00, 0x00, 0x00, 0x00, 0x00, 0x00, 0x02, 0xFF,
    0xF5, 0x0E, 0xFF, 0xA0, 0x00, 0x00, 0x00, 0x00, 0x00, 0x00, 0x00, 0xCF, 0xFB, 0x00, 0x00, 0x00,
    0x4D, 0xE6, 0x00, 0x00, 0xBF, 0xA0, 0x00, 0x00, 0x00, 0x00, 0x00, 0x00, 0xEF, 0xFF, 0x10, 0x07,
    0xFF, 0xF7, 0x00, 0x00, 0x00, 0x00, 0x00, 0x00, 0xEF, 0xFF, 0x00, 0x07, 0xFF, 0xF7, 0x00, 0x00,
    0x00, 0x00, 0x00, 0x00, 0x4D, 0xE6, 0x00, 0x00, 0xBF, 0xA0, 0x00, 0x00, 0x00, 0x00, 0x00, 0x00,
    0x00, 0x00, 0x00, 0x00, 0x00, 0x00, 0x00, 0x00, 0x00, 0x00, 0x00, 0x00, 0x00, 0x00, 0x00, 0x00,
    0x00, 0x00, 0x00, 0x00, 0x00, 0x00, 0x00, 0x00, 0x00, 0x00, 0x00, 0x00, 0x00, 0x00, 0x00, 0x00,
    0x00, 0x00, 0x00, 0x00, 0x00, 0x00, 0x00, 0x00, 0x00, 0x00, 0x00, 0x00, 0x00, 0x00, 0x00, 0x00,
    0x03, 0x8C, 0xEF, 0xFD, 0xB6, 0x10, 0x00, 0x00, 0x00, 0x00, 0x00, 0x03, 0xCF, 0xFF, 0xFF, 0xFF,
    0xFF, 0xF8, 0x00, 0x00, 0x00, 0x00, 0x00, 0x7F, 0xFF, 0xFF, 0xED, 0xEF, 0xFF, 0xFF, 0xD2, 0x00,
    0x00, 0x00, 0x08, 0xFF, 0xFF, 0x82, 0x00, 0x00, 0x4B, 0xFF, 0xFE, 0x20, 0x00, 0x00, 0x5F, 0xFF,
    0xC1, 0x00, 0x00, 0x00, 0x00, 0x5F, 0xFF, 0xD0, 0x00, 0x01, 0xEF, 0xFC, 0x00, 0x00, 0x00, 0x00,
    0x00, 0x04, 0xFF, 0xF8, 0x00, 0x08, 0xFF, 0xF1, 0x00, 0x00, 0x00, 0x00, 0x00, 0x00, 0x8F, 0xFF,
    0x10, 0x0E, 0xFF, 0x70, 0x00, 0x00, 0x00, 0x00, 0x00, 0x00, 0x0E, 0xFF, 0x70, 0x4F, 0xFF, 0x10,
    0x00, 0x00, 0x00, 0x00, 0x00, 0x00, 0x09, 0xFF, 0xC0, 0x8F, 0xFC, 0x00, 0x00, 0x00, 0x00, 0x00,
    0x00, 0x00, 0x04, 0xFF, 0xF0, 0xAF, 0xF9, 0x00, 0x00, 0x00, 0x00, 0x00, 0x00, 0x00, 0x01, 0xFF,
    0xF3, 0xCF, 0xF7, 0x00, 0x00, 0x00, 0x00, 0x00, 0x00, 0x00, 0x00, 0xFF, 0xF5, 0xDF, 0xF6, 0x00,
    0x00, 0x00, 0x00, 0x00, 0x00, 0x00, 0x00, 0xEF, 0xF5, 0xDF, 0xF6, 0x00, 0x00, 0x00, 0x00, 0x00,
    0x00, 0x00, 0x00, 0xEF, 0xF5, 0xCF, 0xF7, 0x00, 0x00, 0x00, 0x00, 0x00, 0x00, 0x00, 0x00, 0xFF,
    0xF5, 0xAF, 0xF9, 0x00, 0x00, 0x00, 0x00, 0x00, 0x00, 0x00, 0x01, 0xFF, 0xF3, 0x8F, 0xFC, 0x00,
    0x00, 0x00, 0x00, 0x00, 0x00, 0x00, 0x04, 0xFF, 0xF0, 0x4F, 0xFF, 0x10, 0x00, 0x00, 0x00, 0x00,
    0x00, 0x00, 0x08, 0xFF, 0xC0, 0x0E, 0xFF, 0x70, 0x00, 0x00, 0x00, 0x00, 0x00, 0x00, 0x0E, 0xFF,
    0x70, 0x08, 0xFF, 0xF1, 0x00, 0x00, 0x00, 0x00, 0x00, 0x00, 0x8F, 0xFF, 0x10, 0x01, 0xEF, 0xFC,
    0x00, 0x00, 0x00, 0x00, 0x00, 0x04, 0xFF, 0xF8, 0x00, 0x00, 0x5F, 0xFF, 0xC1, 0x00, 0x00, 0x00,
    0x00, 0x5F, 0xFF, 0xD0, 0x00, 0x00, 0x08, 0xFF, 0xFE, 0x82, 0x00, 0x00, 0x4B, 0xFF, 0xFE, 0x20,
    0x00, 0x00, 0x00, 0x7F, 0xFF, 0xFF, 0xED, 0xDF, 0xFF, 0xFF, 0xD2, 0x00, 0x00, 0x00, 0x00, 0x03,
    0xCF, 0xFF, 0xFF, 0xFF, 0xFF, 0xF8, 0x00, 0x00, 0x00, 0x00, 0x00, 0x00, 0x03, 0x9C, 0xEF, 0xFE,
    0xB6, 0x10, 0x00, 0x00, 0x00, 0x00, 0x00, 0x00, 0x00, 0x01, 0x9E, 0xFD, 0x70, 0x00, 0x00, 0x00,
    0x00, 0x00, 0x00, 0x00, 0x00, 0x1E, 0xFF, 0xFF, 0xFC, 0x00, 0x00, 0x00, 0x00, 0x00, 0x00, 0x00,
    0x00, 0xBF, 0xF6, 0x38, 0xFF, 0x80, 0x00, 0x00, 0x00, 0x00, 0x00, 0x00, 0x01, 0xFF, 0x70, 0x00,
    0xAF, 0xE0, 0x00, 0x00, 0x00, 0x00, 0x00, 0x00, 0x02, 0xFF, 0x40, 0x00, 0x6F, 0xF0, 0x00, 0x00,
    0x00, 0x00, 0x00, 0x00, 0x01, 0xFF, 0x70, 0x00, 0xAF, 0xE0, 0x00, 0x00, 0x00, 0x00, 0x00, 0x00,
    0x00, 0xBF, 0xF6, 0x38, 0xFF, 0x80, 0x00, 0x00, 0x00, 0x00, 0x00, 0x00, 0x00, 0x1E, 0xFF, 0xFF,
    0xFC, 0x00, 0x00, 0x00, 0x00, 0x00, 0x00, 0x00, 0x00, 0x01, 0x9E, 0xFD, 0x70, 0x00, 0x00, 0x00,
    0x00, 0x00, 0x00, 0x00, 0x00, 0x00, 0x00, 0x00, 0x00, 0x00, 0x00, 0x00, 0x00, 0x00, 0x00, 0x00,
    0x00, 0x00, 0xCF, 0xFF, 0x70, 0x00, 0x00, 0x00, 0x00, 0x00, 0x00, 0x00, 0x00, 0x02, 0xFF, 0xFF,
    0xD0, 0x00, 0x00, 0x00, 0x00, 0x00, 0x00, 0x00, 0x00, 0x07, 0xFF, 0xFF, 0xF3, 0x00, 0x00, 0x00,
    0x00, 0x00, 0x00, 0x00, 0x00, 0x0D, 0xFF, 0x9F, 0xF9, 0x00, 0x00, 0x00, 0x00, 0x00, 0x00, 0x00,
    0x00, 0x3F, 0xFD, 0x2F, 0xFE, 0x00, 0x00, 0x00, 0x00, 0x00, 0x00, 0x00, 0x00, 0x9F, 0xF8, 0x0D,
    0xFF, 0x50, 0x00, 0x00, 0x00, 0x00, 0x00, 0x00, 0x00, 0xEF, 0xF3, 0x08, 0xFF, 0xB0, 0x00, 0x00,
    0x00, 0x00, 0x00, 0x00, 0x05, 0xFF, 0xE0, 0x03, 0xFF, 0xF1, 0x00, 0x00, 0x00, 0x00, 0x00, 0x00,
    0x0A, 0xFF, 0x90, 0x00, 0xEF, 0xF7, 0x00, 0x00, 0x00, 0x00, 0x00, 0x00, 0x1F, 0xFF, 0x40, 0x00,
    0x9F, 0xFC, 0x00, 0x00, 0x00, 0x00, 0x00, 0x00, 0x6F, 0xFE, 0x00, 0x00, 0x3F, 0xFF, 0x20, 0x00,
    0x00, 0x00, 0x00, 0x00, 0xCF, 0xF9, 0x00, 0x00, 0x0D, 0xFF, 0x80, 0x00, 0x00, 0x00, 0x00, 0x02,
    0xFF, 0xF3, 0x00, 0x00, 0x08, 0xFF, 0xE0, 0x00, 0x00, 0x00, 0x00, 0x08, 0xFF, 0xE0, 0x00, 0x00,
    0x02, 0xFF, 0xF4, 0x00, 0x00, 0x00, 0x00, 0x0D, 0xFF, 0x80, 0x00, 0x00, 0x00, 0xCF, 0xFA, 0x00,
    0x00, 0x00, 0x00, 0x3F, 0xFF, 0x30, 0x00, 0x00, 0x00, 0x6F, 0xFF, 0x10, 0x00, 0x00, 0x00, 0x9F,
    0xFF, 0xFF, 0xFF, 0xFF, 0xFF, 0xFF, 0xFF, 0x60, 0x00, 0x00, 0x00, 0xFF, 0xFF, 0xFF, 0xFF, 0xFF,
    0xFF, 0xFF, 0xFF, 0xC0, 0x00, 0x00, 0x05, 0xFF, 0xFF, 0xFF, 0xFF, 0xFF, 0xFF, 0xFF, 0xFF, 0xF2,
    0x00, 0x00, 0x0B, 0xFF, 0xC0, 0x00, 0x00, 0x00, 0x00, 0x00, 0xFF, 0xF8, 0x00, 0x00, 0x1F, 0xFF,
    0x70, 0x00, 0x00, 0x00, 0x00, 0x00, 0xAF, 0xFE, 0x00, 0x00, 0x6F, 0xFF, 0x10, 0x00, 0x00, 0x00,
    0x00, 0x00, 0x4F, 0xFF, 0x40, 0x00, 0xCF, 0xFB, 0x00, 0x00, 0x00, 0x00, 0x00, 0x00, 0x0E, 0xFF,
    0x90, 0x02, 0xFF, 0xF5, 0x00, 0x00, 0x00, 0x00, 0x00, 0x00, 0x08, 0xFF, 0xF0, 0x08, 0xFF, 0xF0,
    0x00, 0x00, 0x00, 0x00, 0x00, 0x00, 0x02, 0xFF, 0xF5, 0x0E, 0xFF, 0xA0, 0x00, 0x00, 0x00, 0x00,
    0x00, 0x00, 0x00, 0xCF, 0xFB, 0x00, 0x04, 0xBE, 0xFD, 0x70, 0x00, 0x00, 0x00, 0x9F, 0xFF, 0xFF,
    0xFD, 0x20, 0x00, 0x08, 0xFF, 0xFF, 0xEF, 0xFF, 0xD1, 0x00, 0x2F, 0xFF, 0x50, 0x02, 0xCF, 0xF8,
    0x00, 0x7F, 0xF6, 0x00, 0x00, 0x1E, 0xFE, 0x00, 0xAF, 0xF0, 0x00, 0x00, 0x09, 0xFF, 0x00, 0xAF,
    0xF0, 0x00, 0x00, 0x09, 0xFF, 0x00, 0x8F, 0xF6, 0x00, 0x00, 0x1E, 0xFE, 0x00, 0x2F, 0xFF, 0x50,
    0x02, 0xCF, 0xF8, 0x00, 0x08, 0xFF, 0xFF, 0xEF, 0xFF, 0xE1, 0x00, 0x00, 0x9F, 0xFF, 0xFF, 0xFD,
    0x20, 0x00, 0x00, 0x04, 0xBE, 0xFD, 0x71, 0x00, 0x00,
};

static const glyph_t k_glyphs_36[] = {
    { 0x0020, 0, 0, 0, 0, 10, 0u },
    { 0x0021, 6, 26, 2, 26, 10, 0u },
    { 0x0022, 11, 10, 3, 26, 17, 78u },
    { 0x0023, 23, 26, 0, 26, 23, 138u },
    { 0x0024, 20, 35, 2, 31, 23, 450u },
    { 0x0025, 28, 26, 4, 26, 35, 800u },
    { 0x0026, 22, 26, 1, 26, 23, 1164u },
    { 0x0027, 5, 10, 3, 26, 11, 1450u },
    { 0x0028, 9, 33, 3, 28, 13, 1480u },
    { 0x0029, 9, 33, 1, 28, 13, 1645u },
    { 0x002A, 14, 15, 2, 26, 18, 1810u },
    { 0x002B, 18, 17, 3, 19, 24, 1915u },
    { 0x002C, 6, 10, 2, 3, 10, 2068u },
    { 0x002D, 13, 3, 2, 13, 17, 2098u },
    { 0x002E, 6, 5, 2, 5, 10, 2119u },
    { 0x002F, 13, 32, 0, 28, 13, 2134u },
    { 0x0030, 19, 26, 2, 26, 23, 2358u },
    { 0x0031, 11, 26, 1, 26, 15, 2618u },
    { 0x0032, 18, 26, 2, 26, 22, 2774u },
    { 0x0033, 19, 26, 2, 26, 22, 3008u },
    { 0x0034, 20, 26, 2, 26, 23, 3268u },
    { 0x0035, 18, 26, 2, 26, 21, 3528u },
    { 0x0036, 19, 26, 2, 26, 22, 3762u },
    { 0x0037, 18, 26, 1, 26, 20, 4022u },
    { 0x0038, 19, 26, 2, 26, 22, 4256u },
    { 0x0039, 19, 26, 2, 26, 22, 4516u },
    { 0x003A, 6, 19, 2, 19, 10, 4776u },
    { 0x003B, 7, 26, 2, 19, 11, 4833u },
    { 0x003C, 17, 20, 3, 20, 24, 4937u },
    { 0x003D, 17, 11, 3, 16, 24, 5117u },
    { 0x003E, 17, 20, 4, 20, 24, 5216u },
    { 0x003F, 16, 26, 1, 26, 18, 5396u },
    { 0x0040, 31, 33, 2, 26, 35, 5604u },
    { 0x0041, 24, 26, 0, 26, 25, 6132u },
    { 0x0042, 19, 26, 3, 26, 24, 6444u },
    { 0x0043, 23, 26, 2, 26, 26, 6704u },
    { 0x0044, 21, 26, 3, 26, 26, 7016u },
    { 0x0045, 17, 26, 3, 26, 22, 7302u },
    { 0x0046, 16, 26, 3, 26, 21, 7536u },
    { 0x0047, 23, 26, 2, 26, 27, 7744u },
    { 0x0048, 21, 26, 3, 26, 27, 8056u },
    { 0x0049, 4, 26, 3, 26, 10, 8342u },
    { 0x004A, 17, 26, 1, 26, 21, 8394u },
    { 0x004B, 21, 26, 3, 26, 24, 8628u },
    { 0x004C, 16, 26, 3, 26, 20, 8914u },
    { 0x004D, 27, 26, 3, 26, 33, 9122u },
    { 0x004E, 21, 26, 3, 26, 27, 9486u },
    { 0x004F, 24, 26, 2, 26, 28, 9772u },
    { 0x0050, 19, 26, 3, 26, 23, 10084u },
    { 0x0051, 24, 28, 2, 26, 28, 10344u },
    { 0x0052, 20, 26, 3, 26, 23, 10680u },
    { 0x0053, 20, 26, 2, 26, 23, 10940u },
    { 0x0054, 21, 26, 1, 26, 23, 11200u },
    { 0x0055, 21, 26, 3, 26, 27, 11486u },
    { 0x0056, 24, 26, 0, 26, 25, 11772u },
    { 0x0057, 35, 26, 0, 26, 35, 12084u },
    { 0x0058, 23, 26, 1, 26, 25, 12552u },
    { 0x0059, 24, 26, 0, 26, 24, 12864u },
    { 0x005A, 19, 26, 2, 26, 23, 13176u },
    { 0x005B, 8, 33, 3, 28, 13, 13436u },
    { 0x005C, 13, 32, 0, 28, 13, 13568u },
    { 0x005D, 8, 33, 2, 28, 13, 13792u },
    { 0x005E, 15, 11, 1, 25, 17, 13924u },
    { 0x005F, 17, 3, 0, 0, 16, 14012u },
    { 0x0060, 7, 5, 2, 27, 12, 14039u },
    { 0x0061, 17, 20, 1, 20, 20, 14059u },
    { 0x0062, 19, 26, 2, 26, 22, 14239u },
    { 0x0063, 18, 20, 1, 20, 21, 14499u },
    { 0x0064, 19, 26, 1, 26, 22, 14679u },
    { 0x0065, 19, 20, 1, 20, 21, 14939u },
    { 0x0066, 13, 28, 0, 28, 13, 15139u },
    { 0x0067, 19, 27, 1, 20, 22, 15335u },
    { 0x0068, 17, 26, 2, 26, 21, 15605u },
    { 0x0069, 5, 27, 2, 27, 9, 15839u },
    { 0x006A, 8, 34, -1, 27, 9, 15920u },
    { 0x006B, 18, 26, 2, 26, 20, 16056u },
    { 0x006C, 4, 26, 2, 26, 9, 16290u },
    { 0x006D, 27, 20, 2, 20, 32, 16342u },
    { 0x006E, 17, 20, 2, 20, 21, 16622u },
    { 0x006F, 19, 20, 1, 20, 22, 16802u },
    { 0x0070, 19, 27, 2, 20, 22, 17002u },
    { 0x0071, 19, 27, 1, 20, 22, 17272u },
    { 0x0072, 11, 20, 2, 20, 14, 17542u },
    { 0x0073, 17, 20, 1, 20, 19, 17662u },
    { 0x0074, 12, 25, 0, 25, 12, 17842u },
    { 0x0075, 17, 20, 2, 20, 21, 17992u },
    { 0x0076, 19, 20, 1, 20, 20, 18172u },
    { 0x0077, 28, 20, 1, 20, 29, 18372u },
    { 0x0078, 18, 20, 1, 20, 20, 18652u },
    { 0x0079, 19, 27, 1, 20, 20, 18832u },
    { 0x007A, 16, 20, 2, 20, 20, 19102u },
    { 0x007B, 12, 33, 2, 28, 15, 19262u },
    { 0x007C, 4, 43, 4, 35, 12, 19460u },
    { 0x007D, 11, 33, 2, 28, 15, 19546u },
    { 0x007E, 19, 7, 2, 14, 24, 19744u },
    { 0x00B0, 13, 12, 2, 27, 16, 21845u },
    { 0x00C4, 24, 34, 0, 34, 25, 20597u },
    { 0x00C5, 24, 36, 0, 36, 25, 21413u },
    { 0x00D6, 24, 34, 2, 34, 28, 21005u },
    { 0x00E4, 17, 27, 1, 27, 20, 19814u },
    { 0x00E5, 17, 30, 1, 30, 20, 20327u },
    { 0x00F6, 19, 27, 1, 27, 22, 20057u },
};

const font_t font_inter_36 = { 36, 35, 9, 44, 102, k_glyphs_36, k_bitmap_36 };
